customerid,complaint_date,escalations,csat_score,comment,complaint_count
0927-CFIUR,2024-01-01,No,92,app not working,1
9511-YOAVD,2024-01-01,Unknown,9,demaned refund,1
9685-OTWRW,2024-01-01,Yes,26,received refund,1
1345-WXCMD,2025-01-01,No,50,requested callback,1
8629-HGAUI,2025-01-01,Yes,52,demaned refund,1
1538-IOUES,2023-01-02,Unknown,11,demaned refund,1
3362-IGHUF,2025-01-02,Unknown,15,demaned refund,1
6146-VPQZE,2025-01-03,Yes,32,No comment,1
5324-TCJXB,2023-01-04,Yes,18,guidance to renew,1
1226-EOBBT,2023-01-04,Yes,24,service issue,1
7854-LGIKE,2024-01-04,No,71,received refund,1
5174-XROVX,2024-01-08,Unknown,91,happy with service,1
3186-OCPDQ,2024-01-09,Unknown,91,demaned refund,1
4294-IDKHJ,2023-01-10,No,54,requested callback,1
1617-ZNAYI,2023-01-10,No,73,demaned refund,1
7798-VQDXT,2023-01-10,Yes,38,received refund,1
2612-KMCRA,2023-01-11,No,31,app not working,1
0575-HHDWR,2025-01-12,No,9,app not working,1
5601-AINHN,2025-02-03,No,79,billing complaint,1
8539-GNFWF,2024-02-05,Yes,91,No comment,1
5007-GQJNX,2023-02-06,Yes,53,No comment,1
1927-PBSRV,2025-02-06,Yes,3,happy with service,1
2419-OLBON,2023-02-08,Yes,4,No comment,1
0407-GUVYZ,2023-02-09,Yes,72,No comment,1
8580-RUBIT,2024-02-10,Yes,7,demaned refund,1
7308-DKBDQ,2025-02-12,No,38,app not working,1
0334-WNCXW,2025-02-12,Yes,49,happy with service,1
9233-ADJRW,2024-03-01,Yes,23,demaned refund,1
4811-CGOOQ,2025-03-01,No,97,No comment,1
1239-PFVUR,2024-03-02,No,59,No comment,1
3725-HFSCM,2024-03-03,Yes,20,billing complaint,1
8042-QJPKT,2023-03-08,No,57,service issue,1
4035-CPWAT,2024-03-08,Yes,97,service issue,1
9392-UBQJU,2024-03-08,No,63,No comment,1
8141-SERZV,2024-03-09,Yes,2,service issue,1
1602-ZKPAO,2024-03-10,No,35,service issue,1
7170-VBAZI,2025-03-11,No,67,No comment,1
4613-PYAYN,2024-03-12,Yes,89,requested callback,1
8647-CCTHV,2023-04-01,Yes,86,No comment,1
8940-NTLBG,2024-04-02,Yes,29,app not working,1
2298-CVAOT,2024-04-04,Yes,49,paymnt failed,1
0281-KAISE,2023-04-05,Yes,7,received refund,1
0436-RTRLX,2024-04-05,Yes,98,guidance to renew,1
3420-PKEIO,2024-04-06,Yes,93,demaned refund,1
4908-SNNCV,2024-04-06,Unknown,61,received refund,1
6224-FRBNZ,2023-04-07,No,55,guidance to renew,1
1590-YNPCA,2024-04-07,No,31,paymnt failed,1
0826-LRSNO,2024-04-08,No,43,No comment,1
5317-ICUIV,2023-04-12,No,3,requested callback,1
8747-JUMTS,2023-05-01,No,45,requested callback,1
5368-NNHYB,2023-05-01,Yes,93,requested callback,1
1411-UYMQW,2025-05-02,Yes,67,requested callback,1
1756-MNUFS,2025-05-04,No,32,No comment,1
4046-AQISZ,2024-05-05,Yes,25,billing complaint,1
1181-VEDES,2023-05-06,Unknown,49,requested callback,1
7449-KZWFZ,2023-05-07,Yes,5,No comment,1
7200-YIKDZ,2023-05-09,Yes,26,requested callback,1
7740-KBVXL,2023-05-11,Yes,59,received refund,1
9056-GAWPY,2025-05-11,No,24,service issue,1
2071-ASOYM,2025-05-11,No,76,happy with service,1
6867-BHKQF,2023-05-12,Yes,54,happy with service,1
4302-YANVQ,2024-05-12,Yes,64,happy with service,1
2554-XRCMW,2025-06-02,Yes,22,No comment,1
6019-GADXU,2024-06-05,No,49,service issue,1
8167-HLMYX,2025-06-05,Yes,64,No comment,1
2565-XOVJB,2023-06-07,No,6,guidance to renew,1
4414-KKUST,2025-06-07,Yes,80,paymnt failed,1
4113-JXIBR,2023-06-08,No,76,billing complaint,1
2968-CDNKR,2025-06-09,No,75,demaned refund,1
4281-YPONR,2025-06-10,Unknown,73,app not working,1
5631-LCAAO,2024-07-05,Yes,98,No comment,1
4826-OTGUQ,2025-07-05,No,82,app not working,1
8034-EMSXV,2023-07-07,No,8,app not working,1
1042-IDZYL,2023-07-07,Yes,77,requested callback,1
2349-MNRCN,2024-08-02,Yes,45,guidance to renew,1
4141-KBBKT,2025-08-02,Yes,23,service issue,1
2330-TLBBW,2023-08-03,No,83,guidance to renew,1
1088-PNRUJ,2023-08-05,No,72,No comment,1
7561-JAVPQ,2025-08-05,Yes,87,app not working,1
4806-VXPFE,2023-08-07,Yes,85,No comment,1
0865-EGYZP,2023-08-07,Yes,99,No comment,1
2932-WRAHA,2025-08-08,No,16,service issue,1
5514-BJXFV,2024-08-09,No,42,No comment,1
8390-GDDLG,2024-08-09,No,53,received refund,1
6898-WHJTF,2025-08-09,Yes,60,demaned refund,1
5269-WDRNM,2025-08-11,Unknown,13,No comment,1
3443-REHVI,2025-08-12,Yes,90,app not working,1
6135-VBVCA,2024-09-01,No,7,billing complaint,1
4891-KRMXI,2023-09-02,Yes,88,billing complaint,1
7959-RGTLW,2024-09-02,Yes,75,happy with service,1
7725-LBNJZ,2024-09-06,Yes,40,requested callback,1
2749-MYSUX,2023-09-08,Yes,56,demaned refund,1
8991-PERLN,2024-09-09,No,44,requested callback,1
2999-IVDIQ,2023-09-10,Yes,4,requested callback,1
1793-EQKQK,2023-09-10,Unknown,47,No comment,1
3439-TLKMZ,2025-09-10,Yes,74,app not working,1
1814-FZIKX,2023-10-01,Yes,0,demaned refund,1
0376-UPPHF,2024-10-01,No,7,demaned refund,1
3103-RJGVV,2025-10-02,Yes,87,received refund,1
5887-TCLNE,2023-10-03,Yes,3,No comment,1
3775-PBBPP,2024-10-03,Unknown,82,happy with service,1
0046-GSCTH,2023-10-04,Yes,28,billing complaint,1
1350-DYNHJ,2024-10-04,Yes,7,service issue,1
6671-HGHKW,2023-10-05,Unknown,31,guidance to renew,1
8246-OKOQS,2023-10-06,No,34,No comment,1
1496-JFVQT,2024-10-06,Yes,38,happy with service,1
6188-HPFLT,2024-10-06,No,37,paymnt failed,1
7208-METOW,2023-10-07,Unknown,13,guidance to renew,1
9064-SOSTK,2025-10-07,Yes,75,service issue,1
6145-PROGO,2023-10-10,Yes,49,paymnt failed,1
1542-HEKTB,2023-10-10,Yes,76,billing complaint,1
6630-QPZUS,2025-10-10,No,29,billing complaint,1
0215-CUHHG,2023-11-02,No,15,No comment,1
0189-JGMTM,2024-11-03,Unknown,96,guidance to renew,1
8506-NRQFO,2023-11-04,No,47,happy with service,1
5181-SXPEU,2024-11-05,No,15,No comment,1
3406-HXFXY,2025-11-08,Yes,28,No comment,1
3505-TZQML,2025-11-08,Yes,18,demaned refund,1
6329-SEKBS,2024-12-01,Unknown,2,No comment,1
5194-MJQBQ,2024-12-01,No,11,app not working,1
4589-JSUMN,2025-12-02,Yes,98,No comment,1
2455-UUBGZ,2025-12-02,Yes,82,app not working,1
3860-QJUQP,2024-12-03,Yes,59,service issue,1
2260-QXHAU,2025-12-05,Unknown,33,billing complaint,1
9342-GGDGF,2024-12-08,Unknown,50,demaned refund,1
9301-YCXPK,2023-12-09,Yes,35,happy with service,1
3351-FMNIB,2025-12-09,No,92,paymnt failed,1
2945-LRFKI,2024-12-10,Yes,72,billing complaint,1
8735-TQHRK,2024-12-10,Yes,76,No comment,1
7668-HMPBB,2025-12-10,No,63,guidance to renew,1
0301-FBGFO,2024-12-11,No,64,No comment,1
4519-RCIXS,2025-12-11,No,88,requested callback,1
5472-CGSVU,2025-12-11,Unknown,73,paymnt failed,1
4911-JMEBD,2023-01-13,Yes,55,guidance to renew,1
4239-BFKFF,2024-01-13,Yes,13,demaned refund,1
0382-EAIIX,2023-02-13,No,73,requested callback,1
7051-AEKWP,2024-02-13,Yes,1,No comment,1
4016-KQARR,2023-03-13,Yes,25,requested callback,1
6855-OPSIH,2025-04-13,No,25,paymnt failed,1
2381-LYXHK,2025-04-13,Yes,85,app not working,1
0673-EQZKQ,2023-06-13,No,74,requested callback,1
0389-JFMGL,2023-06-13,Yes,42,No comment,1
4354-ABEJJ,2023-06-13,Yes,66,app not working,1
2805-VCJGC,2025-06-13,No,13,demaned refund,1
0324-IRPCE,2025-06-13,Unknown,44,billing complaint,1
5316-BZICT,2024-07-13,No,52,service issue,1
0062-CCIZQ,2024-08-13,Unknown,99,happy with service,1
2482-SNMFC,2023-10-13,No,89,demaned refund,1
9014-YUAOS,2024-10-13,No,47,No comment,1
7590-ARETH,2025-12-13,No,34,No comment,1
0488-EGGPD,2024-01-14,Unknown,9,demaned refund,1
4251-NMUVN,2024-01-14,Unknown,2,guidance to renew,1
9067-DCWOY,2025-01-14,Yes,58,service issue,1
0695-CXZXL,2024-02-14,Yes,83,paymnt failed,2
9758-SXKEU,2025-02-14,Yes,40,requested callback,1
5139-IVKEA,2023-04-14,Yes,55,No comment,1
9215-PBYGJ,2024-04-14,Yes,13,billing complaint,1
0543-DDCTU,2023-05-14,No,27,requested callback,1
0596-NQRGU,2025-05-14,No,62,requested callback,1
2654-WSONG,2024-08-14,Unknown,43,received refund,1
8244-CBTHH,2023-09-14,Yes,18,No comment,1
3986-VFAEN,2023-10-14,Yes,86,guidance to renew,1
1959-IEAQR,2024-11-14,Unknown,69,No comment,1
8376-KZVIQ,2024-11-14,Yes,30,demaned refund,1
2085-SQLMA,2025-11-14,No,62,service issue,1
5522-MGKSV,2025-11-14,No,29,paymnt failed,1
8499-AGMWS,2025-11-14,Yes,80,No comment,2
7468-XISGW,2023-12-14,No,33,billing complaint,1
2641-UEFMF,2025-12-14,Yes,83,billing complaint,1
6279-XDIGU,2025-12-14,No,72,happy with service,1
3957-UVGUT,2024-02-15,Yes,18,demaned refund,1
0792-VRMXY,2024-02-15,No,6,No comment,1
5943-EZPNH,2024-02-15,No,54,billing complaint,1
2584-DOSOK,2025-02-15,Yes,98,No comment,1
0737-BGLFW,2025-02-15,Yes,7,requested callback,1
6453-TEKUL,2023-03-15,No,55,app not working,1
4296-DWNDS,2023-05-15,No,27,app not working,1
7398-REYZL,2023-05-15,No,95,No comment,1
0936-CSNPV,2023-06-15,Yes,42,billing complaint,1
0170-RYJSE,2024-06-15,Yes,48,demaned refund,1
1246-CGZKW,2024-06-15,No,65,No comment,1
5352-HINBC,2025-06-15,No,93,No comment,1
8922-XIUAS,2024-07-15,No,40,app not working,1
2253-SLKWT,2024-07-15,Yes,59,service issue,1
6941-KZUGC,2025-07-15,No,29,received refund,1
4478-UERRH,2023-08-15,No,2,happy with service,1
8916-MSVNG,2023-09-15,Unknown,36,received refund,1
4089-PGNOZ,2023-09-15,No,56,demaned refund,1
3696-YIBPJ,2023-10-15,No,24,No comment,1
6680-AAREQ,2023-10-15,No,17,No comment,1
9215-QJANQ,2024-10-15,No,77,happy with service,1
4945-QKWLO,2024-01-16,Unknown,37,No comment,1
3531-WZTYL,2025-02-16,No,12,happy with service,1
3154-XDWBN,2024-03-16,Yes,4,guidance to renew,1
5977-ALIRM,2023-05-16,Yes,32,No comment,1
0176-NPTGS,2025-05-16,Yes,26,billing complaint,1
4191-PVCDF,2025-05-16,Yes,88,requested callback,1
1202-PNDIM,2023-06-16,Yes,19,No comment,1
6427-LKZDQ,2025-06-16,Yes,25,demaned refund,1
9157-JBKAA,2023-07-16,No,49,No comment,1
9500-TKNWI,2024-07-16,No,44,service issue,1
6831-ZQJJN,2025-07-16,No,41,No comment,1
0248-AOTKA,2023-08-16,Yes,34,No comment,2
3313-KWCDQ,2023-09-16,Yes,40,No comment,1
6985-NOMEU,2024-11-16,No,23,requested callback,1
0308-IERFT,2024-12-16,Yes,12,No comment,1
4983-XERZM,2025-12-16,No,45,received refund,1
0523-FYJLD,2024-01-17,Yes,2,requested callback,1
5430-XFLLT,2025-03-17,Yes,86,requested callback,1
5053-BDPAN,2025-05-17,No,72,received refund,1
4010-WRGQO,2024-06-17,No,60,received refund,1
6216-EZSBS,2025-08-17,No,96,No comment,1
7133-MMKPF,2023-10-17,No,1,No comment,1
7421-TBMIL,2025-11-17,Yes,65,guidance to renew,1
0444-DXMGW,2023-01-18,Yes,54,demaned refund,1
4591-YBKFS,2024-02-18,No,71,No comment,1
7102-VXBVY,2023-03-18,Yes,88,No comment,1
9563-MCARU,2023-04-18,Unknown,67,demaned refund,1
9823-FSIOC,2024-05-18,No,57,app not working,1
4636-GZCVV,2024-05-18,Yes,66,No comment,1
6347-VCUKJ,2023-06-18,No,94,app not working,1
4237-PPICO,2024-06-18,Yes,72,demaned refund,1
4354-QXLIU,2025-06-18,Yes,52,received refund,1
3040-GBQDA,2025-07-18,No,66,paymnt failed,1
1672-LEIUL,2023-08-18,No,99,No comment,1
5765-JCDLA,2023-08-18,No,83,happy with service,1
3680-XYXKM,2025-09-18,No,21,No comment,1
0043-LIWMY,2025-10-18,No,22,No comment,1
6689-MJPOG,2025-11-18,No,91,demaned refund,1
8333-LFZHG,2025-12-18,No,60,app not working,1
9285-UHWJV,2024-02-19,Yes,89,demaned refund,1
5973-ELBLI,2023-04-19,No,7,No comment,1
8813-SYOUA,2024-04-19,No,51,happy with service,1
6062-WBJOQ,2024-05-19,Yes,74,paymnt failed,1
7994-XHNGJ,2023-08-19,No,10,No comment,1
3322-CYAUO,2025-09-19,No,14,requested callback,1
3190-KDRVT,2024-10-19,Yes,49,demaned refund,1
8341-HKNUY,2024-10-19,No,50,No comment,1
9303-EHRGC,2024-11-19,Yes,7,demaned refund,1
7025-MMRUR,2023-12-19,Yes,92,No comment,1
1760-YBVKP,2024-02-20,Yes,36,service issue,1
9170-BPCGU,2024-05-20,No,23,app not working,1
7781-PHOJK,2025-05-20,No,62,app not working,1
0730-VCKYE,2023-06-20,No,87,billing complaint,1
2459-KHOLR,2024-10-20,No,58,No comment,1
6307-HTEHY,2025-10-20,No,75,paymnt failed,1
4610-RVRNG,2023-11-20,Yes,9,app not working,1
6348-RPVRH,2024-11-20,Unknown,42,demaned refund,1
6102-DGNNH,2024-12-20,No,59,billing complaint,1
3150-VJLDC,2024-12-20,Yes,12,demaned refund,1
4932-DCDVR,2023-01-01,Yes,9,No comment,1
5394-DLZVW,2023-01-01,Yes,80,app not working,2
3029-XDMAW,2023-01-01,Yes,89,paymnt failed,1
3040-IBXII,2023-01-01,No,85,No comment,1
0907-HQHPO,2023-01-01,Yes,51,No comment,2
0515-ZCMCI,2023-01-01,No,7,No comment,2
5672-BPIOY,2023-01-01,No,15,service issue,1
2626-APQGY,2023-01-01,No,58,requested callback,1
0686-KFCBN,2023-01-01,Unknown,44,requested callback,1
4225-JXRAB,2023-01-01,No,16,app not working,2
3764-OERNQ,2023-01-01,Unknown,10,requested callback,1
6672-JMYKB,2023-01-02,No,89,guidance to renew,1
9725-LEYCG,2023-01-02,No,49,demaned refund,1
0927-QEPMO,2023-01-02,No,74,happy with service,1
8003-BXOSR,2023-01-02,Yes,44,No comment,1
3298-MMLBH,2023-01-02,Yes,61,service issue,1
8547-LATRC,2023-01-02,Yes,24,guidance to renew,1
6909-QQPBW,2023-01-02,No,99,app not working,1
6107-AXZCX,2023-01-02,No,9,requested callback,2
3296-GFULU,2023-01-02,No,8,No comment,1
0947-XDDKO,2023-01-02,Yes,1,No comment,1
1951-PONER,2023-01-02,Yes,65,paymnt failed,1
4602-LXQFL,2023-01-03,Unknown,14,requested callback,1
9129-DRMUU,2023-01-03,No,31,No comment,1
9508-JGXPG,2023-01-03,No,8,billing complaint,1
1418-XLFKZ,2023-01-03,No,13,paymnt failed,1
6431-TGWXO,2023-01-03,Yes,2,received refund,2
4062-YPOAU,2023-01-03,Yes,90,demaned refund,1
1578-UDOMO,2023-01-03,Unknown,37,paymnt failed,1
9633-IEQSR,2023-01-03,No,22,paymnt failed,1
8479-VDBKG,2023-01-03,Yes,81,happy with service,2
4817-RGRZA,2023-01-03,No,55,app not working,1
2205-NRXFY,2023-01-03,Yes,1,happy with service,1
2532-WTYKV,2023-01-03,Yes,57,app not working,1
8474-UEONT,2023-01-03,Unknown,24,No comment,2
5489-DUTVB,2023-01-04,Yes,75,service issue,1
8487-TLXXC,2023-01-04,No,88,guidance to renew,1
6676-OKZEQ,2023-01-04,Yes,10,guidance to renew,1
0679-MBQAV,2023-01-04,Yes,25,happy with service,1
8062-BWZFF,2023-01-04,No,33,received refund,1
3689-OJGGC,2023-01-04,Unknown,78,No comment,1
4918-AUBCP,2023-01-04,Unknown,62,No comment,2
8436-JXFMD,2023-01-04,Yes,18,requested callback,1
6872-BVBPK,2023-01-04,No,55,app not working,1
8990-IKPMM,2023-01-04,Unknown,26,No comment,1
3461-LGESL,2023-01-04,No,75,received refund,1
7353-WAHNJ,2023-01-04,Unknown,94,guidance to renew,1
5755-RGUCH,2023-01-05,Yes,48,No comment,1
9244-TYZPN,2023-01-05,Unknown,6,service issue,1
4910-AROIU,2023-01-05,No,88,guidance to renew,1
7369-PJNNO,2023-01-05,Unknown,49,No comment,1
4732-ENAJR,2023-01-05,Yes,95,billing complaint,1
6458-OOCQY,2023-01-05,Yes,5,requested callback,2
9054-YORCA,2023-01-05,Unknown,27,app not working,1
9131-CEEFO,2023-01-05,Yes,61,requested callback,2
8527-RPOSA,2023-01-05,Unknown,56,No comment,1
1067-GSFYJ,2023-01-05,Yes,48,happy with service,1
6637-ENTOX,2023-01-06,Yes,87,paymnt failed,1
8431-SEKOH,2023-01-06,Yes,64,No comment,1
3310-DVDTO,2023-01-06,Yes,49,requested callback,2
6069-VQMXJ,2023-01-06,No,22,guidance to renew,1
9803-FLCBL,2023-01-06,Yes,20,billing complaint,1
9991-QFKEQ,2023-01-06,No,60,No comment,1
6475-ODTGP,2023-01-06,No,68,received refund,1
6758-HUNEL,2023-01-06,No,76,No comment,2
5527-GBPJM,2023-01-06,Yes,49,paymnt failed,1
9568-LMYJG,2023-01-06,No,69,received refund,1
5977-DCMPS,2023-01-06,No,20,demaned refund,1
2858-HTPYQ,2023-01-06,No,63,requested callback,1
0714-UZAQO,2023-01-06,No,35,guidance to renew,2
2254-PDTJZ,2023-01-06,Yes,33,requested callback,1
9730-ZFPAN,2023-01-06,Yes,22,billing complaint,1
0294-LGQUN,2023-01-06,Yes,62,received refund,1
5829-UPYIH,2023-01-06,No,92,service issue,2
7183-GSYRC,2023-01-06,Yes,29,No comment,1
6204-LQLJP,2023-01-06,Unknown,17,requested callback,1
9376-HIWVH,2023-01-06,No,44,No comment,1
0185-HXFLM,2023-01-06,Yes,14,demaned refund,1
8553-UKXPS,2023-01-06,No,49,paymnt failed,1
7275-TQXMX,2023-01-06,Yes,66,No comment,2
2141-NGNXB,2023-01-07,No,41,received refund,1
4878-REWRY,2023-01-07,Yes,82,billing complaint,1
9022-DHHMG,2023-01-07,Yes,82,guidance to renew,1
6481-TRFFM,2023-01-07,Yes,21,paymnt failed,2
8355-DWSOA,2023-01-07,No,71,happy with service,2
0326-MPYZD,2023-01-07,Yes,29,No comment,1
3096-JIQUL,2023-01-07,Yes,21,No comment,1
8630-JDLKG,2023-01-07,No,32,service issue,1
5465-TWZDD,2023-01-07,Yes,63,demaned refund,1
0709-BUGOW,2023-01-08,Yes,92,No comment,1
2175-ZFURF,2023-01-08,No,96,guidance to renew,1
0625-TGVOT,2023-01-08,No,43,billing complaint,1
3091-LGKBN,2023-01-08,No,25,paymnt failed,1
9565-BITCB,2023-01-08,No,18,No comment,1
6865-JBESA,2023-01-08,Yes,55,service issue,1
8280-GYNQF,2023-01-08,Yes,60,service issue,1
2259-FXWPU,2023-01-08,Yes,26,No comment,2
4440-OZASY,2023-01-08,Yes,78,received refund,1
6572-BLNMO,2023-01-08,Yes,49,received refund,1
0157-XRWWN,2023-01-08,Yes,68,requested callback,1
1964-DLHGL,2023-01-08,Unknown,84,No comment,1
8948-SBJLL,2023-01-08,No,88,app not working,1
7614-VXMRD,2023-01-08,Yes,75,billing complaint,1
2509-EBNFG,2023-01-08,Yes,49,No comment,1
1081-FDRRV,2023-01-08,Unknown,36,No comment,1
5621-DWKTZ,2023-01-08,No,55,requested callback,1
9088-OURCO,2023-01-08,No,30,demaned refund,2
5306-XHHXA,2023-01-08,Yes,29,requested callback,1
0749-AKPZD,2023-01-08,Yes,95,billing complaint,1
7720-QCCOC,2023-01-08,Yes,66,received refund,1
1218-ZPFQH,2023-01-08,No,82,requested callback,2
9070-AUWLG,2023-01-09,No,6,billing complaint,1
9353-TYMAI,2023-01-09,No,41,app not working,1
6268-EWPCZ,2023-01-09,No,92,No comment,1
7070-CWUJU,2023-01-09,Unknown,97,requested callback,2
0173-CFWXW,2023-01-09,Yes,42,No comment,1
0670-DCHXX,2023-01-09,No,9,happy with service,1
2779-KMBAY,2023-01-09,Yes,77,happy with service,1
5838-LDLSV,2023-01-09,Yes,96,requested callback,1
9346-PSSPY,2023-01-09,No,12,billing complaint,1
9184-JLXFE,2023-01-09,No,75,guidance to renew,1
8602-SMYNW,2023-01-09,Yes,60,requested callback,1
0247-IJLIP,2023-01-09,Unknown,12,requested callback,1
1474-EWIZP,2023-01-09,No,41,service issue,2
4728-TCMYY,2023-01-09,Yes,83,app not working,2
0490-ZQHEI,2023-01-10,Yes,48,No comment,1
6537-BRKOD,2023-01-10,No,19,requested callback,1
8930-EQZEY,2023-01-10,No,87,paymnt failed,1
2174-WFRUN,2023-01-10,Yes,95,app not working,1
6115-YDKLG,2023-01-10,No,41,service issue,1
2545-DGBUQ,2023-01-10,No,15,No comment,1
9770-CHITC,2023-01-10,No,25,paymnt failed,1
6052-WVPPE,2023-01-10,No,85,received refund,1
4316-CEACM,2023-01-10,No,79,app not working,1
3683-HZYDK,2023-01-10,No,82,happy with service,2
6559-FRXRA,2023-01-10,Yes,51,service issue,1
5876-FVJHQ,2023-01-10,Yes,53,service issue,1
7504-NRFAX,2023-01-10,Yes,23,service issue,1
8247-IKDZG,2023-01-10,Yes,83,requested callback,1
2560-NLVLD,2023-01-10,No,4,received refund,1
4505-FIGMR,2023-01-11,No,14,demaned refund,1
0883-DRCDK,2023-01-11,Yes,25,app not working,1
4830-LFTLY,2023-01-11,Yes,7,No comment,1
1049-VNQRV,2023-01-11,No,32,No comment,1
6811-BKGKP,2023-01-11,No,20,No comment,1
6596-MBMFQ,2023-01-11,No,30,No comment,1
4980-WXJLO,2023-01-11,No,87,No comment,1
2103-YROHR,2023-01-11,Yes,49,requested callback,1
5950-TBNKH,2023-01-11,No,52,paymnt failed,1
2595-TQKZK,2023-01-11,No,63,requested callback,1
6408-ZBGIJ,2023-01-11,Yes,25,received refund,2
9856-EIXHV,2023-01-11,No,51,demaned refund,2
2347-XYCCI,2023-01-11,Yes,31,demaned refund,1
8349-VTYMT,2023-01-11,Unknown,33,requested callback,1
9428-KWTUT,2023-01-11,Yes,9,No comment,1
0052-WIAUD,2023-01-11,Yes,32,happy with service,2
4057-LSSOO,2023-01-11,No,28,paymnt failed,2
9229-VWVMJ,2023-01-11,Yes,56,No comment,1
9860-RUOMJ,2023-01-11,No,18,app not working,2
8218-SGICG,2023-01-12,Yes,49,app not working,1
6768-AIEZQ,2023-01-12,Yes,84,app not working,1
3236-ZNHLL,2023-01-12,No,48,guidance to renew,1
2355-QHLKS,2023-01-12,Yes,67,No comment,1
8177-AEFZD,2023-01-12,No,59,guidance to renew,1
1439-TOCLT,2023-01-12,No,13,billing complaint,1
7344-KEEBE,2023-01-12,Yes,11,requested callback,1
8399-PJYPU,2023-01-12,Unknown,14,guidance to renew,1
7817-OAAAW,2023-01-12,No,6,happy with service,1
4092-MULFO,2023-01-12,Yes,5,service issue,2
6615-LFWMT,2023-01-12,No,74,requested callback,1
9140-APAOG,2023-01-12,Yes,42,service issue,2
3337-ZFGQL,2023-01-13,No,29,billing complaint,1
5713-ZHPOQ,2023-01-13,No,49,No comment,1
5000-TJZGD,2023-01-13,Unknown,38,guidance to renew,1
4274-EGGXJ,2023-01-13,No,66,paymnt failed,1
1710-KYKMG,2023-01-13,No,79,requested callback,1
4372-ITEUK,2023-01-13,No,12,app not working,1
0390-KHPKX,2023-01-13,No,92,No comment,2
6732-QUOEH,2023-01-13,Yes,75,app not working,2
1483-CQCFX,2023-01-13,Unknown,92,paymnt failed,2
5466-UZLBD,2023-01-13,Yes,95,app not working,1
4137-UJHOX,2023-01-13,Yes,99,happy with service,2
5828-YWKIM,2023-01-13,No,73,app not working,1
6701-CLFVK,2023-01-13,No,67,app not working,2
3738-XOIOO,2023-01-13,No,11,No comment,2
6435-YXQZT,2023-01-13,No,79,demaned refund,2
6737-VFJWR,2023-01-14,Yes,93,billing complaint,1
4278-AQBZL,2023-01-14,No,72,No comment,1
8140-AFKMK,2023-01-14,No,82,service issue,1
4104-THFXO,2023-01-14,No,47,service issue,1
9004-XLEQR,2023-01-14,No,24,received refund,1
6364-ERUEX,2023-01-14,No,89,happy with service,2
4813-AUVOH,2023-01-14,No,32,guidance to renew,1
8284-BBOPZ,2023-01-14,No,48,No comment,1
5117-DJBIA,2023-01-14,Yes,98,No comment,1
8602-HAMWX,2023-01-14,No,14,billing complaint,1
2348-GGYGB,2023-01-14,Yes,22,demaned refund,1
0356-NKYWR,2023-01-14,Yes,59,happy with service,1
4692-TWOAR,2023-01-14,No,91,happy with service,1
5377-ZPTZA,2023-01-14,No,31,happy with service,1
5887-CZMLG,2023-01-14,Yes,56,received refund,1
9444-VAXMI,2023-01-14,Yes,19,No comment,2
2999-UNHXO,2023-01-14,Unknown,34,billing complaint,1
8921-QEGJB,2023-01-14,No,39,received refund,1
1506-AZGXB,2023-01-15,Yes,92,paymnt failed,1
2281-ECLKB,2023-01-15,Yes,13,No comment,1
5913-WQOTT,2023-01-15,No,71,paymnt failed,1
0581-KFXTY,2023-01-15,No,42,app not working,1
7616-KQLGW,2023-01-15,No,84,paymnt failed,1
0678-CHVXR,2023-01-15,Unknown,97,No comment,1
0158-TWYSW,2023-01-15,Yes,54,billing complaint,1
0660-XVFLO,2023-01-15,Unknown,46,requested callback,1
0381-TBEPU,2023-01-15,Unknown,4,No comment,1
4365-LVUOP,2023-01-15,No,98,service issue,1
5304-SZOUY,2023-01-15,Yes,55,billing complaint,1
1960-SVIOZ,2023-01-15,No,83,guidance to renew,2
1917-RTVSD,2023-01-15,Yes,45,app not working,1
6307-HGDIV,2023-01-15,Yes,16,service issue,1
0723-LWCOB,2023-01-15,No,63,happy with service,1
5084-PSPEJ,2023-01-15,Yes,53,No comment,1
7828-BAFUI,2023-01-15,Unknown,55,No comment,1
8829-WTANP,2023-01-15,Unknown,38,app not working,1
6802-GVRBZ,2023-01-15,No,88,No comment,1
9411-GHSQV,2023-01-16,No,74,No comment,1
3554-CJMSN,2023-01-16,No,85,No comment,1
6119-MZCAP,2023-01-16,Yes,76,billing complaint,1
4483-ENYOR,2023-01-16,No,87,No comment,1
2281-MOSAY,2023-01-16,Yes,74,received refund,2
1105-HAUTN,2023-01-16,No,44,guidance to renew,1
7332-DDWGL,2023-01-16,No,87,No comment,2
5107-CQQTK,2023-01-16,Yes,85,app not working,1
4122-FCTRV,2023-01-16,Yes,47,happy with service,1
8374-OPOYM,2023-01-16,No,49,happy with service,1
2785-XMRCP,2023-01-16,Yes,9,requested callback,2
0658-ZFSRP,2023-01-16,No,51,received refund,2
2826-TVRNV,2023-01-16,No,91,happy with service,1
7853-GRDWZ,2023-01-16,Yes,49,No comment,1
2972-NQUQM,2023-01-17,Unknown,2,received refund,1
9806-AMRKG,2023-01-17,No,68,app not working,1
6474-BHGED,2023-01-17,No,36,app not working,1
2344-KYXLA,2023-01-17,No,2,No comment,1
9500-QQTBT,2023-01-17,No,85,service issue,1
3781-PLTIW,2023-01-17,Unknown,82,No comment,1
3464-XDZUM,2023-01-17,No,12,billing complaint,1
5861-PRHSO,2023-01-17,Unknown,64,guidance to renew,1
1761-DWIHP,2023-01-17,No,1,No comment,1
0144-ERPOE,2023-01-17,Yes,38,No comment,1
6747-HZXDW,2023-01-17,Yes,18,requested callback,2
8976-YWAYD,2023-01-17,Unknown,30,received refund,1
5636-DJWIG,2023-01-17,Yes,93,demaned refund,1
6073-AMGBG,2023-01-17,No,62,happy with service,1
2120-KYOGZ,2023-01-17,Yes,52,No comment,1
2207-BDASW,2023-01-17,No,35,No comment,1
9561-RDION,2023-01-18,No,93,service issue,1
5330-XTEKB,2023-01-18,No,39,demaned refund,1
9816-QQNCM,2023-01-18,No,2,No comment,1
9628-WYJTS,2023-01-18,No,90,No comment,1
6551-FKTBF,2023-01-18,No,24,No comment,1
5941-VCISE,2023-01-18,Yes,90,billing complaint,1
3531-MHCOH,2023-01-18,No,56,No comment,1
4455-ZDVQD,2023-01-18,No,52,received refund,2
9462-NWNBY,2023-01-18,No,8,app not working,2
9132-XHEKL,2023-01-18,Yes,1,happy with service,1
0417-LSLTR,2023-01-18,Yes,65,No comment,1
8319-HAPJV,2023-01-18,Yes,49,demaned refund,2
6304-FAWDV,2023-01-18,No,57,app not working,1
8326-RJYIZ,2023-01-18,No,84,No comment,1
2190-LPRXH,2023-01-18,No,71,demaned refund,2
8575-SCYFH,2023-01-18,No,70,No comment,2
7530-WUZCG,2023-01-19,Unknown,49,happy with service,2
4108-RUEPB,2023-01-19,No,45,No comment,1
6172-KDMVA,2023-01-19,No,54,requested callback,1
1562-PUEXO,2023-01-19,Yes,58,No comment,2
7054-LFSTF,2023-01-19,No,94,happy with service,1
3470-CXKEV,2023-01-19,No,91,billing complaint,1
8850-AXGIN,2023-01-19,Yes,37,happy with service,1
3396-YGTWK,2023-01-19,No,90,demaned refund,1
2984-EEVNK,2023-01-19,No,49,service issue,1
5293-CGEJH,2023-01-19,No,74,received refund,2
3873-OVREY,2023-01-19,Yes,7,billing complaint,2
9471-TNLQJ,2023-01-19,Yes,94,service issue,1
6595-LRJFQ,2023-01-19,No,9,guidance to renew,1
8532-LEAZK,2023-01-19,Yes,89,guidance to renew,1
0519-JZJUQ,2023-01-19,Yes,51,app not working,1
6376-DFHAH,2023-01-19,Yes,67,No comment,1
6848-UFNKO,2023-01-19,Yes,71,guidance to renew,2
0102-XWFFD,2023-01-20,Unknown,47,guidance to renew,2
7792-YRLPG,2023-01-20,Yes,77,happy with service,1
6910-MTJHX,2023-01-20,Yes,46,happy with service,1
4367-ROPQG,2023-01-20,No,81,received refund,1
4634-ZVXPV,2023-01-20,Yes,82,billing complaint,2
1425-MAMJH,2023-01-20,No,49,paymnt failed,1
6299-ZAIFD,2023-01-20,No,63,requested callback,1
4323-OWLME,2023-01-20,Yes,64,received refund,1
7865-LQQKC,2023-01-20,Yes,54,demaned refund,1
5331-XAGCP,2023-01-20,No,53,No comment,1
5853-HKQEN,2023-01-20,Yes,23,service issue,1
5838-KSVGX,2023-01-20,Yes,8,paymnt failed,3
1630-TDFNR,2023-01-20,No,10,requested callback,1
3469-XURYJ,2023-01-20,Yes,29,requested callback,1
1059-LJKZA,2023-01-20,Yes,36,service issue,1
1174-YSGNX,2023-01-20,Yes,27,app not working,1
5697-XMUCH,2023-01-21,Yes,92,paymnt failed,1
0847-ZXJKR,2023-01-21,No,27,No comment,1
2997-GLSXA,2023-01-21,Yes,62,No comment,1
1783-AJGQP,2023-01-21,Unknown,9,service issue,1
6565-HBZRI,2023-01-21,No,79,demaned refund,1
5408-ZZGGG,2023-01-21,No,20,demaned refund,1
7137-MKLBN,2023-01-21,Yes,43,No comment,2
2278-QHDUZ,2023-01-21,No,37,guidance to renew,1
4337-LGVPM,2023-01-21,Yes,98,paymnt failed,2
1151-VCWQT,2023-01-21,No,22,No comment,1
2959-OGODT,2023-01-21,Yes,17,No comment,1
6224-HSKYW,2023-01-21,No,49,billing complaint,1
9881-HGDKQ,2023-01-21,Yes,67,demaned refund,1
0193-AOPMO,2023-01-22,No,84,demaned refund,1
7304-KOPDI,2023-01-22,Yes,54,billing complaint,2
6386-JJTEZ,2023-01-22,Unknown,38,paymnt failed,1
5955-XJRPX,2023-01-22,Yes,22,No comment,1
2136-KLUDZ,2023-01-22,No,46,app not working,1
6069-AHWMQ,2023-01-22,Yes,42,guidance to renew,1
9380-JNGFD,2023-01-22,Yes,56,app not working,1
2245-LNTTX,2023-01-22,No,31,billing complaint,1
8176-QCNDN,2023-01-22,Unknown,44,guidance to renew,1
1263-EEBTP,2023-01-22,Yes,49,billing complaint,1
3129-DDEME,2023-01-22,No,9,requested callback,1
4026-VGZSR,2023-01-22,Yes,97,paymnt failed,1
2498-CIIKT,2023-01-22,Yes,74,demaned refund,1
4454-JGDLD,2023-01-22,No,50,No comment,1
6311-RPBWR,2023-01-22,Unknown,73,app not working,1
7502-ZBHVT,2023-01-22,No,84,No comment,1
9531-JHGXK,2023-01-23,No,53,service issue,1
9801-EFORP,2023-01-23,No,26,paymnt failed,1
9467-GKVJF,2023-01-23,No,83,received refund,1
3610-RNOQB,2023-01-23,No,3,received refund,1
5379-FCBLH,2023-01-23,Yes,94,No comment,1
1774-BRHLO,2023-01-23,Yes,17,No comment,1
6906-IPLJI,2023-01-23,No,80,demaned refund,1
6178-DELNY,2023-01-23,Yes,43,app not working,1
4313-EKTQH,2023-01-23,Yes,16,received refund,2
8544-ZHSTM,2023-01-23,Yes,75,demaned refund,1
2580-RROFE,2023-01-23,No,55,No comment,2
8535-DSJRU,2023-01-23,Yes,53,guidance to renew,1
2018-SUXUL,2023-01-23,Yes,21,demaned refund,2
1853-XZQGA,2023-01-23,Yes,62,demaned refund,1
8111-BFTGJ,2023-01-23,Unknown,32,happy with service,1
8525-PUFNN,2023-01-23,No,68,No comment,1
5726-ZFWMA,2023-01-24,Yes,55,service issue,1
6107-JDEAF,2023-01-24,Yes,22,No comment,1
8045-YUNMN,2023-01-24,Yes,17,No comment,1
1837-HQMUY,2023-01-24,No,76,demaned refund,1
1726-PNIJH,2023-01-24,Yes,23,No comment,1
6809-MSLFZ,2023-01-24,No,83,requested callback,1
9681-GHPTJ,2023-01-24,No,38,paymnt failed,1
8591-HMSXW,2023-01-24,Yes,54,demaned refund,1
7985-UMVRD,2023-01-24,No,24,demaned refund,2
9769-DODHV,2023-01-24,No,14,demaned refund,2
6185-AIUJM,2023-01-24,Yes,56,No comment,2
2431-ZBJTT,2023-01-24,Unknown,90,received refund,2
9780-CONZR,2023-01-24,Yes,22,service issue,1
3921-GFMUM,2023-01-24,No,77,demaned refund,1
5677-GCYNI,2023-01-24,Unknown,43,No comment,1
5361-WQWRC,2023-01-24,No,88,No comment,2
0763-UFLAB,2023-01-24,Unknown,81,No comment,1
6192-RUMVZ,2023-01-24,No,12,paymnt failed,1
6653-ABVWC,2023-01-25,No,14,requested callback,1
1933-HCXJK,2023-01-25,No,26,paymnt failed,1
2311-UUBFL,2023-01-25,Yes,20,guidance to renew,1
2835-LDHYX,2023-01-25,No,24,app not working,1
9033-POEHP,2023-01-25,No,49,happy with service,1
5732-TCNKD,2023-01-25,No,32,app not working,1
0042-AMZDU,2023-01-25,No,52,app not working,1
6499-IVXWK,2023-01-25,Yes,13,app not working,1
2899-KMKLW,2023-01-25,No,68,app not working,2
2956-ZTOAV,2023-01-25,Unknown,69,No comment,1
2880-QJNMU,2023-01-25,No,64,happy with service,2
5153-IGMIG,2023-01-25,Yes,92,happy with service,2
4173-HDHCR,2023-01-25,Yes,65,received refund,2
6282-ASIMZ,2023-01-25,Yes,56,received refund,2
5984-ZANKW,2023-01-25,Yes,62,happy with service,2
8300-BMLCD,2023-01-25,Yes,37,No comment,1
0364-VPIJW,2023-01-25,No,0,received refund,1
5466-JVVWP,2023-01-25,Yes,66,demaned refund,1
3660-TDTXQ,2023-01-25,Yes,41,happy with service,2
1881-WLLRK,2023-01-25,No,24,No comment,2
6017-PCCBC,2023-01-26,No,61,happy with service,1
0814-QRNLF,2023-01-26,Yes,43,happy with service,1
1565-URDNF,2023-01-26,No,89,billing complaint,1
6291-PNIXH,2023-01-26,Yes,3,received refund,2
6508-UEGUE,2023-01-26,Yes,49,received refund,1
9407-IIBNY,2023-01-26,No,44,app not working,1
7240-WUNME,2023-01-26,Yes,66,app not working,2
5443-ZAJLG,2023-01-26,Yes,56,guidance to renew,1
0072-GCBFN,2023-01-26,No,80,happy with service,2
7832-GMRXL,2023-01-26,No,5,No comment,1
6226-RXHCU,2023-01-26,No,28,billing complaint,1
0998-PUDGG,2023-01-26,No,9,demaned refund,1
1587-CNGOY,2023-01-26,Yes,69,paymnt failed,2
9587-VKFVR,2023-01-26,No,24,received refund,1
1220-QPLAO,2023-01-26,No,90,paymnt failed,1
0727-PDCUG,2023-01-26,Yes,31,billing complaint,1
8862-SWKUY,2023-01-27,No,53,guidance to renew,1
7600-ZRGSH,2023-01-27,No,7,paymnt failed,1
2393-XXFKO,2023-01-27,No,88,guidance to renew,2
0707-EMUWF,2023-01-27,No,3,happy with service,1
0817-BDYLS,2023-01-27,No,20,No comment,1
6326-VAWQK,2023-01-27,Yes,89,requested callback,1
0220-BSUFM,2023-01-27,No,10,paymnt failed,1
6267-EQRRT,2023-01-27,No,69,app not working,2
5847-UFUOB,2023-01-27,No,48,received refund,1
0258-OGOHL,2023-01-27,Unknown,42,app not working,1
0645-YAHOZ,2023-02-01,Yes,42,demaned refund,1
4634-MCHGK,2023-02-01,No,99,paymnt failed,2
4538-FGCDD,2023-02-01,Yes,98,guidance to renew,1
6828-MXHQE,2023-02-01,No,37,No comment,1
9169-YBYXA,2023-02-01,Yes,2,No comment,2
3900-YYBBN,2023-02-01,Unknown,78,paymnt failed,2
3772-NBUAM,2023-02-01,Yes,67,received refund,2
6038-TIWVP,2023-02-01,No,21,received refund,1
5659-LQLCK,2023-02-01,Yes,90,app not working,1
6279-VTVZC,2023-02-01,No,9,requested callback,1
6533-RKZRI,2023-02-02,No,11,billing complaint,2
8280-DOGAU,2023-02-02,Yes,69,service issue,1
1411-EMLJB,2023-02-02,Yes,28,No comment,1
3913-NAJQE,2023-02-02,No,72,billing complaint,1
3584-GKSHR,2023-02-02,No,47,guidance to renew,1
5049-DBKVK,2023-02-02,Yes,60,guidance to renew,1
0427-XHZWJ,2023-02-02,Unknown,63,received refund,1
1441-XWIBX,2023-02-03,No,94,received refund,1
9255-FJNHT,2023-02-03,No,69,No comment,1
5312-UXXPW,2023-02-03,No,18,No comment,1
5250-RFOND,2023-02-03,No,0,No comment,1
5488-MWGVO,2023-02-03,Yes,57,happy with service,1
2706-HRHON,2023-02-03,Yes,0,happy with service,1
7505-EAQIE,2023-02-03,No,23,happy with service,1
5783-EIMKC,2023-02-03,Yes,62,No comment,1
9509-VQCIP,2023-02-03,Yes,27,paymnt failed,1
9866-PBKTZ,2023-02-03,Yes,49,billing complaint,1
0657-ABTMP,2023-02-03,Yes,16,happy with service,1
7322-AKBMY,2023-02-03,Unknown,32,paymnt failed,1
9617-PQDUH,2023-02-03,No,95,guidance to renew,3
4325-HVVZS,2023-02-03,No,47,billing complaint,1
6571-LXQVU,2023-02-03,Yes,61,requested callback,1
1729-DCBNZ,2023-02-03,No,78,paymnt failed,2
6249-SZOQW,2023-02-03,Yes,19,requested callback,2
8462-NSXJV,2023-02-03,Yes,27,requested callback,1
4088-IZFRC,2023-02-04,Unknown,17,No comment,1
8555-AWVWR,2023-02-04,Yes,50,app not working,1
1368-NWHPB,2023-02-04,Yes,94,requested callback,1
6973-SHZVQ,2023-02-04,Unknown,81,received refund,1
6482-TVAGG,2023-02-04,Yes,68,received refund,1
8382-OERER,2023-02-04,Yes,49,guidance to renew,2
5700-OITTQ,2023-02-04,Yes,90,demaned refund,1
4058-LLZJX,2023-02-04,Yes,51,service issue,1
7097-UTWCM,2023-02-04,No,99,app not working,1
3662-GFIIQ,2023-02-04,No,37,billing complaint,1
9935-IUJCK,2023-02-04,Yes,31,billing complaint,2
5354-ZMWLZ,2023-02-04,Yes,1,billing complaint,1
6648-EOJBC,2023-02-04,Yes,68,No comment,1
6350-PIRGM,2023-02-04,No,17,demaned refund,2
5996-VAHSW,2023-02-04,No,21,received refund,1
4318-QPSRI,2023-02-05,No,28,guidance to renew,1
1929-KQDXN,2023-02-05,No,82,received refund,1
7867-LXYDS,2023-02-05,No,39,app not working,1
4996-LLISI,2023-02-05,No,23,No comment,1
1315-MXKCV,2023-02-05,No,32,app not working,1
5949-YOXDX,2023-02-05,Yes,96,service issue,2
9937-SGWLO,2023-02-05,No,98,No comment,1
2333-KUZTS,2023-02-05,No,99,service issue,1
9521-ZXCBL,2023-02-05,Yes,63,service issue,2
9311-GKSPO,2023-02-05,Yes,19,No comment,1
9851-WCMIT,2023-02-05,Unknown,74,No comment,1
6550-CQPBT,2023-02-05,No,41,demaned refund,1
1281-XYADO,2023-02-05,No,55,app not working,1
5015-BMMHO,2023-02-05,No,99,demaned refund,2
3888-UAQOR,2023-02-05,Unknown,28,app not working,1
2566-WTZWX,2023-02-05,No,64,happy with service,2
1663-ANCDX,2023-02-05,No,76,happy with service,2
0156-JRDXX,2023-02-05,No,82,happy with service,1
1782-FQFQY,2023-02-05,Yes,95,guidance to renew,2
0877-ZQUMQ,2023-02-06,Yes,33,demaned refund,1
3549-BGEBM,2023-02-06,Yes,80,No comment,1
7088-IEQHL,2023-02-06,Yes,49,happy with service,1
2363-EDVEK,2023-02-06,Yes,24,demaned refund,1
4775-TZBGZ,2023-02-06,Yes,31,requested callback,2
1549-ISJWE,2023-02-06,No,69,demaned refund,1
6161-OJWNG,2023-02-06,Yes,66,No comment,2
0731-ASCWA,2023-02-06,Yes,24,No comment,1
5412-UVUVU,2023-02-06,Yes,85,paymnt failed,1
1126-PODAN,2023-02-06,No,92,requested callback,1
4672-QDBSJ,2023-02-06,Yes,4,No comment,1
5936-LHNVU,2023-02-06,Yes,43,received refund,1
9768-ULJYY,2023-02-06,No,60,No comment,1
8310-JLWQT,2023-02-07,No,60,received refund,1
6869-FFWXC,2023-02-07,Unknown,61,No comment,1
7898-UFQHA,2023-02-07,Yes,89,app not working,1
1456-RLYZJ,2023-02-07,Yes,42,requested callback,1
3167-LGXRV,2023-02-07,Yes,30,requested callback,1
2846-QVIZD,2023-02-07,Yes,65,No comment,1
8274-KVJCG,2023-02-07,Yes,96,demaned refund,2
5112-OGIOT,2023-02-07,No,42,happy with service,1
1239-EWVQB,2023-02-07,No,38,service issue,2
0506-JBUEZ,2023-02-07,No,20,guidance to renew,2
9779-WNHFE,2023-02-07,Yes,0,happy with service,1
9529-IQJRE,2023-02-07,No,80,app not working,2
7845-LDIEV,2023-02-07,Yes,46,guidance to renew,2
2229-VYCTB,2023-02-07,Yes,6,received refund,2
2756-JQMHM,2023-02-07,No,0,No comment,2
2051-WMBIZ,2023-02-07,Unknown,1,guidance to renew,2
2544-OBZDD,2023-02-07,Yes,35,app not working,2
3554-FTQIQ,2023-02-07,No,30,paymnt failed,1
9892-SAQIK,2023-02-07,Yes,2,received refund,2
9972-LJOAK,2023-02-07,Yes,14,service issue,2
0090-CVYTE,2023-02-08,No,72,guidance to renew,1
3684-BQCJJ,2023-02-08,No,25,billing complaint,2
4186-FCOER,2023-02-08,Yes,68,No comment,1
7872-UEBUC,2023-02-08,Unknown,49,guidance to renew,1
4563-MZUID,2023-02-08,No,70,guidance to renew,1
0163-WNRLT,2023-02-08,Yes,36,No comment,1
0118-MYLAQ,2023-02-08,No,10,No comment,1
4877-XBPYQ,2023-02-08,No,2,app not working,1
1091-DLCAK,2023-02-08,Yes,50,No comment,1
2235-HZEHD,2023-02-08,Yes,49,paymnt failed,2
7971-NGNWR,2023-02-08,Yes,14,No comment,2
5879-DQLDL,2023-02-08,No,21,No comment,2
6952-FSFPD,2023-02-08,No,74,received refund,1
0552-BGSFI,2023-02-08,Unknown,42,service issue,1
7595-ZGLON,2023-02-08,Unknown,74,demaned refund,2
8145-NPXRD,2023-02-08,No,85,No comment,2
0436-ZVLEK,2023-02-09,No,13,No comment,1
2776-LZGEY,2023-02-09,Yes,46,No comment,1
8076-NPKWP,2023-02-09,Unknown,90,No comment,1
9534-HXJGD,2023-02-09,Yes,71,billing complaint,1
3457-QXXKM,2023-02-09,No,90,service issue,1
2414-YPJMD,2023-02-09,No,35,demaned refund,1
8943-JZKZV,2023-02-09,Yes,40,service issue,1
5601-ZDLHJ,2023-02-09,Yes,81,billing complaint,1
7616-DSGWQ,2023-02-09,No,10,No comment,2
7119-DWOIZ,2023-02-09,No,48,demaned refund,1
4222-SZGGX,2023-02-09,Yes,89,paymnt failed,1
7653-CLUVQ,2023-02-09,Yes,49,billing complaint,1
1127-KPZUL,2023-02-09,Yes,93,No comment,1
3189-OLMYK,2023-02-09,Yes,0,happy with service,1
6692-HINNF,2023-02-09,Yes,92,No comment,1
9814-NMSMS,2023-02-09,No,88,demaned refund,1
1877-NFSHI,2023-02-09,No,99,billing complaint,1
6113-RFZWX,2023-02-09,Yes,59,billing complaint,2
3287-KOZSO,2023-02-09,No,60,service issue,3
9546-DYQLK,2023-02-09,Yes,96,app not working,1
7911-KLWVZ,2023-02-10,Yes,37,service issue,1
1804-QQEHT,2023-02-10,Unknown,36,No comment,2
0884-DXXCH,2023-02-10,Yes,54,app not working,1
7995-MGSYQ,2023-02-10,Yes,17,happy with service,2
4878-HQYCZ,2023-02-10,Yes,79,No comment,1
7726-HLYYV,2023-02-10,No,10,No comment,1
8265-XAIXW,2023-02-10,Unknown,51,No comment,1
3575-LHFCW,2023-02-10,No,70,received refund,1
0950-VJCDK,2023-02-10,Yes,93,paymnt failed,2
0675-QUHFY,2023-02-11,Yes,36,No comment,1
5887-CSXPM,2023-02-11,Unknown,62,app not working,1
5910-EWEFU,2023-02-11,No,18,guidance to renew,1
4573-WYZXH,2023-02-11,No,38,happy with service,1
9209-LATVD,2023-02-11,Yes,12,paymnt failed,1
0869-WWTQZ,2023-02-11,Yes,33,service issue,1
6585-XPVPV,2023-02-11,No,91,received refund,1
5819-KGWPB,2023-02-11,No,90,received refund,1
1670-XXZYG,2023-02-11,Yes,44,demaned refund,1
8495-BVQXG,2023-02-11,No,14,No comment,1
9792-WRNZY,2023-02-11,Unknown,53,paymnt failed,1
3065-XAVDF,2023-02-11,No,62,requested callback,2
6527-LGKKK,2023-02-11,Unknown,34,billing complaint,1
8347-XKXIL,2023-02-11,No,7,received refund,2
2727-TUPZP,2023-02-12,No,57,billing complaint,2
4995-FOJXB,2023-02-12,No,28,happy with service,1
6077-XRLVK,2023-02-12,No,28,guidance to renew,1
8352-MCRQY,2023-02-12,Yes,14,guidance to renew,1
5511-WCWOJ,2023-02-12,Yes,43,No comment,1
0159-NKELW,2023-02-12,Yes,45,happy with service,1
9824-TGBGW,2023-02-12,Yes,98,requested callback,1
9471-JZCDM,2023-02-12,No,74,app not working,1
4182-LGOAS,2023-02-12,Yes,72,guidance to renew,1
0184-XOCBN,2023-02-12,Yes,49,paymnt failed,1
1327-IYEDV,2023-02-12,No,36,No comment,2
8958-XCGWD,2023-02-12,Yes,2,guidance to renew,2
7096-LBISU,2023-02-12,Yes,79,received refund,2
4475-GCEXB,2023-02-12,Yes,90,service issue,2
5620-YEADP,2023-02-12,Unknown,94,demaned refund,1
6966-KJCNT,2023-02-12,No,59,No comment,1
1410-HXVIH,2023-02-13,No,91,No comment,1
0938-XMSEX,2023-02-13,No,19,billing complaint,1
7538-RRJQX,2023-02-13,Yes,47,No comment,1
6865-IGWBJ,2023-02-13,Yes,73,No comment,1
8706-QLUUB,2023-02-13,No,50,No comment,1
0300-LGSWD,2023-02-13,No,83,No comment,1
8866-NRAAX,2023-02-13,No,77,happy with service,1
9291-ZSUBS,2023-02-13,No,38,requested callback,1
8234-LBZDE,2023-02-13,Unknown,95,billing complaint,1
1274-TPLCU,2023-02-13,Yes,73,No comment,1
7576-BXJCW,2023-02-14,Yes,29,No comment,1
3897-FXWXL,2023-02-14,Yes,17,guidance to renew,1
6013-LHGWX,2023-02-14,Yes,36,service issue,1
3636-HBCPB,2023-02-14,Yes,15,received refund,1
7878-OIQGI,2023-02-14,No,96,happy with service,1
9847-QPRSW,2023-02-14,Yes,30,demaned refund,1
3225-PYRYO,2023-02-14,No,49,paymnt failed,3
3767-ISYQN,2023-02-14,Yes,19,received refund,1
7608-IOGMJ,2023-02-14,No,30,service issue,1
2210-TLMPK,2023-02-14,Unknown,64,paymnt failed,1
4871-NEELS,2023-02-15,Yes,38,billing complaint,1
1776-GDIAI,2023-02-15,Yes,93,app not working,1
0821-OFIAM,2023-02-15,No,9,No comment,1
8903-EWAEK,2023-02-15,No,43,No comment,1
1562-EDJUC,2023-02-15,No,0,No comment,1
2077-OWTJM,2023-02-15,No,99,requested callback,1
5312-VZTQN,2023-02-15,No,11,received refund,1
4119-HXLGP,2023-02-15,Yes,66,happy with service,1
5598-BXDXW,2023-02-15,Yes,24,paymnt failed,1
7027-JTCXC,2023-02-15,Yes,30,No comment,1
9079-UTJLF,2023-02-15,Yes,35,billing complaint,2
0171-JJWQZ,2023-02-15,No,51,app not working,2
1177-UICRB,2023-02-15,No,54,guidance to renew,1
6404-BHLKT,2023-02-16,Unknown,84,guidance to renew,1
1699-IBGUU,2023-02-16,Yes,98,service issue,1
9114-XWAEX,2023-02-16,Yes,13,happy with service,1
4786-HLBXY,2023-02-16,No,85,app not working,2
6148-FQSGE,2023-02-16,Unknown,76,received refund,1
4496-ELQLN,2023-02-16,Yes,3,service issue,2
5686-GZYDV,2023-02-16,Unknown,20,billing complaint,1
4874-OFVGV,2023-02-16,Yes,73,No comment,2
9296-JKHDT,2023-02-16,No,6,paymnt failed,1
9825-GQRHM,2023-02-16,No,68,received refund,1
5218-QHLDH,2023-02-16,Unknown,60,guidance to renew,1
5506-PZDKL,2023-02-16,Unknown,84,service issue,2
0993-SYURT,2023-02-16,Yes,48,requested callback,1
6721-GUNSG,2023-02-16,No,19,service issue,1
3009-TQJBX,2023-02-16,No,32,requested callback,2
5309-NJHLE,2023-02-16,Yes,93,service issue,1
7656-FBMOA,2023-02-16,Unknown,56,requested callback,2
1436-DYMRY,2023-02-16,Yes,53,guidance to renew,2
6738-IZOYX,2023-02-17,Unknown,25,No comment,1
6990-MMXRE,2023-02-17,Yes,19,received refund,1
3022-EGWES,2023-02-17,No,51,No comment,1
8236-DXJZF,2023-02-17,Yes,61,requested callback,1
5971-PYEMA,2023-02-17,No,66,app not working,1
2509-SPOXO,2023-02-17,Yes,13,happy with service,2
7524-HVWLU,2023-02-17,No,35,service issue,1
6708-NDOUN,2023-02-17,No,9,service issue,1
9810-BWUKZ,2023-02-17,Yes,65,happy with service,1
9951-THOCY,2023-02-17,Yes,83,requested callback,2
9672-CSFQQ,2023-02-17,Yes,14,received refund,1
5508-EFXJV,2023-02-18,No,25,happy with service,1
2479-YEBNL,2023-02-18,Yes,60,No comment,1
2114-NBGNG,2023-02-18,Yes,27,app not working,1
4579-PXIIQ,2023-02-18,Yes,46,received refund,1
7012-GSRRU,2023-02-18,No,57,requested callback,1
5479-NTCWT,2023-02-18,No,28,No comment,2
6332-EXUJX,2023-02-18,No,46,received refund,2
7809-JXHYB,2023-02-18,Yes,28,happy with service,1
6112-XIDWK,2023-02-18,No,74,demaned refund,1
2100-UIVOI,2023-02-18,No,31,app not working,1
5689-LMUTY,2023-02-18,No,98,happy with service,1
7686-TWNMI,2023-02-18,Yes,80,service issue,1
2855-VSTIL,2023-02-18,No,78,received refund,2
3418-YAUTD,2023-02-19,No,68,No comment,1
3193-AWPKR,2023-02-19,No,90,received refund,1
9753-PKFDW,2023-02-19,Yes,86,guidance to renew,1
5560-IHXPL,2023-02-19,No,18,No comment,1
9573-BNCFS,2023-02-19,No,74,received refund,1
4443-JVNEM,2023-02-19,Unknown,15,paymnt failed,1
1462-HNWYD,2023-02-19,Yes,79,No comment,2
6964-WUKQD,2023-02-19,Yes,85,demaned refund,1
7672-BEMMS,2023-02-19,No,45,received refund,1
1943-JGVQF,2023-02-19,Yes,22,received refund,2
3119-CYSFE,2023-02-19,No,52,paymnt failed,1
3892-KCTNP,2023-02-19,Yes,26,No comment,1
4001-NQFCQ,2023-02-19,No,29,happy with service,2
6585-IWFRD,2023-02-19,Yes,33,billing complaint,2
2446-DLUFE,2023-02-19,No,36,demaned refund,2
8105-PQFEU,2023-02-19,No,22,guidance to renew,1
6866-FZXOV,2023-02-20,Yes,77,No comment,1
8229-KEHSO,2023-02-20,Unknown,43,received refund,1
6767-EJTFF,2023-02-20,Yes,74,demaned refund,1
8746-KBCWT,2023-02-20,No,2,service issue,2
6812-JNKNF,2023-02-20,Yes,76,paymnt failed,2
0744-FVPZN,2023-02-20,Yes,88,No comment,1
2575-IRMCF,2023-02-20,No,20,service issue,1
4028-KSGZI,2023-02-20,No,93,No comment,2
3384-IGHAU,2023-02-20,No,42,service issue,1
5999-UTVRW,2023-02-20,Yes,37,requested callback,1
2476-COQMQ,2023-02-20,No,62,paymnt failed,1
2537-TNBVC,2023-02-20,No,65,app not working,1
9221-TKHIY,2023-02-20,Yes,97,requested callback,1
4971-LRRVX,2023-02-20,No,1,billing complaint,1
7004-IURWK,2023-02-20,Yes,16,requested callback,2
8767-IJVJW,2023-02-20,Yes,62,No comment,1
5369-FRGXU,2023-02-20,Yes,2,No comment,1
2742-LNAHJ,2023-02-20,No,70,No comment,1
0133-ZYGSW,2023-02-21,No,10,happy with service,1
5288-LXZDK,2023-02-21,Yes,79,guidance to renew,1
3579-DRSQE,2023-02-21,No,99,No comment,1
9119-MZHLC,2023-02-21,Unknown,9,billing complaint,1
6277-WPGID,2023-02-21,Unknown,12,No comment,1
5625-UDNVM,2023-02-21,Yes,59,happy with service,1
4417-QOBFY,2023-02-21,Yes,8,No comment,1
7363-ZSPQH,2023-02-21,Yes,21,guidance to renew,2
2427-QISQJ,2023-02-21,No,74,service issue,2
0827-LMGZG,2023-02-21,No,58,demaned refund,2
5277-FPBLP,2023-02-21,No,61,service issue,1
3443-ERIHM,2023-02-21,No,43,demaned refund,1
9931-OLAIQ,2023-02-21,No,78,app not working,1
2836-YHGFZ,2023-02-21,Yes,49,No comment,2
1026-CPGPO,2023-02-21,Yes,5,requested callback,1
2671-ZQMGX,2023-02-21,No,39,guidance to renew,1
8512-EIIAP,2023-02-21,No,1,No comment,1
0678-KLJHG,2023-02-21,Yes,31,No comment,1
2229-EOHIL,2023-02-21,No,43,demaned refund,1
1714-HQUEP,2023-02-22,No,96,happy with service,1
6674-JQTQR,2023-02-22,Yes,55,demaned refund,1
2373-NGVTB,2023-02-22,No,37,paymnt failed,1
4070-PKPHO,2023-02-22,No,34,service issue,1
6244-YABFP,2023-02-22,Yes,61,demaned refund,1
6146-EGLFR,2023-02-22,Yes,7,paymnt failed,1
0076-CFSQK,2023-02-22,Yes,50,No comment,1
4343-FSUNP,2023-02-22,Unknown,93,paymnt failed,1
9377-HCCLI,2023-02-22,Yes,51,paymnt failed,1
8675-ZSMKY,2023-02-22,Unknown,93,service issue,1
9664-NUPNO,2023-02-22,Yes,58,requested callback,1
5897-VADSH,2023-02-22,Yes,16,happy with service,1
5469-JNFBA,2023-02-22,No,42,demaned refund,1
4728-CBUPF,2023-02-22,No,31,No comment,1
2544-HFOBD,2023-02-23,No,51,demaned refund,1
8543-YLAYV,2023-02-23,Yes,91,service issue,2
8852-JWGWZ,2023-02-23,No,95,No comment,1
7898-EJVLE,2023-02-23,Yes,54,No comment,2
0765-FLJMK,2023-02-23,Yes,32,received refund,1
4685-PCZDI,2023-02-23,No,46,No comment,1
6993-PZRQZ,2023-02-23,No,67,app not working,1
1907-DTYHO,2023-02-23,Yes,71,demaned refund,1
2507-WBQKM,2023-02-23,Yes,56,No comment,1
5569-SVQCK,2023-02-23,No,0,billing complaint,1
5918-XTEUM,2023-02-23,No,53,guidance to renew,1
0786-JOHGH,2023-02-23,Yes,67,paymnt failed,2
0134-LOYUF,2023-02-24,Yes,93,requested callback,1
4372-QHDXX,2023-02-24,No,77,service issue,1
0046-YSHCI,2023-02-24,No,42,No comment,1
1684-DFLGL,2023-02-24,Yes,48,guidance to renew,1
8610-TWIHK,2023-02-24,Unknown,74,happy with service,1
1543-VWHEE,2023-02-24,Unknown,2,No comment,2
3194-YZUID,2023-02-24,Yes,89,happy with service,2
2827-UYLOX,2023-02-24,No,43,billing complaint,1
5628-PRGAH,2023-02-24,Unknown,71,No comment,1
0086-MUFMC,2023-02-24,No,64,service issue,2
9890-MJKNM,2023-02-24,No,96,service issue,1
2634-UKRGG,2023-02-24,Yes,91,requested callback,2
5013-EHJIO,2023-02-25,Yes,84,billing complaint,1
3068-GZFRY,2023-02-25,No,0,app not working,1
2135-XNRPB,2023-02-25,No,18,No comment,1
9548-NSQRM,2023-02-25,No,67,service issue,1
1428-KZGQM,2023-02-25,No,85,service issue,1
9321-TKRCB,2023-02-25,No,57,billing complaint,1
9051-SQRPJ,2023-02-25,No,30,No comment,2
2372-MWAJW,2023-02-25,No,60,requested callback,1
2773-REOLX,2023-02-25,Yes,35,requested callback,1
7795-GRUZE,2023-02-25,Unknown,71,No comment,1
8855-TSSBQ,2023-02-25,Yes,96,No comment,2
6018-ZGHMD,2023-02-25,Unknown,7,No comment,2
3776-RXXQW,2023-02-25,Unknown,82,received refund,1
6989-IZUNV,2023-02-25,No,70,billing complaint,1
2215-ENXPC,2023-02-25,Yes,14,No comment,2
4628-PPRLB,2023-02-25,Yes,81,requested callback,1
0894-GBIAY,2023-02-25,No,55,guidance to renew,1
8526-HQBVE,2023-02-25,No,77,happy with service,1
6437-MINCA,2023-02-25,Yes,12,requested callback,1
9117-YGQFQ,2023-02-25,Yes,49,service issue,2
5887-RBEJF,2023-02-25,No,44,paymnt failed,2
8601-IRXZL,2023-02-26,No,80,demaned refund,1
6045-TFUXF,2023-02-26,Yes,17,happy with service,1
8701-QQNDE,2023-02-26,Yes,52,app not working,1
4186-POYQG,2023-02-26,No,23,paymnt failed,1
2864-MUKYX,2023-02-26,Yes,98,app not working,2
1576-UJUTV,2023-02-26,Yes,82,paymnt failed,2
2157-IEEVS,2023-02-26,No,46,service issue,2
0276-TDGVH,2023-02-26,Yes,13,demaned refund,1
4371-HRMNV,2023-02-26,Yes,0,demaned refund,2
9766-SQYOM,2023-02-26,Yes,70,No comment,1
0359-AZEKC,2023-02-26,No,85,guidance to renew,2
3653-NLYUO,2023-02-26,Unknown,17,billing complaint,2
6479-XYHWA,2023-02-26,No,57,happy with service,1
6558-VADRK,2023-02-26,No,74,No comment,1
4480-CBNMW,2023-02-26,No,12,service issue,1
5621-UZESE,2023-02-27,Unknown,58,No comment,1
8068-MVWQB,2023-02-27,Yes,3,happy with service,1
1103-VZLGF,2023-02-27,Unknown,71,requested callback,1
6247-MIOWV,2023-02-27,Yes,4,No comment,2
6694-MJYYG,2023-02-27,No,40,demaned refund,1
3968-DLNDW,2023-02-27,Yes,79,guidance to renew,1
0895-MUHRQ,2023-02-27,Unknown,47,No comment,1
4064-UYVXX,2023-02-27,Yes,11,No comment,2
8410-BTQWR,2023-02-27,Unknown,30,demaned refund,1
1777-YVIPO,2023-02-27,No,40,paymnt failed,1
4181-TGDTZ,2023-02-27,Yes,17,app not working,1
2782-UJFJV,2023-02-27,Yes,9,No comment,1
2507-WBWSB,2023-02-27,No,52,happy with service,1
7771-KTKUL,2023-02-27,Yes,67,happy with service,1
5675-FDVZZ,2023-02-27,Yes,89,paymnt failed,1
3975-AZOJX,2023-02-27,Yes,30,received refund,2
5374-FBPUG,2023-02-27,Yes,38,No comment,1
3692-FZDVP,2023-02-27,Yes,65,guidance to renew,2
0114-RVRHH,2023-02-27,Unknown,12,requested callback,1
6574-KYZZE,2023-02-27,Yes,8,No comment,1
4887-MKFVO,2023-03-01,Yes,43,happy with service,1
3376-JNHMJ,2023-03-01,No,17,happy with service,1
3343-IEFXP,2023-03-01,No,72,happy with service,1
7077-RNYXZ,2023-03-01,No,85,requested callback,1
3195-YKGVR,2023-03-01,Yes,86,No comment,1
9396-YJDMU,2023-03-01,Yes,49,No comment,1
6980-CKNFI,2023-03-01,No,50,app not working,2
3574-SPDNB,2023-03-01,Yes,48,requested callback,1
7144-YZGUB,2023-03-01,Yes,98,No comment,1
0448-HATTM,2023-03-01,Yes,6,No comment,2
0142-CHNAK,2023-03-01,No,36,happy with service,2
1972-ZZYFF,2023-03-02,Yes,73,received refund,1
5876-EHBWS,2023-03-02,No,88,No comment,1
6274-JATUZ,2023-03-02,No,82,demaned refund,2
6626-FWCQK,2023-03-02,Yes,5,service issue,2
2780-FDVOU,2023-03-02,Yes,76,paymnt failed,1
7638-SXSUF,2023-03-02,No,97,requested callback,1
8468-DAPIV,2023-03-02,Unknown,7,No comment,1
3371-SOIIL,2023-03-02,Yes,49,happy with service,1
7627-IXAQP,2023-03-02,No,89,No comment,1
9323-XAZVW,2023-03-02,No,72,demaned refund,1
3540-QIUBA,2023-03-02,No,61,No comment,1
4865-OLXXT,2023-03-02,No,49,guidance to renew,1
8995-RDXVW,2023-03-02,Unknown,59,app not working,1
7024-NHELQ,2023-03-02,No,6,happy with service,1
4089-BTDSH,2023-03-02,Unknown,89,billing complaint,1
9339-RKOVV,2023-03-02,Unknown,98,billing complaint,1
3723-BQBRX,2023-03-02,Yes,64,No comment,1
8701-FSIQK,2023-03-02,No,26,received refund,2
5704-PDUTM,2023-03-03,No,77,app not working,1
5517-ZKNAN,2023-03-03,Yes,54,happy with service,1
1013-YNVDU,2023-03-03,Yes,77,app not working,2
2218-EGNRW,2023-03-03,Yes,53,No comment,1
1434-XEFII,2023-03-03,No,36,paymnt failed,1
5360-SKPFV,2023-03-03,No,31,guidance to renew,2
0344-IPNTN,2023-03-03,Yes,73,paymnt failed,2
3904-YHYEB,2023-03-03,Yes,50,No comment,1
1355-XWVWA,2023-03-03,No,99,happy with service,1
6665-JLDML,2023-03-03,Yes,87,happy with service,2
5597-EZBTU,2023-03-03,Yes,85,No comment,1
4916-TUATA,2023-03-03,No,47,requested callback,2
7959-XEGPN,2023-03-03,No,66,service issue,1
8842-KRFSA,2023-03-03,No,83,No comment,1
2457-ZJGYT,2023-03-03,Yes,42,demaned refund,1
5183-TKAVV,2023-03-04,No,91,paymnt failed,1
2338-IVVFA,2023-03-04,Yes,30,billing complaint,1
7350-FFIML,2023-03-04,Yes,63,billing complaint,1
8006-HLSQN,2023-03-04,Unknown,1,requested callback,1
3270-QSDOI,2023-03-04,Yes,19,happy with service,1
3857-IZZSH,2023-03-04,No,50,No comment,1
2866-RZEIJ,2023-03-04,Yes,87,No comment,1
7608-JDHGO,2023-03-04,Yes,99,happy with service,1
2991-KFGQI,2023-03-04,Yes,45,app not working,2
0290-JLAVY,2023-03-04,Yes,11,paymnt failed,1
4144-SINFE,2023-03-04,Yes,83,app not working,1
8972-XIQNC,2023-03-04,No,32,requested callback,1
7478-POWZF,2023-03-04,No,41,happy with service,2
7834-AWUYW,2023-03-05,No,14,No comment,1
4660-REJUR,2023-03-05,No,89,No comment,1
3503-VTXHR,2023-03-05,Yes,33,service issue,1
9433-QXXYO,2023-03-05,No,53,app not working,1
6046-FVXDN,2023-03-05,No,48,demaned refund,2
9036-QHEIG,2023-03-05,No,73,service issue,1
8830-NSZGE,2023-03-05,No,99,received refund,2
3573-LSAHN,2023-03-05,No,96,happy with service,2
9881-ZVDBX,2023-03-05,No,53,requested callback,1
0234-TGMYY,2023-03-05,Yes,88,No comment,1
1015-AXXVL,2023-03-05,Yes,89,received refund,1
8800-KNVUE,2023-03-05,Unknown,64,guidance to renew,1
4135-UOGWQ,2023-03-05,Unknown,50,No comment,1
1995-UXSSR,2023-03-05,No,89,guidance to renew,1
4527-IUATH,2023-03-06,Yes,92,demaned refund,1
0253-UDWYM,2023-03-06,Yes,28,requested callback,1
3303-PZQPY,2023-03-06,Yes,9,No comment,1
4755-ILHZM,2023-03-06,Yes,30,No comment,1
1002-BOICD,2023-03-06,No,42,happy with service,1
3182-LEJDZ,2023-03-06,No,81,app not working,1
2170-BJOXZ,2023-03-06,No,57,happy with service,1
6675-POKSZ,2023-03-06,No,83,No comment,1
3222-WVLJO,2023-03-06,No,64,No comment,1
2099-KXPRH,2023-03-06,Yes,79,demaned refund,1
8401-XOISK,2023-03-06,No,63,happy with service,2
0257-AJYEU,2023-03-06,No,67,No comment,1
5684-XZKKE,2023-03-06,No,42,requested callback,1
7601-ATIGU,2023-03-06,No,72,received refund,2
0465-YQGAY,2023-03-06,No,60,paymnt failed,2
1564-UTDUF,2023-03-06,No,33,No comment,1
9178-VZSWN,2023-03-06,Yes,42,No comment,1
6111-QAWPO,2023-03-06,No,28,received refund,1
3032-IYZWW,2023-03-06,Unknown,69,paymnt failed,2
0556-UTYCX,2023-03-06,Yes,52,billing complaint,2
4915-NJRSD,2023-03-06,Yes,65,billing complaint,2
7041-QTUIA,2023-03-06,No,35,received refund,2
4687-ZEJNC,2023-03-06,No,47,paymnt failed,2
7242-WRJFR,2023-03-07,Unknown,68,paymnt failed,1
9182-BBXBV,2023-03-07,Yes,78,received refund,1
9518-FOLRR,2023-03-07,No,73,app not working,1
0664-DGUPT,2023-03-07,Unknown,78,paymnt failed,1
3732-ZLMKP,2023-03-07,No,18,No comment,1
0631-HOTUC,2023-03-07,No,30,happy with service,1
3480-XDNSE,2023-03-07,Yes,96,happy with service,1
8222-WKITU,2023-03-07,No,9,No comment,1
9922-KBBDI,2023-03-08,No,42,No comment,1
2452-MBKKI,2023-03-08,Yes,79,paymnt failed,1
5641-GCYLY,2023-03-08,No,82,service issue,1
0808-BOPWV,2023-03-08,Unknown,31,received refund,1
2838-NWWCQ,2023-03-08,Yes,99,paymnt failed,1
9525-OEYYW,2023-03-08,Unknown,36,No comment,2
1372-HHHHE,2023-03-08,No,22,No comment,1
3771-IOVHA,2023-03-08,No,33,paymnt failed,2
1998-KLOXT,2023-03-08,No,36,guidance to renew,1
1077-ULCCU,2023-03-08,No,45,paymnt failed,1
9255-XOTPI,2023-03-08,Unknown,97,service issue,1
1192-OXMSI,2023-03-09,No,25,app not working,1
5526-JYGWC,2023-03-09,Yes,62,app not working,1
2029-IUMVX,2023-03-09,Yes,94,demaned refund,1
2862-BVHCJ,2023-03-09,No,13,guidance to renew,1
4932-XRCFP,2023-03-09,Yes,42,No comment,1
7714-YKQXW,2023-03-09,Yes,42,No comment,1
8186-PGDMR,2023-03-09,Yes,39,No comment,1
0435-SEONQ,2023-03-09,Yes,44,app not working,1
6865-BBVKA,2023-03-09,No,97,No comment,1
6668-BWSXU,2023-03-09,Yes,63,No comment,2
9750-ASVTG,2023-03-09,No,50,No comment,1
8516-ELMCZ,2023-03-09,Yes,12,No comment,1
4852-EXASH,2023-03-09,Yes,41,service issue,2
6307-RKWNY,2023-03-09,Unknown,93,No comment,2
0836-OYWTZ,2023-03-09,Yes,89,paymnt failed,2
7508-NMVIV,2023-03-09,Yes,98,No comment,1
6738-CKVFY,2023-03-10,No,35,received refund,1
1449-ZJYMZ,2023-03-10,Yes,65,No comment,2
8488-BKHVT,2023-03-10,Yes,50,No comment,1
4986-BOHXH,2023-03-10,Yes,37,requested callback,1
8860-QKLPS,2023-03-10,Yes,53,No comment,1
6362-AUPFG,2023-03-10,Yes,51,guidance to renew,1
5173-ZNRIO,2023-03-10,Yes,31,demaned refund,1
5946-QGPTM,2023-03-10,No,0,service issue,1
4233-TDNBA,2023-03-10,No,90,happy with service,1
7277-XKYRZ,2023-03-10,No,58,happy with service,1
6685-TAZGY,2023-03-10,No,17,paymnt failed,2
7115-ETPBW,2023-03-10,Yes,43,paymnt failed,1
6252-XRLLO,2023-03-10,Unknown,48,happy with service,1
1942-EBDLD,2023-03-10,Yes,70,requested callback,1
8306-DHOKD,2023-03-10,No,74,No comment,1
8448-FYKCS,2023-03-11,No,55,requested callback,1
5406-HRZEK,2023-03-11,No,16,No comment,1
2546-ESPIX,2023-03-11,Yes,67,No comment,1
9018-EGSKS,2023-03-11,Yes,18,demaned refund,2
1535-FDHUL,2023-03-11,Yes,29,billing complaint,1
2363-VXXXR,2023-03-11,No,45,billing complaint,1
6304-WBMIC,2023-03-11,No,65,No comment,1
2976-HRNKI,2023-03-11,Unknown,49,No comment,1
2741-RTPLA,2023-03-11,No,24,guidance to renew,1
6952-RIVFB,2023-03-12,No,61,No comment,1
2512-AGGIK,2023-03-12,No,86,No comment,1
9145-ZXZYY,2023-03-12,Unknown,95,app not working,2
8821-LMAAI,2023-03-12,No,49,received refund,1
1327-PNWPR,2023-03-12,Yes,17,requested callback,1
3506-JNTWY,2023-03-12,Unknown,77,paymnt failed,1
8368-OMZRN,2023-03-12,Yes,93,requested callback,1
0439-ACCAA,2023-03-12,Yes,69,app not working,1
1485-YNTRZ,2023-03-12,Unknown,79,requested callback,1
6989-FIXQO,2023-03-12,Yes,26,No comment,1
8321-LIBPE,2023-03-12,Unknown,22,demaned refund,1
8569-CYLUD,2023-03-12,Yes,86,No comment,1
6175-QVYKW,2023-03-13,Yes,95,No comment,1
1790-TWECM,2023-03-13,Yes,75,No comment,1
0643-HSWCG,2023-03-13,Yes,26,happy with service,1
3348-PBASH,2023-03-13,No,92,demaned refund,1
9445-IUGMZ,2023-03-13,No,4,received refund,1
7924-WFYUI,2023-03-13,No,82,demaned refund,1
5188-KNLNO,2023-03-13,Yes,93,No comment,1
7927-HLLWL,2023-03-13,No,90,happy with service,2
4889-YSXHW,2023-03-13,No,89,No comment,1
4123-OJSEL,2023-03-13,No,24,No comment,1
7106-GMAYI,2023-03-13,No,46,No comment,1
2829-SFVSW,2023-03-13,No,85,demaned refund,1
7151-ZHUQV,2023-03-13,Yes,13,service issue,1
1186-SAZWF,2023-03-13,No,60,demaned refund,1
4767-DJVOP,2023-03-13,Yes,10,demaned refund,1
2945-CGOIA,2023-03-13,Unknown,93,requested callback,1
6213-GFLJZ,2023-03-13,No,81,guidance to renew,1
6392-CCCYD,2023-03-13,No,78,billing complaint,1
4149-UJZRA,2023-03-13,No,29,happy with service,2
8307-VPIBQ,2023-03-13,No,49,billing complaint,1
5467-WBFSX,2023-03-13,No,10,guidance to renew,1
5677-JSFBZ,2023-03-13,Yes,48,No comment,2
6744-DNTLY,2023-03-13,No,75,guidance to renew,1
5000-RJTTS,2023-03-13,Yes,30,requested callback,1
3172-KVNKM,2023-03-14,No,4,service issue,1
9765-NZYCW,2023-03-14,No,96,demaned refund,1
3357-DIHDZ,2023-03-14,Yes,92,received refund,1
8746-UXADR,2023-03-14,Yes,98,app not working,1
0056-EVOTB,2023-03-14,Yes,10,service issue,1
6386-NAEIH,2023-03-14,Yes,61,paymnt failed,2
0920-KEJMP,2023-03-14,No,62,No comment,1
5891-QOPBP,2023-03-14,Yes,11,No comment,1
8777-YNEWH,2023-03-14,Yes,23,received refund,2
5901-PTYWR,2023-03-14,Yes,62,No comment,1
4581-OSHSH,2023-03-14,No,61,No comment,1
2577-VUZMH,2023-03-14,Yes,74,No comment,2
8342-RNAQU,2023-03-14,No,27,app not working,2
8169-UBOIZ,2023-03-14,No,27,requested callback,1
1613-ZEFQL,2023-03-14,No,58,requested callback,2
1098-LYSCJ,2023-03-14,No,57,No comment,1
2771-OESGG,2023-03-14,No,66,No comment,1
7430-STIDN,2023-03-14,No,21,demaned refund,1
6417-FPMJE,2023-03-14,Unknown,42,No comment,2
5890-AAYPD,2023-03-14,Yes,5,received refund,1
6158-NWFTQ,2023-03-15,Yes,64,No comment,1
4536-SVTDC,2023-03-15,No,98,received refund,1
9915-SVWAT,2023-03-15,No,49,No comment,1
2837-OWUTE,2023-03-15,Unknown,43,app not working,1
2647-GBHVN,2023-03-15,No,0,demaned refund,1
4137-HOHFE,2023-03-15,Yes,89,service issue,1
6575-YRHHZ,2023-03-15,Yes,74,billing complaint,2
6716-SULHZ,2023-03-15,Yes,51,billing complaint,1
9279-RGJMI,2023-03-15,No,78,received refund,1
0864-LDSVW,2023-03-15,No,49,requested callback,2
3969-VLZUA,2023-03-15,Unknown,82,app not working,1
7967-RMUFM,2023-03-15,Yes,81,happy with service,1
3237-QAESL,2023-03-15,No,13,No comment,1
3069-VSZQB,2023-03-15,No,81,guidance to renew,1
5534-SSEKR,2023-03-16,Yes,77,No comment,1
6528-YAOYR,2023-03-16,No,10,No comment,1
2249-UNJRJ,2023-03-16,No,70,guidance to renew,1
4342-WLXVL,2023-03-16,Unknown,84,No comment,1
0793-RWPWA,2023-03-16,Unknown,8,billing complaint,1
8973-ONQPM,2023-03-16,No,81,No comment,1
4834-PWLRQ,2023-03-16,Yes,35,service issue,1
8898-XHMPU,2023-03-16,No,54,happy with service,2
1296-IPTXK,2023-03-16,Unknown,25,No comment,1
4694-DBNIN,2023-03-16,Yes,41,requested callback,2
7033-MBSSJ,2023-03-16,No,3,service issue,1
1975-UOJZP,2023-03-16,Yes,26,service issue,2
5167-YBXVK,2023-03-16,No,44,happy with service,1
5240-VIDHJ,2023-03-16,Yes,21,No comment,2
7785-TXIVI,2023-03-16,No,91,billing complaint,2
6540-PZUIC,2023-03-16,Yes,85,paymnt failed,1
4340-DYTYD,2023-03-16,No,4,No comment,1
6973-KYFTE,2023-03-16,Yes,37,paymnt failed,2
3702-BILTB,2023-03-16,Yes,55,app not working,1
3392-ZVDMI,2023-03-17,No,91,No comment,1
6826-WZPFM,2023-03-17,Yes,1,app not working,1
2307-XSHYX,2023-03-17,Yes,73,happy with service,1
9729-DMDRV,2023-03-17,Unknown,83,No comment,1
1638-SGFRJ,2023-03-17,No,49,received refund,2
6035-MAEAO,2023-03-17,No,63,guidance to renew,1
8860-PPTBU,2023-03-17,Yes,84,No comment,1
2226-BHILZ,2023-03-17,Yes,41,billing complaint,1
4407-EEFXM,2023-03-17,Yes,85,requested callback,2
0914-PWHSS,2023-03-17,Yes,32,happy with service,1
4035-PDCQD,2023-03-17,Unknown,55,service issue,1
5040-WYJWI,2023-03-17,No,56,No comment,1
7567-YMUSC,2023-03-17,No,49,happy with service,1
3991-MQUFB,2023-03-17,No,74,guidance to renew,1
1259-QZDUP,2023-03-18,No,49,No comment,1
9404-FOULG,2023-03-18,Unknown,94,happy with service,1
2638-MVHHK,2023-03-18,No,96,received refund,1
8782-GUCUR,2023-03-18,No,40,No comment,1
4123-ZEWCT,2023-03-18,Yes,60,No comment,1
8678-RADSK,2023-03-18,Yes,96,No comment,1
5814-VMGBB,2023-03-18,Yes,90,No comment,1
7929-BRXTZ,2023-03-18,Yes,1,billing complaint,1
9132-ZAKLS,2023-03-18,No,97,requested callback,1
7778-LVFGO,2023-03-18,Unknown,60,app not working,1
3337-PHTYP,2023-03-18,Yes,1,paymnt failed,2
8541-JYFRZ,2023-03-18,No,83,paymnt failed,2
8833-DMQTB,2023-03-18,No,49,app not working,1
8190-MXYWC,2023-03-18,Yes,48,No comment,1
2195-VKXUO,2023-03-18,Unknown,24,service issue,2
8671-BSNPM,2023-03-18,Yes,64,service issue,1
0749-KZLBL,2023-03-19,No,21,happy with service,1
0890-WMPZU,2023-03-19,Yes,77,demaned refund,1
8948-YHGNS,2023-03-19,Yes,88,billing complaint,1
9784-NJFPO,2023-03-19,No,28,No comment,1
7147-CGNXV,2023-03-19,Unknown,55,paymnt failed,1
5980-CKUBN,2023-03-19,No,44,billing complaint,1
7420-KZYQO,2023-03-19,No,68,service issue,1
3242-WWQMH,2023-03-19,No,55,No comment,2
0421-RZGDL,2023-03-19,Yes,50,demaned refund,1
8074-GGMZD,2023-03-19,Yes,83,requested callback,1
1817-XEHKT,2023-03-19,Yes,4,No comment,1
6361-MIZBL,2023-03-19,No,52,No comment,2
8549-KCDJQ,2023-03-19,Unknown,18,demaned refund,1
1521-SFQZK,2023-03-19,No,37,received refund,1
7742-VZSYD,2023-03-19,No,79,No comment,1
2803-BWGRX,2023-03-19,No,18,received refund,1
3841-JEGGM,2023-03-20,Yes,30,happy with service,1
7712-IAHLG,2023-03-20,No,85,requested callback,1
9666-ORBHO,2023-03-20,Unknown,0,paymnt failed,1
0707-DLCZY,2023-03-20,Yes,33,No comment,1
7991-CHMIW,2023-03-20,No,90,No comment,1
5567-HXDCL,2023-03-20,Yes,40,No comment,1
6717-YYNPT,2023-03-20,Unknown,49,app not working,1
5916-BAZTC,2023-03-20,No,38,guidance to renew,2
5129-GQQYS,2023-03-21,Yes,25,billing complaint,1
7326-GXEVY,2023-03-21,Yes,3,paymnt failed,1
5579-RUFHL,2023-03-21,No,91,service issue,2
3586-ULSIA,2023-03-21,No,16,happy with service,1
2476-NNOJF,2023-03-21,No,68,No comment,1
9628-EPFJH,2023-03-21,Yes,11,No comment,1
0556-IAEJS,2023-03-21,Unknown,79,billing complaint,1
8582-VARIJ,2023-03-21,Unknown,62,happy with service,1
3480-OIJLF,2023-03-21,No,53,app not working,1
3705-NCFGC,2023-03-21,Yes,29,requested callback,1
7236-FJDGD,2023-03-21,No,52,No comment,1
3279-UPRWP,2023-03-21,Yes,33,No comment,1
3746-PBUYD,2023-03-21,Yes,46,guidance to renew,1
7313-TWOBW,2023-03-21,Yes,0,requested callback,2
5890-OGERG,2023-03-21,No,21,No comment,2
2808-ZREXG,2023-03-21,No,85,guidance to renew,1
0337-IFXQL,2023-03-21,No,39,No comment,1
2278-HFTXM,2023-03-21,Yes,86,billing complaint,1
2619-RTNPX,2023-03-21,Yes,50,service issue,1
0509-QOKQJ,2023-03-21,Unknown,92,paymnt failed,2
9585-DOWYW,2023-03-21,No,71,happy with service,2
5695-TCKXG,2023-03-21,Yes,97,guidance to renew,1
6264-NZEOY,2023-03-21,Yes,33,app not working,1
5302-JPVJJ,2023-03-21,Yes,33,billing complaint,1
4428-TBYHV,2023-03-22,Yes,92,received refund,1
4578-CCBFO,2023-03-22,Yes,87,service issue,1
7146-CRDOK,2023-03-22,Unknown,10,demaned refund,1
2779-BZXMD,2023-03-22,Yes,90,received refund,1
6436-BBIEW,2023-03-22,Unknown,38,No comment,2
0725-DOIYO,2023-03-22,Unknown,44,happy with service,1
6674-ANJHN,2023-03-22,Yes,87,paymnt failed,1
3982-ODYDB,2023-03-22,Yes,82,guidance to renew,1
3421-GLYVT,2023-03-22,Yes,39,No comment,1
4572-LSYQJ,2023-03-22,No,36,requested callback,1
3198-WJAPO,2023-03-22,Yes,6,happy with service,2
8180-SPZVH,2023-03-22,Yes,27,app not working,1
9694-UZVCS,2023-03-22,No,7,received refund,1
2271-MRUEW,2023-03-22,Yes,61,No comment,1
5596-TGCFM,2023-03-23,No,56,paymnt failed,1
5657-VNEXN,2023-03-23,No,10,service issue,1
3203-WCDDT,2023-03-23,No,49,guidance to renew,1
1448-SBZYN,2023-03-23,No,8,service issue,1
9230-SUBQA,2023-03-23,Yes,66,No comment,2
9562-TOPTR,2023-03-23,Yes,38,demaned refund,1
2026-ZIADQ,2023-03-23,No,98,app not working,1
9290-BSRHI,2023-03-23,No,91,app not working,1
5710-OPVIP,2023-03-23,No,91,service issue,2
1763-WRHOW,2023-03-23,No,14,service issue,1
5051-JHNCR,2023-03-24,No,38,guidance to renew,1
9267-CFWLG,2023-03-24,No,23,billing complaint,2
9766-KQIDU,2023-03-24,No,6,app not working,1
1184-EBSMD,2023-03-24,Yes,52,demaned refund,1
5665-IFALU,2023-03-24,No,93,No comment,2
5418-CXHCJ,2023-03-24,No,2,received refund,1
5172-WBWFR,2023-03-24,Yes,92,app not working,1
6441-THCYS,2023-03-24,Yes,41,received refund,2
4672-PIYNM,2023-03-24,Yes,59,service issue,2
2407-FDBEN,2023-03-24,Yes,34,app not working,1
0863-YWJEB,2023-03-24,No,34,demaned refund,1
8304-CAPLK,2023-03-24,Yes,5,received refund,2
8289-GEURK,2023-03-24,Yes,89,demaned refund,1
5766-TSYUY,2023-03-24,No,90,No comment,1
6562-VLQOP,2023-03-24,Yes,85,No comment,1
3137-LOWXG,2023-03-24,Yes,99,happy with service,1
7326-BSGMY,2023-03-24,Yes,11,No comment,3
5613-PBUIX,2023-03-24,Yes,70,received refund,2
1064-VJASY,2023-03-25,Yes,11,No comment,1
9877-BXBJU,2023-03-25,No,58,demaned refund,1
0565-LGEDW,2023-03-25,No,42,No comment,1
9221-NULCK,2023-03-25,Yes,71,paymnt failed,2
3157-PRIJG,2023-03-25,Yes,36,happy with service,1
7185-PTSZS,2023-03-25,No,92,guidance to renew,1
4110-GRPEJ,2023-03-25,No,57,app not working,1
1031-MQEAI,2023-03-25,Yes,27,received refund,2
0036-SSCXS,2023-03-25,Unknown,41,No comment,2
0675-JIEQU,2023-03-25,No,76,No comment,2
9426-TWOHZ,2023-03-25,Unknown,8,billing complaint,1
8902-XSURD,2023-03-25,No,17,happy with service,1
8367-NLIEQ,2023-03-25,Unknown,62,guidance to renew,1
3079-BIQYW,2023-03-25,No,93,paymnt failed,1
7025-FTODP,2023-03-26,Yes,85,paymnt failed,1
6461-VGGUA,2023-03-26,Yes,99,requested callback,1
6923-QXPSC,2023-03-26,Yes,99,demaned refund,1
3016-ZYEVP,2023-03-26,No,51,app not working,1
4303-EGFSN,2023-03-26,Unknown,96,guidance to renew,1
9793-IRFJH,2023-03-26,No,93,service issue,1
6151-EHXJH,2023-03-26,No,47,app not working,2
8771-IEJGB,2023-03-26,Unknown,49,No comment,1
6219-WVHFS,2023-03-26,No,37,paymnt failed,1
7795-LPGES,2023-03-26,Yes,5,No comment,1
3326-HNHGJ,2023-03-26,Yes,6,paymnt failed,1
8519-AQHZZ,2023-03-26,No,23,guidance to renew,2
8045-DVQVH,2023-03-26,Yes,25,No comment,1
8763-WWKWO,2023-03-26,No,41,guidance to renew,1
4027-IECUK,2023-03-26,No,22,No comment,2
5204-LTJVB,2023-03-26,No,59,app not working,2
9230-JWPMF,2023-03-26,No,40,received refund,2
9166-FVVYS,2023-03-26,Yes,4,guidance to renew,1
3110-WUOYU,2023-03-26,No,31,guidance to renew,1
8077-JCXXF,2023-03-27,Unknown,4,billing complaint,1
3163-EZOEA,2023-03-27,Yes,83,happy with service,1
1664-TQOOE,2023-03-27,No,21,happy with service,1
8402-ROGQT,2023-03-27,No,48,No comment,1
0123-XVVSA,2023-03-27,No,31,demaned refund,2
3524-ELFMY,2023-03-27,No,37,billing complaint,2
5367-ALTXS,2023-03-27,Yes,56,requested callback,1
9623-DAGHF,2023-03-27,Yes,85,demaned refund,1
6919-TZQZF,2023-03-27,Yes,3,No comment,1
8102-DVGKQ,2023-03-27,Yes,20,guidance to renew,1
5217-LIAJT,2023-04-01,No,12,No comment,1
9846-OXAQE,2023-04-01,No,53,requested callback,1
3169-YLBJE,2023-04-01,No,6,demaned refund,1
7362-CEHFF,2023-04-01,No,68,demaned refund,1
2193-GPXMV,2023-04-01,No,71,happy with service,1
9424-OWLOT,2023-04-01,Yes,86,demaned refund,1
3001-BZLDD,2023-04-01,Yes,79,app not working,1
6485-IYGIT,2023-04-01,No,14,No comment,1
3212-WLIAY,2023-04-01,No,45,app not working,1
1550-NZVVT,2023-04-01,Yes,54,received refund,1
5701-HMWVW,2023-04-01,Yes,25,No comment,2
3673-YMYXL,2023-04-01,No,88,requested callback,2
7822-BSRPD,2023-04-01,Unknown,54,happy with service,1
2022-JSPOF,2023-04-01,Yes,55,requested callback,1
8735-XXRNU,2023-04-01,No,60,paymnt failed,1
8286-YESUP,2023-04-01,No,53,received refund,1
1341-BSCCF,2023-04-02,No,33,No comment,1
7225-RKZRS,2023-04-02,Yes,79,app not working,1
9347-QXEBU,2023-04-02,No,12,happy with service,1
0748-FMZIJ,2023-04-02,Yes,11,paymnt failed,1
0680-GROJD,2023-04-02,Yes,17,No comment,1
0568-TIDNX,2023-04-02,Yes,71,billing complaint,1
5880-ZHEHZ,2023-04-02,Unknown,19,service issue,1
1635-XJTAC,2023-04-02,Yes,54,paymnt failed,1
2866-LHHKV,2023-04-02,No,0,No comment,1
6781-SECQD,2023-04-02,Yes,58,paymnt failed,1
8499-WWCJH,2023-04-02,Yes,64,received refund,1
8084-NHZVR,2023-04-02,No,84,received refund,1
6496-OTZWH,2023-04-02,Unknown,90,requested callback,1
2315-NLBVX,2023-04-02,No,69,guidance to renew,1
8790-QVYXY,2023-04-02,No,30,No comment,1
4465-WXKQO,2023-04-02,Yes,49,guidance to renew,1
8118-XHZSZ,2023-04-02,Yes,5,app not working,1
4792-SYPVI,2023-04-02,Yes,14,No comment,2
9729-TOJIJ,2023-04-02,Unknown,91,received refund,1
4824-PMJYO,2023-04-03,No,85,No comment,1
4801-NSUXI,2023-04-03,No,23,No comment,1
7387-IDNWU,2023-04-03,No,90,received refund,1
0900-TLTCT,2023-04-03,Unknown,6,No comment,1
9363-DXAZJ,2023-04-03,No,74,No comment,1
7984-AZJNU,2023-04-03,No,85,service issue,1
9947-MZKCH,2023-04-03,Unknown,74,paymnt failed,1
4377-DQAXR,2023-04-03,Yes,10,app not working,1
6739-IGTYH,2023-04-03,Yes,77,billing complaint,1
1342-CPFZP,2023-04-03,Yes,36,paymnt failed,2
6743-MEVLD,2023-04-03,No,69,received refund,1
6563-TBEJW,2023-04-03,Yes,52,happy with service,1
2379-DFPNO,2023-04-03,No,97,requested callback,1
8116-LMVWJ,2023-04-03,Yes,16,guidance to renew,1
1632-HAYLR,2023-04-03,No,74,billing complaint,1
7653-QVZZM,2023-04-04,No,10,No comment,3
5709-JOHXH,2023-04-04,Yes,34,demaned refund,1
1095-MFAEJ,2023-04-04,Yes,18,received refund,1
0833-LRNYZ,2023-04-04,No,82,billing complaint,1
8008-UILZF,2023-04-04,Yes,64,requested callback,1
6636-XJNIL,2023-04-04,No,50,received refund,2
5359-NIKUG,2023-04-04,Yes,14,No comment,1
9166-TUFPF,2023-04-04,No,95,guidance to renew,1
6695-OZPUN,2023-04-05,Yes,18,billing complaint,1
2161-FTBSN,2023-04-05,Unknown,36,paymnt failed,2
8095-SPKNJ,2023-04-05,No,79,billing complaint,2
5555-TURGM,2023-04-05,Yes,43,No comment,1
0956-SHQRJ,2023-04-05,No,9,demaned refund,1
0628-CLBPG,2023-04-05,Unknown,52,service issue,1
3406-BCEME,2023-04-05,No,52,service issue,1
5656-XSHLQ,2023-04-05,Yes,36,No comment,1
9694-EZZQV,2023-04-05,Yes,93,service issue,2
2967-IEPDH,2023-04-05,Unknown,69,received refund,1
5037-ITOBR,2023-04-05,Yes,48,No comment,2
6541-UBRJZ,2023-04-05,Yes,84,received refund,2
5757-DOLWJ,2023-04-05,Yes,49,paymnt failed,1
1916-CMZWG,2023-04-06,Yes,23,billing complaint,1
3293-RZUWF,2023-04-06,No,14,received refund,1
2352-PIEVL,2023-04-06,Unknown,21,guidance to renew,1
2119-FAVRS,2023-04-06,No,19,received refund,2
4992-AHASC,2023-04-06,Yes,56,received refund,1
6009-TJGEO,2023-04-06,Yes,75,received refund,1
1211-OWVWH,2023-04-06,Yes,41,received refund,1
6843-DIRSP,2023-04-06,Yes,59,paymnt failed,2
2584-IMXOS,2023-04-06,No,12,happy with service,1
8487-NZSJD,2023-04-06,No,1,billing complaint,2
9687-DSVOF,2023-04-06,No,70,No comment,2
5847-HWBIS,2023-04-06,No,49,billing complaint,1
7831-PGHYT,2023-04-06,Yes,64,guidance to renew,1
7467-CMGWN,2023-04-06,Yes,27,happy with service,2
6231-PRTKN,2023-04-06,No,65,No comment,2
8267-GYGIH,2023-04-06,Yes,68,billing complaint,2
9117-MVALM,2023-04-06,No,24,received refund,1
6180-SPCQV,2023-04-06,No,31,demaned refund,1
5528-LOHXO,2023-04-06,Yes,23,requested callback,1
2185-ZZBCS,2023-04-06,Yes,49,No comment,1
9777-SPCAD,2023-04-07,No,56,happy with service,1
1712-HIZST,2023-04-07,No,3,demaned refund,1
9647-RNHRB,2023-04-07,No,17,No comment,1
6758-WLGXL,2023-04-07,Yes,84,received refund,1
6844-QTSZZ,2023-04-07,Yes,64,received refund,1
3116-RQMII,2023-04-07,Yes,94,received refund,1
2263-QYJVK,2023-04-07,Yes,15,No comment,1
1020-MLMPW,2023-04-07,Yes,98,demaned refund,1
3003-WHJSU,2023-04-07,No,77,billing complaint,2
2937-QICHZ,2023-04-07,Yes,44,No comment,2
2491-DCYZG,2023-04-07,Yes,44,happy with service,1
5567-ZXDXH,2023-04-07,Yes,85,service issue,2
5291-SSQHT,2023-04-07,No,78,requested callback,1
3839-NUZHK,2023-04-08,Unknown,45,requested callback,1
6417-GSOQE,2023-04-08,No,84,demaned refund,1
3249-AHLWL,2023-04-08,Yes,22,No comment,1
1735-BVIHR,2023-04-08,No,35,requested callback,1
8129-JVXLH,2023-04-08,Yes,12,No comment,1
1731-AXKER,2023-04-08,Yes,30,No comment,1
6826-CFJIW,2023-04-08,No,45,received refund,1
0965-BDSHT,2023-04-08,Yes,94,app not working,2
6338-KVBKQ,2023-04-08,No,17,app not working,1
0743-AIVOK,2023-04-08,Yes,49,service issue,1
8869-ENDHF,2023-04-08,No,26,requested callback,2
6415-KQFYC,2023-04-08,No,90,happy with service,1
9334-AWAKG,2023-04-08,No,53,app not working,1
6697-AKAZW,2023-04-08,Yes,8,billing complaint,1
9779-GIBEM,2023-04-08,Yes,46,received refund,2
1334-PCBDX,2023-04-08,Yes,23,paymnt failed,1
6571-MADDM,2023-04-09,No,50,billing complaint,1
1857-MFKHL,2023-04-09,Yes,89,paymnt failed,1
5002-GPLBB,2023-04-09,No,98,received refund,1
9139-HJNNY,2023-04-09,Unknown,89,service issue,1
5318-BLUME,2023-04-09,Unknown,55,requested callback,1
4864-BOPTD,2023-04-09,No,38,requested callback,1
4579-CUGMJ,2023-04-09,Yes,7,No comment,2
7132-KRNZZ,2023-04-09,No,7,app not working,1
3777-QARRE,2023-04-09,No,17,service issue,1
8080-YJXLW,2023-04-09,Yes,89,No comment,1
5366-GCLKI,2023-04-09,Yes,98,paymnt failed,1
7379-GNEUL,2023-04-09,No,90,service issue,1
1157-ZRHCC,2023-04-09,Unknown,62,happy with service,1
7551-MUIHG,2023-04-09,No,44,app not working,2
5002-NHPDA,2023-04-09,Yes,49,guidance to renew,1
5860-BZEQW,2023-04-09,No,12,happy with service,1
6103-HJKSQ,2023-04-09,Unknown,93,service issue,1
0598-COPXC,2023-04-09,Yes,29,paymnt failed,2
6515-BYOJQ,2023-04-09,No,20,received refund,2
7478-FDLZS,2023-04-09,Yes,32,No comment,1
1439-LVGTW,2023-04-09,Yes,58,app not working,1
1494-ZMVPW,2023-04-10,No,89,billing complaint,1
5439-WNLAI,2023-04-10,Yes,69,service issue,1
7084-SQVBN,2023-04-10,Yes,50,billing complaint,1
5278-PIHUC,2023-04-10,Yes,34,service issue,1
1500-BGEKA,2023-04-10,No,17,happy with service,1
6568-FDTME,2023-04-10,No,32,No comment,1
2522-FZZTC,2023-04-10,No,53,app not working,1
9250-JUGGN,2023-04-10,Yes,37,received refund,1
9255-CIRLD,2023-04-10,Yes,32,requested callback,2
0180-POARH,2023-04-10,Unknown,28,billing complaint,2
1916-ZKLRS,2023-04-10,Yes,82,billing complaint,1
1284-MPVPR,2023-04-10,Yes,93,billing complaint,1
4971-BPWUK,2023-04-10,No,71,app not working,1
0052-TFIJD,2023-04-10,No,43,billing complaint,1
8780-DGOMX,2023-04-10,Yes,91,app not working,1
7188-FDVBM,2023-04-10,Yes,73,No comment,1
7782-DQTUY,2023-04-10,No,77,received refund,1
1986-RPRYX,2023-04-10,No,32,billing complaint,1
9991-PUSQV,2023-04-10,No,71,service issue,1
9333-RBYXG,2023-04-10,No,30,app not working,1
4322-DMPBK,2023-04-11,Unknown,47,service issue,1
4154-RLQZN,2023-04-11,No,91,No comment,1
0289-XQGNZ,2023-04-11,No,44,happy with service,1
3127-DEQGK,2023-04-11,No,21,app not working,2
1459-TINQS,2023-04-11,Yes,35,requested callback,1
9804-NKFUQ,2023-04-11,No,25,guidance to renew,2
3486-WXCNP,2023-04-11,No,37,No comment,2
7926-TJVVD,2023-04-11,No,1,No comment,1
0725-ZPRKQ,2023-04-11,Yes,20,service issue,1
6380-FGJOC,2023-04-11,Yes,29,requested callback,1
7128-WQHNE,2023-04-11,Yes,2,happy with service,2
0955-GJSJT,2023-04-11,No,41,No comment,1
4195-RLCQT,2023-04-11,No,11,No comment,1
7625-PLJUJ,2023-04-11,Yes,68,demaned refund,1
9384-ETSHL,2023-04-11,No,86,No comment,1
7901-SQYFL,2023-04-11,Yes,70,requested callback,1
4973-CJWVP,2023-04-11,Yes,12,No comment,2
8890-YPALU,2023-04-12,Unknown,55,guidance to renew,1
0965-WKWJT,2023-04-12,No,20,service issue,1
1577-NMKLC,2023-04-12,No,18,demaned refund,1
2144-UZGAP,2023-04-12,No,45,app not working,1
8960-JRFHS,2023-04-12,No,15,service issue,1
2425-ROZTA,2023-04-12,Yes,49,requested callback,1
2072-MOEQU,2023-04-12,No,35,service issue,1
0426-ACGMK,2023-04-12,Yes,64,app not working,1
3127-NPHKG,2023-04-12,Unknown,78,happy with service,1
7456-ZTUCL,2023-04-12,Unknown,77,billing complaint,1
9244-FPGXO,2023-04-12,No,86,billing complaint,1
3874-ZBETW,2023-04-12,No,65,happy with service,1
4378-REQZA,2023-04-12,Yes,12,happy with service,1
1283-CJKOO,2023-04-12,Yes,70,received refund,1
0500-QYVJN,2023-04-12,Unknown,7,No comment,1
4927-SWTBZ,2023-04-12,No,9,demaned refund,2
1867-ACXHL,2023-04-12,Yes,89,demaned refund,2
6917-KIVMN,2023-04-12,No,42,No comment,1
3660-MSIOB,2023-04-12,Yes,59,demaned refund,1
3762-CWGOQ,2023-04-13,No,12,demaned refund,1
6218-RMHJA,2023-04-13,No,93,demaned refund,1
3145-HFWQO,2023-04-13,Yes,17,guidance to renew,2
1383-CFAJF,2023-04-13,Yes,18,No comment,1
7840-MZFXU,2023-04-13,Yes,15,received refund,1
8692-GRGER,2023-04-13,Yes,55,demaned refund,1
0409-DMLDE,2023-04-13,Yes,8,app not working,1
5808-LKRRG,2023-04-13,Yes,95,happy with service,1
1787-BLOIP,2023-04-13,Yes,83,guidance to renew,1
3245-QXWZA,2023-04-13,No,51,demaned refund,1
8272-MKFOI,2023-04-13,No,54,happy with service,1
3895-OMEFQ,2023-04-13,No,9,service issue,1
7628-TVBES,2023-04-13,Yes,69,paymnt failed,1
0144-CKRIQ,2023-04-13,No,67,requested callback,1
8734-NMCSW,2023-04-13,Yes,96,received refund,2
3552-OEZBP,2023-04-13,No,40,received refund,1
1484-VJUXW,2023-04-13,Yes,8,demaned refund,2
2176-QMAQT,2023-04-14,Yes,6,No comment,1
5730-YWMSX,2023-04-14,Yes,13,No comment,2
1961-XYRSR,2023-04-14,Yes,30,No comment,1
3937-UXUPF,2023-04-14,Yes,91,No comment,1
7170-ZINXN,2023-04-14,No,29,service issue,2
1196-OYHOY,2023-04-14,No,45,No comment,1
7393-ZCOQH,2023-04-14,No,58,paymnt failed,2
3455-EXRZA,2023-04-14,No,81,happy with service,1
3926-CUXMD,2023-04-14,No,36,demaned refund,1
5651-EEXUN,2023-04-14,Yes,78,service issue,1
3863-GRZYZ,2023-04-14,No,33,happy with service,1
2651-UVNZA,2023-04-14,Yes,45,received refund,1
7469-BTGZE,2023-04-14,No,92,paymnt failed,1
4447-XEBUQ,2023-04-14,No,80,No comment,2
9597-PBPHJ,2023-04-14,Yes,27,billing complaint,1
7587-AGRUK,2023-04-15,Yes,26,happy with service,1
0807-UMPKL,2023-04-15,Yes,17,happy with service,1
5388-ECOIR,2023-04-15,No,98,app not working,1
6769-KDKGV,2023-04-15,Yes,70,No comment,1
4097-AVYAO,2023-04-15,No,40,No comment,1
9344-UFFNK,2023-04-15,No,52,happy with service,1
6662-BRHNY,2023-04-15,No,50,guidance to renew,1
6241-NIKCE,2023-04-15,Yes,32,happy with service,1
5947-MKFFW,2023-04-15,Yes,68,happy with service,2
5031-KQKCK,2023-04-15,Yes,20,No comment,1
9982-IFSDD,2023-04-15,No,90,requested callback,1
3883-KWUWJ,2023-04-15,Yes,57,guidance to renew,2
1303-RXGEL,2023-04-15,No,56,No comment,1
2343-NHEDR,2023-04-15,No,75,app not working,1
8334-VFUPM,2023-04-15,No,5,service issue,1
4086-KETZT,2023-04-15,No,35,app not working,1
7675-JFXTW,2023-04-15,No,32,paymnt failed,1
8249-FGJDI,2023-04-15,No,77,demaned refund,2
3113-OZFFD,2023-04-15,Yes,52,service issue,2
7253-XUNYE,2023-04-16,Yes,3,billing complaint,1
7726-QXWVD,2023-04-16,Yes,16,demaned refund,1
0191-ZCGZV,2023-04-16,No,5,guidance to renew,1
2236-DHQSM,2023-04-16,No,86,requested callback,1
2078-DFAUL,2023-04-16,No,28,paymnt failed,1
5853-ZKSHX,2023-04-16,Yes,74,received refund,1
0467-RYDLK,2023-04-16,Yes,88,demaned refund,1
6705-HCPIG,2023-04-16,Yes,34,No comment,1
0369-TJTNP,2023-04-16,Yes,59,billing complaint,1
0460-PZSYN,2023-04-16,No,24,paymnt failed,1
0406-DFVGB,2023-04-16,Yes,46,demaned refund,1
0251-MTXIE,2023-04-16,Yes,99,service issue,1
3243-UTNNQ,2023-04-17,Yes,21,No comment,1
9880-DSFVX,2023-04-17,Yes,32,demaned refund,1
9008-GGKFX,2023-04-17,Yes,49,No comment,1
7472-OJZAM,2023-04-17,No,68,billing complaint,1
5999-OCNQJ,2023-04-17,Yes,19,No comment,1
2081-JOWSR,2023-04-17,No,75,No comment,2
2123-MZJYV,2023-04-17,Unknown,2,happy with service,1
6560-XOFGP,2023-04-17,No,42,app not working,2
7705-JXFSY,2023-04-17,Yes,61,demaned refund,1
0501-XORFS,2023-04-17,Yes,35,service issue,1
5091-QGOFC,2023-04-17,Yes,20,app not working,1
6619-ARIES,2023-04-17,No,7,No comment,1
3357-RNJTG,2023-04-17,No,4,No comment,1
1979-UNLKX,2023-04-17,No,21,requested callback,2
2547-HIENK,2023-04-17,No,37,No comment,1
2817-QBSYB,2023-04-17,Unknown,40,requested callback,1
2392-TDITP,2023-04-17,Yes,66,No comment,1
7875-ZMJNV,2023-04-17,No,47,happy with service,2
4607-NYEJA,2023-04-18,No,49,No comment,1
6791-QSHBB,2023-04-18,No,98,billing complaint,1
2503-TFJIW,2023-04-18,No,50,No comment,1
5174-VRHRR,2023-04-18,Yes,29,happy with service,1
0896-CSQPC,2023-04-18,No,66,paymnt failed,1
6258-UMYFZ,2023-04-18,Yes,42,service issue,2
9765-WUTPC,2023-04-18,Unknown,33,demaned refund,1
4214-QIFMA,2023-04-18,No,88,requested callback,2
6654-FACJZ,2023-04-18,No,43,No comment,2
6566-YIZCH,2023-04-18,Unknown,83,No comment,1
3766-TZCTX,2023-04-18,Unknown,49,demaned refund,1
7110-NJKJC,2023-04-18,No,18,paymnt failed,2
1698-PAYLP,2023-04-18,Yes,12,paymnt failed,1
3615-EQAOZ,2023-04-18,No,49,No comment,1
4398-JQBLG,2023-04-19,No,27,billing complaint,1
7250-QEYPE,2023-04-19,No,30,app not working,1
3109-VZVYZ,2023-04-19,No,57,happy with service,1
0945-NKYJH,2023-04-19,No,14,received refund,1
8765-RJISA,2023-04-19,Yes,85,No comment,1
6141-FFMAR,2023-04-19,Unknown,46,happy with service,2
6101-LKCEZ,2023-04-19,Yes,47,billing complaint,2
2060-NKCLV,2023-04-19,Yes,7,No comment,1
2409-HORTB,2023-04-19,Yes,14,demaned refund,1
3880-AUAPD,2023-04-19,No,98,paymnt failed,2
1768-MISLC,2023-04-19,Yes,49,No comment,1
6863-HPGCO,2023-04-19,Yes,10,No comment,1
8377-GEHIF,2023-04-19,No,57,happy with service,1
6902-BXKQL,2023-04-19,No,43,No comment,1
1896-XWJRV,2023-04-19,No,0,app not working,1
0989-THZXZ,2023-04-19,Yes,11,service issue,1
5828-KADRM,2023-04-19,Yes,25,guidance to renew,2
2454-IEKHF,2023-04-19,Unknown,3,paymnt failed,1
2997-IQCQL,2023-04-19,Yes,29,happy with service,1
2387-EGJSG,2023-04-19,No,32,No comment,2
6322-RZRIX,2023-04-19,Yes,73,service issue,1
9857-LVLCC,2023-04-20,Yes,78,No comment,1
8860-QKHXC,2023-04-20,Yes,34,requested callback,1
0501-YHYBB,2023-04-20,No,92,No comment,1
2809-CCYYF,2023-04-20,Yes,55,guidance to renew,1
1224-GBMFV,2023-04-20,Yes,64,guidance to renew,1
4275-ZJBTO,2023-04-20,No,23,No comment,1
8418-ANWUA,2023-04-20,Yes,86,demaned refund,1
2305-UBGUW,2023-04-20,Yes,44,No comment,1
4667-IEOSM,2023-04-20,Yes,33,No comment,1
3449-IXXXZ,2023-04-20,Yes,68,No comment,1
0106-TEHMV,2023-04-20,No,85,No comment,1
5280-GKEPR,2023-04-20,Yes,28,billing complaint,1
6775-ZKAMZ,2023-04-20,Yes,96,No comment,1
2626-CVRKG,2023-04-20,No,49,guidance to renew,2
1091-FUFJD,2023-04-20,No,79,happy with service,3
5429-HFLCU,2023-04-20,No,28,No comment,2
7270-SHQXR,2023-04-20,Yes,99,No comment,1
0105-VHMBR,2023-04-21,No,6,demaned refund,1
1319-JYBEB,2023-04-21,Yes,45,app not working,1
0568-JWJIZ,2023-04-21,Yes,1,No comment,1
9766-OEAKF,2023-04-21,Unknown,0,received refund,1
7973-CQTMX,2023-04-21,Yes,99,guidance to renew,1
1024-HMJWZ,2023-04-21,No,98,received refund,1
9456-CTVCY,2023-04-21,Yes,4,guidance to renew,1
1359-LZMAD,2023-04-21,Unknown,39,No comment,1
8155-XIUXR,2023-04-21,No,49,No comment,2
5345-QETEZ,2023-04-21,Yes,15,service issue,1
4367-DJUAC,2023-04-21,Yes,90,No comment,1
5110-QBSZZ,2023-04-21,Yes,27,service issue,1
4485-PCQEV,2023-04-21,No,42,app not working,2
4926-TMLYJ,2023-04-21,Yes,37,service issue,1
6692-LORQH,2023-04-21,Yes,66,service issue,2
3114-ETGPV,2023-04-21,No,97,service issue,2
3047-IWPMG,2023-04-21,No,95,billing complaint,3
8236-IFURH,2023-04-22,Yes,54,demaned refund,1
4913-OZQAD,2023-04-22,Yes,9,requested callback,1
5304-QMHRD,2023-04-22,No,62,billing complaint,1
6912-QRAOQ,2023-04-22,Yes,63,happy with service,1
7296-QAZSE,2023-04-22,Yes,32,app not working,1
8116-ZHSQB,2023-04-22,No,38,guidance to renew,1
3970-UIXIZ,2023-04-22,No,93,demaned refund,1
2579-IKIFH,2023-04-22,Yes,98,billing complaint,2
3075-NEGAU,2023-04-22,Yes,73,demaned refund,1
7347-BNPTO,2023-04-22,No,70,demaned refund,2
2164-FQPGV,2023-04-22,Yes,75,received refund,1
2060-JMVPJ,2023-04-22,Yes,34,received refund,2
3930-GWWRZ,2023-04-22,Yes,24,service issue,1
2988-APLPV,2023-04-23,Yes,87,requested callback,1
8020-ISYFQ,2023-04-23,No,76,received refund,1
8696-FJNWS,2023-04-23,No,51,No comment,1
3773-FYQST,2023-04-23,Yes,50,service issue,1
3831-CILGN,2023-04-23,Yes,1,requested callback,1
0277-BMFWJ,2023-04-23,Yes,33,guidance to renew,1
6477-LTBAG,2023-04-23,No,13,billing complaint,1
1811-RWQAA,2023-04-23,No,22,No comment,1
8828-HFFMJ,2023-04-23,Yes,40,guidance to renew,1
4021-RTYDG,2023-04-23,Yes,75,app not working,2
7616-IVZMT,2023-04-23,Yes,55,No comment,1
5528-SSLCG,2023-04-23,No,26,guidance to renew,2
6762-PHXRU,2023-04-24,No,15,service issue,1
4521-CUAQN,2023-04-24,Yes,46,demaned refund,1
5165-HAEEC,2023-04-24,Unknown,70,billing complaint,1
4990-ENUZY,2023-04-24,Yes,28,paymnt failed,1
1783-YIANB,2023-04-24,No,88,demaned refund,1
3651-HFYZM,2023-04-24,Yes,77,happy with service,1
1840-GKCGY,2023-04-24,Unknown,77,No comment,1
4749-DLVYZ,2023-04-24,No,17,No comment,2
6827-HNLNS,2023-04-24,Yes,59,No comment,2
8320-NVDZT,2023-04-24,Yes,32,requested callback,1
7290-FZYNO,2023-04-24,No,90,billing complaint,1
0499-FPRXG,2023-04-24,Yes,76,paymnt failed,2
6747-NEQSM,2023-04-24,No,45,paymnt failed,1
8039-QBUST,2023-04-24,Yes,98,No comment,1
1436-UFTAG,2023-04-24,No,1,guidance to renew,1
8730-UNJDZ,2023-04-25,Yes,46,billing complaint,1
1618-VBLYF,2023-04-25,Yes,19,No comment,2
9075-XHTXC,2023-04-25,Unknown,89,paymnt failed,1
8421-GVHOA,2023-04-25,Unknown,3,paymnt failed,2
2411-HBKVY,2023-04-25,No,26,billing complaint,1
3430-RXGYS,2023-04-25,No,29,demaned refund,1
9421-SOAUH,2023-04-25,Yes,56,requested callback,1
9801-HPNSA,2023-04-26,Yes,6,happy with service,1
9382-TMPWK,2023-04-26,Yes,9,No comment,2
5294-ZXMRX,2023-04-26,Unknown,15,paymnt failed,1
2136-LPTXG,2023-04-26,No,49,happy with service,2
0289-OHUPI,2023-04-26,Yes,42,happy with service,1
4927-BQILE,2023-04-26,Yes,8,paymnt failed,1
8276-QIGTY,2023-04-26,Yes,74,app not working,1
1653-LPSQJ,2023-04-26,Unknown,84,requested callback,1
0863-QQMHN,2023-04-26,Yes,14,received refund,1
6563-EVSFM,2023-04-26,Yes,22,No comment,2
4339-KFEVT,2023-04-26,No,74,No comment,1
7214-RCSBD,2023-04-26,Yes,84,guidance to renew,2
8378-ILKKO,2023-04-26,No,49,paymnt failed,2
5670-BSPZO,2023-04-27,No,1,guidance to renew,1
3328-MGYIA,2023-04-27,No,28,No comment,1
4172-YZHWE,2023-04-27,No,41,No comment,1
6598-WFADR,2023-04-27,No,90,paymnt failed,1
5553-AFSWN,2023-04-27,Yes,14,service issue,2
8028-XBYBD,2023-04-27,Unknown,77,demaned refund,1
2787-SAFAK,2023-04-27,Yes,38,requested callback,1
9344-CQQFS,2023-04-27,Yes,27,happy with service,1
9893-DFIOR,2023-04-27,Yes,27,requested callback,1
1043-PVKAP,2023-04-27,No,70,received refund,1
6807-OWXZW,2023-04-27,Yes,92,No comment,1
8848-FWJRA,2023-04-27,No,49,app not working,1
7478-GAENN,2023-04-27,Yes,43,demaned refund,1
6665-GGBVX,2023-04-27,Yes,85,app not working,1
4738-YQFZC,2023-04-27,No,70,received refund,1
5546-XUWKN,2023-04-27,No,99,service issue,1
8857-DNNON,2023-04-27,No,90,requested callback,2
3315-NBLYE,2023-04-27,No,95,happy with service,1
7169-KLCLH,2023-04-27,Yes,6,service issue,1
9228-WARER,2023-04-27,No,33,guidance to renew,1
1919-OCWYS,2023-05-01,No,54,app not working,1
4287-GHPWA,2023-05-01,No,66,happy with service,1
5637-NNRXF,2023-05-01,Yes,67,demaned refund,1
3081-EIVAO,2023-05-01,No,80,demaned refund,1
4615-EHGQM,2023-05-01,No,69,guidance to renew,2
9373-DFIVG,2023-05-01,No,67,demaned refund,1
1475-MLEXK,2023-05-01,No,42,No comment,1
0559-UIUTL,2023-05-01,Yes,58,requested callback,1
2807-NOFTV,2023-05-01,Yes,22,service issue,1
5790-FERRR,2023-05-01,No,24,requested callback,1
4245-ELRBP,2023-05-01,No,98,service issue,1
2500-QEZUX,2023-05-01,Yes,74,No comment,1
1356-AZMXQ,2023-05-01,Yes,21,guidance to renew,2
8757-DOCST,2023-05-01,No,85,billing complaint,2
8290-EQYRL,2023-05-01,Yes,59,No comment,1
9279-JVVOT,2023-05-01,Yes,74,demaned refund,1
8381-GZRGA,2023-05-01,Yes,74,received refund,1
7846-HOSEO,2023-05-01,No,97,app not working,1
2806-FYPCZ,2023-05-01,No,48,guidance to renew,1
3202-TVKNJ,2023-05-01,Yes,57,demaned refund,2
1436-WIEGD,2023-05-01,No,51,guidance to renew,1
5381-ENEHJ,2023-05-01,Yes,85,paymnt failed,1
0135-JYYWO,2023-05-01,Unknown,44,No comment,1
9886-RSOTS,2023-05-01,Yes,79,received refund,1
1934-UHFAK,2023-05-01,Yes,0,requested callback,1
8939-UGJFK,2023-05-01,No,97,No comment,1
9199-MOEIN,2023-05-01,Yes,73,guidance to renew,1
9858-VIVEJ,2023-05-01,No,86,billing complaint,2
5719-TBMLO,2023-05-01,No,9,No comment,1
6821-HXPSL,2023-05-01,Yes,88,app not working,2
5136-GJTQG,2023-05-02,Yes,15,paymnt failed,1
4129-AONMU,2023-05-02,Yes,59,guidance to renew,1
2276-OJHTN,2023-05-02,Yes,37,No comment,1
8235-UFHBI,2023-05-02,No,6,billing complaint,1
3075-XKSNC,2023-05-02,No,37,guidance to renew,1
7454-BGWSL,2023-05-02,Yes,58,service issue,2
9900-VJEXP,2023-05-02,No,49,No comment,1
4910-WOBLP,2023-05-02,No,89,received refund,1
8959-SUGOZ,2023-05-02,Yes,33,No comment,1
2411-URZZU,2023-05-02,Yes,14,No comment,1
4753-LHNEA,2023-05-02,No,49,No comment,1
9593-DSLBZ,2023-05-02,No,72,app not working,1
7610-PNOWU,2023-05-02,Unknown,47,demaned refund,2
6250-JVMSL,2023-05-02,Yes,33,service issue,1
7305-DTYRH,2023-05-03,Yes,40,billing complaint,1
6806-RZSIA,2023-05-03,Yes,1,requested callback,1
1703-GXKPG,2023-05-03,Yes,11,No comment,1
0588-JNUCH,2023-05-03,No,59,No comment,1
3292-SNCAQ,2023-05-03,Yes,79,paymnt failed,1
5484-VISSF,2023-05-03,No,70,No comment,1
2563-LVUXD,2023-05-03,Yes,22,billing complaint,1
0112-WCIVE,2023-05-03,Yes,52,demaned refund,1
7456-OBYBD,2023-05-03,No,10,happy with service,2
3731-YTTQQ,2023-05-03,No,3,requested callback,1
4882-QLZDO,2023-05-03,Yes,79,service issue,2
3649-VZRZJ,2023-05-03,No,1,happy with service,1
2349-NVPHN,2023-05-03,Yes,53,service issue,1
0530-OIQWR,2023-05-04,Yes,1,paymnt failed,1
3671-XHIWX,2023-05-04,Yes,16,No comment,1
0825-WBPOE,2023-05-04,Yes,75,demaned refund,1
7088-WNANO,2023-05-04,No,60,paymnt failed,1
9366-HDHOR,2023-05-04,No,93,received refund,1
8300-MZFYZ,2023-05-04,No,43,happy with service,1
3691-FLVIY,2023-05-04,No,10,No comment,2
9830-VADVS,2023-05-04,No,44,No comment,1
5249-EUYJJ,2023-05-04,No,20,demaned refund,3
0388-VSNMX,2023-05-04,Yes,4,happy with service,1
3756-LURWQ,2023-05-04,Yes,62,No comment,2
2876-UOBRA,2023-05-05,Yes,86,billing complaint,1
7304-MIWSZ,2023-05-05,Yes,47,paymnt failed,1
0837-LGHGT,2023-05-05,No,17,requested callback,1
1371-OTHDH,2023-05-05,Yes,75,demaned refund,1
7501-UABRM,2023-05-05,Unknown,90,billing complaint,1
7729-SCHQO,2023-05-05,Unknown,90,No comment,2
9966-LCUHS,2023-05-05,No,83,billing complaint,1
0036-WBLXV,2023-05-05,Yes,13,requested callback,1
5300-CBTBK,2023-05-05,Yes,33,happy with service,1
6045-PWVBV,2023-05-05,No,78,app not working,1
3673-ZCCRJ,2023-05-05,No,0,service issue,1
1694-OVEDG,2023-05-05,Yes,87,app not working,1
8909-MNILV,2023-05-06,No,43,happy with service,1
9623-LXFFA,2023-05-06,No,95,guidance to renew,1
8348-ATIIX,2023-05-06,No,21,app not working,1
8989-WYHHG,2023-05-06,No,76,service issue,1
8969-SUOQS,2023-05-06,No,82,No comment,1
3746-MUVXQ,2023-05-06,No,23,app not working,1
5382-LFRQL,2023-05-06,No,16,guidance to renew,1
9145-UDOLD,2023-05-06,Yes,49,happy with service,1
8738-GPOKB,2023-05-06,Yes,16,paymnt failed,1
0904-XKQHJ,2023-05-06,Yes,85,happy with service,1
9401-WMMLN,2023-05-06,No,39,happy with service,1
8008-KTHSY,2023-05-06,Yes,10,requested callback,1
5964-YGSTN,2023-05-06,Yes,71,paymnt failed,2
1500-URLAQ,2023-05-07,No,54,happy with service,1
7707-YONSF,2023-05-07,Yes,91,happy with service,1
6377-JHGMU,2023-05-07,No,48,requested callback,1
9473-PPVOZ,2023-05-07,No,69,app not working,1
6846-WBDJI,2023-05-07,Yes,17,No comment,1
5068-RCLOI,2023-05-07,No,5,service issue,2
0342-ALGRY,2023-05-07,Yes,58,guidance to renew,1
1836-TONKT,2023-05-07,No,53,app not working,1
8964-WLOWV,2023-05-07,No,66,service issue,1
3461-YRVHC,2023-05-07,No,92,No comment,1
1608-KJXZF,2023-05-07,No,21,app not working,1
9326-UOUWD,2023-05-07,Yes,54,happy with service,1
7731-NRKFO,2023-05-07,Yes,8,service issue,1
8404-ZSAAQ,2023-05-07,Yes,1,received refund,1
2532-LBHZM,2023-05-08,No,54,No comment,1
1126-YYNIR,2023-05-08,Yes,16,app not working,1
0148-ASBRH,2023-05-08,No,85,No comment,1
6543-WIOPE,2023-05-08,Unknown,87,paymnt failed,1
8713-TDENW,2023-05-08,Yes,30,No comment,1
6509-UFMYZ,2023-05-08,No,65,paymnt failed,1
7374-NKSQY,2023-05-08,Yes,53,guidance to renew,1
3288-XMNAT,2023-05-08,No,50,demaned refund,1
2171-JZTTS,2023-05-08,Yes,16,app not working,1
5804-NWOKP,2023-05-08,Yes,58,happy with service,2
1299-NNLOQ,2023-05-08,Yes,80,app not working,1
4176-SKHDA,2023-05-08,No,80,guidance to renew,2
5631-XDXAC,2023-05-08,No,17,No comment,1
6479-DAVIM,2023-05-08,No,49,service issue,1
2167-GIUVP,2023-05-08,Yes,7,No comment,2
6959-YJVTG,2023-05-08,No,42,requested callback,1
4300-EKOZW,2023-05-08,Yes,24,No comment,1
2067-BLWUC,2023-05-08,No,20,received refund,2
3637-ZAGUM,2023-05-08,Yes,63,billing complaint,1
7353-ZPKJD,2023-05-08,No,56,service issue,1
9647-HRYXB,2023-05-08,Yes,93,happy with service,1
4245-LUVNH,2023-05-08,Yes,80,billing complaint,1
6335-YBTLP,2023-05-08,Yes,70,guidance to renew,1
3030-GGHOU,2023-05-08,No,19,paymnt failed,2
9197-TNGOC,2023-05-09,No,99,service issue,1
0805-OSLWA,2023-05-09,No,48,No comment,1
6851-LGRTG,2023-05-09,No,42,received refund,1
3219-WQUHX,2023-05-09,No,51,app not working,1
6962-PTONK,2023-05-09,Yes,46,No comment,1
4542-GDAZK,2023-05-09,No,38,requested callback,1
6148-LENWV,2023-05-09,No,29,service issue,1
8119-ONFNV,2023-05-09,No,57,paymnt failed,2
5780-NWPTV,2023-05-09,No,35,requested callback,1
8780-RFTPJ,2023-05-09,Unknown,19,received refund,2
6468-JEENW,2023-05-09,Yes,58,happy with service,1
0484-JGUEO,2023-05-09,No,1,paymnt failed,1
9902-DFHLV,2023-05-09,No,48,demaned refund,1
9550-GNQLJ,2023-05-09,Yes,13,requested callback,1
0768-FLLZY,2023-05-09,Yes,92,No comment,2
1948-PJNXQ,2023-05-09,No,22,paymnt failed,1
0684-WKHLL,2023-05-09,No,16,demaned refund,1
9392-KEXLA,2023-05-10,No,27,service issue,1
3679-PAXLU,2023-05-10,Yes,95,guidance to renew,1
7263-CXFHZ,2023-05-10,Yes,39,billing complaint,1
5489-GYQFN,2023-05-10,Yes,32,received refund,1
8111-KZYTE,2023-05-10,Yes,17,guidance to renew,1
7674-NYKFM,2023-05-10,No,19,No comment,1
3785-UWYJH,2023-05-10,Unknown,45,No comment,2
6576-CBFQL,2023-05-10,Yes,30,happy with service,2
6396-TVZJI,2023-05-10,Yes,46,No comment,1
6156-JOAAI,2023-05-10,Yes,13,happy with service,1
3761-YISGO,2023-05-10,Unknown,60,No comment,2
5071-OGDMG,2023-05-11,Yes,3,billing complaint,1
7249-VLXYY,2023-05-11,Yes,98,No comment,1
9318-PSNEU,2023-05-11,Yes,29,service issue,1
9106-LBATP,2023-05-11,Yes,59,demaned refund,1
1080-BPATF,2023-05-11,Yes,63,requested callback,1
7767-PGAUN,2023-05-11,Yes,41,service issue,1
2924-QLMSV,2023-05-11,Yes,41,app not working,1
4997-ERKTH,2023-05-11,Unknown,37,requested callback,2
6372-SMJSJ,2023-05-11,Unknown,97,app not working,2
9387-LJIQE,2023-05-11,No,95,happy with service,1
8902-LTMAE,2023-05-11,No,96,guidance to renew,2
4751-ZWEZM,2023-05-11,Unknown,99,app not working,2
6426-ILYFV,2023-05-11,Yes,39,app not working,3
9463-OJIXT,2023-05-11,No,25,No comment,1
4460-BOYTJ,2023-05-11,Unknown,50,paymnt failed,2
7420-VUNZX,2023-05-11,No,1,guidance to renew,1
3426-FQTUY,2023-05-12,Unknown,27,No comment,1
4581-APKLY,2023-05-12,Yes,87,demaned refund,1
8510-GNKNP,2023-05-12,Yes,20,requested callback,1
3525-YRWOO,2023-05-12,Yes,95,service issue,1
4038-SBHRQ,2023-05-12,Yes,29,demaned refund,1
3122-FJLPY,2023-05-12,Yes,54,service issue,2
7539-UNXKJ,2023-05-12,No,22,service issue,1
7281-QJEJQ,2023-05-12,Yes,89,received refund,1
5654-CSZPW,2023-05-12,Yes,13,happy with service,1
3124-RBZOT,2023-05-12,No,49,received refund,1
8272-RPHYN,2023-05-12,Yes,48,service issue,1
5269-WQYWL,2023-05-12,No,51,No comment,2
3856-SWAGL,2023-05-12,Yes,53,billing complaint,1
4987-NKPBI,2023-05-12,Yes,55,billing complaint,1
5329-SWFXP,2023-05-13,No,52,demaned refund,1
5420-CNCXL,2023-05-13,Unknown,91,No comment,1
1910-JDBXU,2023-05-13,No,74,service issue,2
1099-VRTNO,2023-05-13,No,24,paymnt failed,2
6327-CFVGN,2023-05-13,Yes,88,requested callback,1
6318-HMMGC,2023-05-13,No,13,No comment,1
0699-YUPOF,2023-05-13,Unknown,77,happy with service,1
5919-GBGMC,2023-05-13,Yes,35,billing complaint,1
5225-INIHH,2023-05-13,Yes,72,No comment,1
7119-GFXZP,2023-05-13,No,77,billing complaint,2
8671-QBGFP,2023-05-13,Yes,30,No comment,1
2143-MVJQY,2023-05-13,Yes,54,happy with service,1
8276-AUDXU,2023-05-13,Yes,75,demaned refund,2
3399-CADUE,2023-05-13,Unknown,86,app not working,1
8345-IMRGQ,2023-05-13,No,57,guidance to renew,1
8989-TLDJQ,2023-05-13,Yes,91,paymnt failed,1
2770-KGNRN,2023-05-13,Yes,84,happy with service,1
9455-LTJNA,2023-05-14,No,3,No comment,1
6831-AVOWR,2023-05-14,No,41,No comment,1
2655-LWTPW,2023-05-14,No,69,billing complaint,1
0238-EYFXI,2023-05-14,Yes,94,No comment,1
4866-PDFWW,2023-05-14,Yes,77,received refund,2
1594-AOVOR,2023-05-14,Yes,15,service issue,2
8003-JAOTB,2023-05-14,No,20,received refund,2
0473-NHZDE,2023-05-14,Yes,48,requested callback,1
2872-YGLZZ,2023-05-14,No,96,No comment,1
8926-DIZTU,2023-05-14,Yes,13,service issue,1
0325-HUVIL,2023-05-14,No,75,billing complaint,2
1073-YMQSP,2023-05-14,Yes,54,app not working,1
2360-PDMUH,2023-05-14,No,56,received refund,2
9314-HOYLW,2023-05-14,No,12,happy with service,1
0030-SZIKM,2023-05-14,Yes,63,No comment,1
8582-FYEKU,2023-05-14,Yes,17,requested callback,1
5629-LQTHF,2023-05-14,No,64,demaned refund,1
3517-BZGVX,2023-05-14,Yes,53,paymnt failed,1
3698-GXAFK,2023-05-15,No,31,paymnt failed,1
8312-VUGJK,2023-05-15,Yes,3,happy with service,1
7484-NFJVN,2023-05-15,Yes,66,demaned refund,1
5163-IQVDI,2023-05-15,Yes,92,requested callback,1
1908-HYDHD,2023-05-15,No,20,No comment,1
7654-AIYMU,2023-05-15,Yes,88,app not working,2
4900-ESSCO,2023-05-15,No,74,received refund,2
2766-RNQBV,2023-05-15,No,89,service issue,1
6200-PDCKE,2023-05-15,Unknown,16,app not working,1
1152-HELIL,2023-05-15,No,52,demaned refund,2
9831-WVWYC,2023-05-16,Yes,59,service issue,1
6365-NKLWM,2023-05-16,No,35,received refund,1
3819-XYWSD,2023-05-16,No,12,demaned refund,1
4071-AFRPR,2023-05-16,No,8,service issue,1
6340-WZXUQ,2023-05-16,Yes,80,No comment,1
6898-TJOVD,2023-05-16,Yes,58,received refund,1
5289-BENEK,2023-05-16,Yes,49,app not working,1
1766-YNBYG,2023-05-16,Yes,11,guidance to renew,1
1076-MTWNB,2023-05-16,Yes,71,billing complaint,1
3696-OMEAM,2023-05-16,No,50,No comment,1
6179-VXZYB,2023-05-16,Yes,90,app not working,1
2978-AKEGE,2023-05-16,Yes,85,No comment,1
2420-VOETR,2023-05-16,Yes,49,happy with service,1
7741-XMCRE,2023-05-16,Unknown,40,received refund,1
3712-FLNYK,2023-05-17,Unknown,84,No comment,1
9837-GZGZM,2023-05-17,No,77,No comment,1
0757-TBWPN,2023-05-17,No,14,received refund,1
6339-DBQZJ,2023-05-17,Yes,94,service issue,1
3760-GGDML,2023-05-17,No,8,received refund,1
1577-XISZO,2023-05-17,No,84,guidance to renew,1
9674-YDNQX,2023-05-17,Unknown,87,received refund,1
2903-HJOOY,2023-05-17,No,95,No comment,2
1651-TGSAW,2023-05-17,Unknown,24,No comment,2
4284-NCIPV,2023-05-17,No,55,happy with service,1
1514-JMAGH,2023-05-17,No,62,billing complaint,1
0278-MIUKS,2023-05-17,Unknown,10,No comment,2
3080-HLFAR,2023-05-17,No,97,received refund,1
7199-MUEJU,2023-05-17,Yes,6,requested callback,2
2261-AZPJH,2023-05-17,No,68,No comment,1
1115-YUQWS,2023-05-17,No,79,No comment,2
7672-TXQUL,2023-05-17,No,83,billing complaint,1
0986-WVKTB,2023-05-18,Yes,41,requested callback,1
8328-QHRCB,2023-05-18,No,78,happy with service,1
1898-CITAR,2023-05-18,Yes,77,No comment,1
8214-LTCEZ,2023-05-18,No,90,service issue,1
4103-KOIDJ,2023-05-18,No,10,app not working,2
2041-UKBPV,2023-05-18,Yes,12,guidance to renew,1
7260-EHVTN,2023-05-18,Yes,46,billing complaint,1
7051-KHWFD,2023-05-18,No,43,paymnt failed,1
8538-LQNLU,2023-05-18,No,19,No comment,1
4186-PJVEN,2023-05-18,Unknown,22,No comment,1
0666-FXGBN,2023-05-18,Yes,64,app not working,1
3481-MRAJX,2023-05-18,Yes,4,No comment,1
8508-ISWMZ,2023-05-18,No,49,No comment,1
4766-DGFGW,2023-05-19,Yes,97,service issue,1
2344-EEHXW,2023-05-19,No,89,No comment,1
1583-JFFVC,2023-05-19,No,87,paymnt failed,1
8016-OBAOQ,2023-05-19,No,77,guidance to renew,2
0598-RVQGB,2023-05-19,Yes,44,billing complaint,2
8595-GCZCR,2023-05-19,Unknown,49,billing complaint,1
9924-MOIQC,2023-05-19,No,29,received refund,2
0149-YTOYR,2023-05-19,No,80,billing complaint,1
2759-TQFNX,2023-05-19,No,36,received refund,2
6920-USVRG,2023-05-19,Yes,16,No comment,1
3524-MSZAE,2023-05-19,Yes,23,service issue,1
4989-WRMCA,2023-05-20,Yes,83,service issue,1
4065-KTMYU,2023-05-20,No,1,demaned refund,1
6666-GRYVV,2023-05-20,Yes,49,No comment,1
3802-ORGIK,2023-05-20,No,0,demaned refund,1
8380-PEBQD,2023-05-20,Yes,98,demaned refund,1
0086-VBRRO,2023-05-20,Yes,90,demaned refund,1
4924-ZCLQE,2023-05-20,Yes,59,guidance to renew,1
8525-DVFPJ,2023-05-20,Yes,41,demaned refund,1
5064-YWVIC,2023-05-20,No,22,happy with service,1
8352-ARWEB,2023-05-20,No,50,No comment,1
4897-SFNPP,2023-05-20,No,98,demaned refund,1
2067-LTCOW,2023-05-20,No,71,requested callback,2
7869-QSKPF,2023-05-20,Yes,70,service issue,2
4225-YYMHX,2023-05-20,Yes,80,guidance to renew,1
2748-OLQKT,2023-05-20,Yes,85,guidance to renew,1
6802-HEZWE,2023-05-20,No,95,billing complaint,1
2582-PJXHO,2023-05-21,Yes,5,requested callback,1
1326-JJPVJ,2023-05-21,Yes,93,billing complaint,1
6814-VCGHD,2023-05-21,Yes,57,guidance to renew,1
8466-LXSLW,2023-05-21,Yes,9,demaned refund,1
8833-YTWRN,2023-05-21,No,70,requested callback,1
4379-NYVEX,2023-05-21,Yes,49,guidance to renew,1
4845-JILOY,2023-05-22,No,11,billing complaint,2
3494-XEQZQ,2023-05-22,Yes,72,received refund,1
5727-LYRCN,2023-05-22,No,99,app not working,1
9261-NTWIZ,2023-05-22,No,48,guidance to renew,1
4025-RVZUJ,2023-05-22,Yes,17,billing complaint,2
6877-IZWPK,2023-05-22,Yes,73,happy with service,1
7427-HGUXK,2023-05-22,Yes,74,paymnt failed,1
3813-LPZLA,2023-05-22,No,59,No comment,2
9815-APJJS,2023-05-22,Yes,8,received refund,1
4383-MJAUF,2023-05-22,Yes,75,service issue,1
4885-NYQDS,2023-05-22,Yes,11,demaned refund,1
4197-HBMLM,2023-05-22,No,21,received refund,1
1195-KXPXU,2023-05-22,Yes,49,paymnt failed,1
4368-GUGRW,2023-05-22,No,78,paymnt failed,2
7584-ZLFWK,2023-05-22,No,12,received refund,2
8958-GIIGO,2023-05-23,No,81,app not working,1
4692-KMFPG,2023-05-23,Yes,49,paymnt failed,1
9239-ZWMUP,2023-05-23,Yes,49,service issue,1
6398-WYXKT,2023-05-23,Unknown,15,No comment,1
9592-FFROW,2023-05-23,Yes,49,demaned refund,1
5695-JWQKK,2023-05-23,No,17,happy with service,1
1431-PCUDE,2023-05-23,No,39,app not working,1
6889-OFQFP,2023-05-23,Yes,56,No comment,1
4678-NNZAR,2023-05-23,Yes,12,paymnt failed,1
9526-OLDSC,2023-05-23,No,13,billing complaint,1
6136-YOGHQ,2023-05-23,Unknown,84,billing complaint,2
8333-ZOTJH,2023-05-23,No,48,happy with service,1
8667-QYXYM,2023-05-23,No,64,guidance to renew,1
5461-RGSHV,2023-05-23,Yes,36,requested callback,1
1766-QDSFV,2023-05-23,Yes,36,received refund,2
8389-LQCPR,2023-05-23,Yes,25,No comment,2
2978-IXPHJ,2023-05-23,Yes,77,requested callback,1
5703-ILJSG,2023-05-23,Yes,61,app not working,1
0659-DIDGI,2023-05-23,No,70,app not working,2
3844-HYURH,2023-05-24,No,49,No comment,1
1586-KMBEU,2023-05-24,Yes,29,No comment,1
7028-TXVFA,2023-05-24,No,84,demaned refund,2
0845-RWOJZ,2023-05-24,Yes,77,paymnt failed,1
5252-ADUXA,2023-05-24,Yes,5,No comment,1
9036-OGPLI,2023-05-24,Yes,98,No comment,1
5500-BPFFQ,2023-05-24,No,54,paymnt failed,1
3919-ANMRO,2023-05-24,No,42,service issue,2
7016-SDZNX,2023-05-24,Yes,68,requested callback,1
4774-RUPYP,2023-05-24,No,69,app not working,1
8046-FOBSF,2023-05-24,No,54,service issue,1
3607-LRHBS,2023-05-24,Yes,21,received refund,2
3803-MCMXT,2023-05-24,Yes,96,service issue,1
7580-UHJNP,2023-05-24,Unknown,96,guidance to renew,1
7149-IJEOA,2023-05-24,Unknown,61,service issue,2
4637-UNKXJ,2023-05-24,No,73,No comment,1
7123-JLGTI,2023-05-24,No,21,paymnt failed,2
1092-ITUYH,2023-05-24,No,50,app not working,1
2880-GTJBB,2023-05-24,Yes,19,requested callback,2
9471-KMDGF,2023-05-24,No,89,happy with service,1
4301-KSHJN,2023-05-25,Yes,27,No comment,1
6251-DEQPA,2023-05-25,No,67,No comment,1
4933-YZKTT,2023-05-25,Yes,81,No comment,1
8065-XUZQQ,2023-05-25,No,67,guidance to renew,2
4252-NWCEN,2023-05-25,No,97,paymnt failed,2
4878-DDDSM,2023-05-25,No,30,app not working,1
3629-FNUXL,2023-05-25,No,71,requested callback,2
9387-IVGRU,2023-05-25,No,49,guidance to renew,1
4735-BARAS,2023-05-25,Yes,13,happy with service,2
9259-NCCGL,2023-05-25,No,95,paymnt failed,1
0119-SNHWY,2023-05-25,No,61,received refund,1
1517-XUQSP,2023-05-25,Yes,45,billing complaint,1
4287-QZHQT,2023-05-26,Yes,32,paymnt failed,1
8821-OJZSP,2023-05-26,Yes,87,happy with service,1
9664-MEZDE,2023-05-26,No,69,billing complaint,1
9566-RTZFP,2023-05-26,No,11,billing complaint,1
9456-POOGX,2023-05-26,No,31,billing complaint,1
4876-QEQOZ,2023-05-26,Yes,73,happy with service,1
8973-TDTXM,2023-05-26,No,7,demaned refund,1
4843-TKLFQ,2023-05-26,No,46,No comment,1
3881-RXHVO,2023-05-26,Yes,50,guidance to renew,2
9883-VOKZF,2023-05-26,No,11,No comment,1
3842-BOCNG,2023-05-26,Unknown,54,billing complaint,1
9028-FSHTH,2023-05-26,No,17,billing complaint,1
6472-TFJPI,2023-05-26,Yes,6,No comment,1
8420-XVZXM,2023-05-26,No,23,requested callback,1
6966-RYXNA,2023-05-26,Yes,95,happy with service,2
9065-PYBTP,2023-05-26,No,52,demaned refund,2
6839-ZEWZM,2023-05-26,Yes,75,No comment,1
2194-BUWXD,2023-05-26,Yes,49,service issue,1
9027-SDVZP,2023-05-26,Yes,69,received refund,1
6200-BALAN,2023-05-27,No,48,app not working,1
0103-LNXEL,2023-05-27,No,28,received refund,1
3050-YDEQO,2023-05-27,No,25,received refund,1
0794-OWJHB,2023-05-27,No,22,app not working,1
7285-CUSPW,2023-05-27,No,61,billing complaint,1
3133-LWGVH,2023-05-27,No,87,requested callback,1
5391-QZKZQ,2023-05-27,Yes,91,demaned refund,1
5391-IWFAY,2023-05-27,No,68,guidance to renew,1
4762-MKZHG,2023-05-27,No,29,No comment,1
7764-YVKAS,2023-05-27,No,83,No comment,1
7960-XXZHR,2023-05-27,Yes,61,billing complaint,1
7869-AKJLA,2023-05-27,Yes,90,demaned refund,2
3138-QCXNB,2023-05-27,No,80,happy with service,1
7194-GBQIS,2023-05-27,Yes,4,No comment,1
4398-NOPFR,2023-05-27,No,83,requested callback,1
9315-AHLYK,2023-05-27,No,55,paymnt failed,1
2568-YHPOZ,2023-05-27,No,6,demaned refund,1
2487-QDDLF,2023-05-27,Yes,91,received refund,2
9167-FMLWP,2023-05-27,No,64,No comment,2
0575-EMNJQ,2023-05-27,No,10,guidance to renew,1
6369-FBBFE,2023-05-27,Yes,53,No comment,2
9394-VFCFZ,2023-05-27,No,59,service issue,2
7570-VLIAR,2023-05-27,No,50,paymnt failed,1
6320-ZJWVO,2023-05-27,No,79,requested callback,1
3743-ECYDJ,2023-05-27,No,47,paymnt failed,1
7660-HXHVY,2023-06-01,No,76,paymnt failed,1
9147-ICGOG,2023-06-01,No,36,paymnt failed,1
5123-XSMDP,2023-06-01,No,56,No comment,1
4246-EVZTE,2023-06-01,Yes,24,No comment,1
8632-DJPJA,2023-06-01,No,38,paymnt failed,1
1314-FVELS,2023-06-01,Yes,87,billing complaint,1
6265-JXQIG,2023-06-01,Yes,40,paymnt failed,1
0474-TPRIE,2023-06-01,No,28,No comment,1
3982-LXNCB,2023-06-01,Unknown,32,happy with service,2
2941-TNAII,2023-06-01,Yes,40,billing complaint,1
5023-QHPYK,2023-06-01,No,56,service issue,1
3671-EKQIT,2023-06-01,Yes,8,service issue,1
7745-MSCCI,2023-06-01,Yes,47,demaned refund,1
8873-GMLYG,2023-06-01,Yes,36,billing complaint,1
6332-QVVAQ,2023-06-01,Yes,84,demaned refund,1
2886-PSPLM,2023-06-01,No,42,paymnt failed,1
6425-KQCNL,2023-06-02,No,8,demaned refund,1
1653-FMIVW,2023-06-02,Yes,93,demaned refund,1
0436-YEFID,2023-06-02,No,47,paymnt failed,1
3724-MRVJY,2023-06-02,Yes,29,No comment,1
3631-WQMCW,2023-06-02,Yes,26,No comment,2
8482-BQRDO,2023-06-02,Yes,85,received refund,1
2192-CQZAL,2023-06-02,No,60,guidance to renew,1
9392-WRFME,2023-06-02,No,36,received refund,2
6678-WLZAU,2023-06-02,No,67,paymnt failed,1
2400-XAICU,2023-06-02,No,85,paymnt failed,1
5399-VYHWR,2023-06-02,Yes,20,happy with service,1
0585-NJMPR,2023-06-02,No,50,demaned refund,1
0210-NINRM,2023-06-02,Yes,37,paymnt failed,1
3833-HMIBX,2023-06-02,Yes,47,received refund,1
5751-TPVDO,2023-06-03,Yes,7,demaned refund,1
6618-LJXXP,2023-06-03,No,13,No comment,1
9288-DCNOK,2023-06-03,No,26,No comment,1
9368-WRRAE,2023-06-03,Yes,33,guidance to renew,2
1672-YBJTR,2023-06-03,Yes,83,No comment,1
3230-OKEDV,2023-06-03,No,7,requested callback,1
4279-PAQWL,2023-06-03,Yes,76,happy with service,2
5260-JSZDT,2023-06-03,No,85,happy with service,1
1206-JBFGD,2023-06-03,Yes,16,demaned refund,1
9636-SKUQF,2023-06-03,Yes,62,billing complaint,1
1262-VDJHH,2023-06-03,Yes,24,No comment,1
0070-WCAYN,2023-06-03,Yes,67,No comment,2
2755-GVDPB,2023-06-03,Yes,30,No comment,1
7960-ELEJO,2023-06-03,Yes,80,paymnt failed,2
4022-QEEYP,2023-06-03,No,42,happy with service,2
1349-OWTVY,2023-06-03,Unknown,85,received refund,1
1739-JSLLU,2023-06-03,Unknown,80,guidance to renew,1
3603-CGBDG,2023-06-03,No,31,paymnt failed,2
6063-TRUTN,2023-06-03,No,3,received refund,1
0108-TOBPZ,2023-06-03,Yes,47,received refund,1
6447-QIJIA,2023-06-03,Yes,11,service issue,1
2249-QVALD,2023-06-03,No,83,paymnt failed,2
2508-CGPVC,2023-06-03,No,49,received refund,1
3025-QPDNB,2023-06-04,Yes,43,No comment,1
1088-WEFXB,2023-06-04,Yes,88,received refund,1
8906-NVJFU,2023-06-04,Unknown,10,received refund,2
5874-WKWZB,2023-06-04,No,56,demaned refund,1
2073-ESDLD,2023-06-04,Yes,97,received refund,2
1139-WDWRL,2023-06-04,Yes,31,paymnt failed,1
1948-OONMM,2023-06-04,No,68,No comment,1
8693-FKJOU,2023-06-04,No,45,demaned refund,1
8832-INHTE,2023-06-04,Yes,50,happy with service,2
2311-VJXTQ,2023-06-04,No,46,paymnt failed,1
6595-UFVJO,2023-06-04,No,37,guidance to renew,1
1507-NEIWD,2023-06-04,Yes,95,billing complaint,2
1541-QHBNR,2023-06-04,Yes,4,demaned refund,2
1615-MQTMU,2023-06-04,No,20,guidance to renew,1
8503-UNSWS,2023-06-05,Yes,10,No comment,1
3073-EXSIX,2023-06-05,Unknown,24,demaned refund,1
6421-FZKPG,2023-06-05,Yes,24,happy with service,1
8167-RRKYM,2023-06-05,No,42,billing complaint,1
7829-BJBKM,2023-06-05,No,4,demaned refund,1
3306-HLGTF,2023-06-05,Yes,88,happy with service,1
7070-RPHFP,2023-06-05,No,5,No comment,1
9561-LGTZS,2023-06-05,No,30,received refund,1
5388-EWHHT,2023-06-05,Yes,55,happy with service,1
0525-BFANS,2023-06-05,No,67,received refund,2
3118-ANNXJ,2023-06-05,Unknown,64,billing complaint,2
5944-BWAVO,2023-06-05,No,63,paymnt failed,1
9963-OTNUX,2023-06-05,No,25,received refund,1
5789-KASFE,2023-06-05,No,79,billing complaint,1
8072-YMQBH,2023-06-05,No,16,billing complaint,1
0804-NOAMK,2023-06-05,No,49,No comment,2
1025-FHHMW,2023-06-06,No,60,app not working,1
3972-DAZWZ,2023-06-06,Yes,83,demaned refund,1
4984-QMPMH,2023-06-06,Yes,96,No comment,1
2651-XMNBK,2023-06-06,No,10,guidance to renew,1
4760-LMAWB,2023-06-06,Yes,96,billing complaint,1
9473-XFVKV,2023-06-06,No,95,billing complaint,1
7212-VDWES,2023-06-06,Yes,85,paymnt failed,1
5436-FSPAD,2023-06-06,No,66,requested callback,1
4980-JDQNU,2023-06-06,No,95,happy with service,1
8841-CZSZB,2023-06-06,No,29,No comment,1
3100-OWQFX,2023-06-06,Unknown,49,happy with service,1
5327-OQFPO,2023-06-06,Yes,93,received refund,1
2995-RMRNR,2023-06-06,No,68,No comment,2
9371-CWNDF,2023-06-06,Unknown,2,service issue,2
2762-OLSZC,2023-06-06,No,49,app not working,1
3860-VYRLK,2023-06-06,No,31,happy with service,2
3043-OCIYU,2023-06-06,No,12,received refund,1
6005-IHXKS,2023-06-06,Yes,3,guidance to renew,1
0092-NQQIF,2023-06-06,Unknown,34,service issue,1
3704-HVJXG,2023-06-07,No,26,No comment,1
8550-YNBUA,2023-06-07,No,41,guidance to renew,1
4553-FUXQX,2023-06-07,Yes,70,No comment,1
7724-GVZRB,2023-06-07,No,96,billing complaint,1
9255-LXUMB,2023-06-07,No,62,paymnt failed,1
7084-DWHVJ,2023-06-07,Yes,67,service issue,1
2085-UKHQV,2023-06-07,No,75,No comment,1
2336-WAUPI,2023-06-07,Yes,53,requested callback,1
8113-BFOEO,2023-06-07,Yes,30,received refund,1
2559-QDIVH,2023-06-07,No,64,No comment,1
7820-WOOWH,2023-06-07,No,66,requested callback,1
7190-SAHON,2023-06-07,Yes,84,billing complaint,1
1706-JWPFO,2023-06-07,No,23,No comment,1
2003-SBHPD,2023-06-07,Unknown,49,guidance to renew,2
3269-ZLKXX,2023-06-07,No,26,guidance to renew,2
4780-IPYBX,2023-06-07,Yes,32,No comment,1
1148-MXUOZ,2023-06-07,No,75,received refund,1
1933-QPRUU,2023-06-08,Yes,75,paymnt failed,1
5729-UDRHO,2023-06-08,No,80,billing complaint,1
7963-NEMVB,2023-06-08,Yes,79,billing complaint,1
3938-HQEOK,2023-06-08,No,44,No comment,1
0657-KSSAP,2023-06-08,No,60,No comment,1
7336-LSWDG,2023-06-08,Yes,67,demaned refund,1
6809-LNZXY,2023-06-08,Yes,31,No comment,1
3153-AUBKQ,2023-06-08,Yes,39,paymnt failed,1
9030-ZXFGE,2023-06-08,Yes,4,No comment,1
5472-LPCXJ,2023-06-08,Yes,9,No comment,2
8588-WHSVK,2023-06-08,Yes,49,received refund,1
5269-MQQJO,2023-06-08,No,25,No comment,1
7459-SCDHU,2023-06-08,Yes,31,demaned refund,2
0049-HWTAU,2023-06-08,Yes,31,guidance to renew,1
7075-QHJFZ,2023-06-08,Unknown,51,No comment,1
1684-SRYPN,2023-06-08,No,75,demaned refund,1
5477-YVBKU,2023-06-08,Yes,4,service issue,1
7890-HTOLR,2023-06-08,No,26,app not working,1
5871-NBMXL,2023-06-08,No,35,No comment,1
7771-CSNUA,2023-06-08,No,36,received refund,1
8173-QKWNQ,2023-06-09,Yes,28,app not working,1
1154-JDEDT,2023-06-09,Yes,27,billing complaint,1
2423-ZHYVN,2023-06-09,Yes,75,app not working,2
7357-JRZPQ,2023-06-09,Yes,52,guidance to renew,2
5049-LTTRG,2023-06-09,Yes,95,received refund,1
0586-QDYTH,2023-06-09,Yes,53,service issue,1
8181-WLECP,2023-06-09,No,48,received refund,1
1151-HKNWD,2023-06-09,No,75,No comment,1
3541-JKQQK,2023-06-09,No,27,requested callback,1
5668-LZEBA,2023-06-09,No,67,received refund,1
0574-KLIDT,2023-06-09,Yes,40,happy with service,1
7011-LCVFF,2023-06-09,No,26,paymnt failed,1
9407-JGHNN,2023-06-09,Yes,17,received refund,2
1664-YOUDU,2023-06-09,No,56,paymnt failed,2
4364-JXJBQ,2023-06-09,No,12,received refund,1
9557-LPMPN,2023-06-09,Yes,32,demaned refund,1
3345-TUBXE,2023-06-09,Yes,51,happy with service,1
9578-PLDMQ,2023-06-09,No,71,billing complaint,1
6115-VAQTV,2023-06-09,No,90,billing complaint,1
4637-FMLPP,2023-06-09,No,53,No comment,1
0077-RQZDB,2023-06-09,Yes,13,guidance to renew,1
9395-SUDQS,2023-06-10,No,76,billing complaint,1
2064-ZNPPN,2023-06-10,Yes,71,No comment,2
8185-ZBRFY,2023-06-10,No,40,service issue,1
0099-MQCLM,2023-06-10,No,23,service issue,1
2079-FYFQQ,2023-06-10,Yes,18,paymnt failed,1
4480-EOACM,2023-06-10,No,70,No comment,1
6345-TKAIS,2023-06-10,Yes,9,service issue,1
6100-AVSBH,2023-06-10,No,15,app not working,1
5964-UXCIL,2023-06-10,Yes,35,paymnt failed,1
8471-BFACS,2023-06-10,No,67,No comment,1
5720-LCCUV,2023-06-10,No,87,received refund,1
1805-FWUZJ,2023-06-10,Yes,61,paymnt failed,1
9029-DKNCI,2023-06-10,Yes,22,guidance to renew,2
5887-XEXED,2023-06-10,Yes,67,received refund,2
9331-OXJPO,2023-06-10,Unknown,92,app not working,1
2924-EDLGN,2023-06-10,No,74,billing complaint,1
0642-HESEV,2023-06-11,No,39,No comment,1
2046-TVGYR,2023-06-11,Yes,16,app not working,1
9821-BVALM,2023-06-11,Yes,6,billing complaint,1
9616-ZAZDO,2023-06-11,No,37,billing complaint,1
8540-HJRJL,2023-06-11,Yes,97,demaned refund,1
8457-VWZJX,2023-06-11,No,51,guidance to renew,1
7957-RRSNB,2023-06-11,Yes,98,No comment,3
0692-ZXQHE,2023-06-11,No,18,app not working,2
3469-JGVGR,2023-06-11,Yes,49,No comment,1
2884-KSWJV,2023-06-11,Yes,27,billing complaint,2
3923-PHMSR,2023-06-11,No,9,No comment,2
5366-TXWGD,2023-06-11,Yes,83,app not working,1
8858-PJOPU,2023-06-11,No,48,No comment,1
2240-WFIWV,2023-06-11,Yes,29,demaned refund,1
0337-PCVRY,2023-06-11,No,97,service issue,1
5714-JCLXR,2023-06-11,Yes,30,service issue,1
5387-NRJXD,2023-06-12,Unknown,9,No comment,1
2790-NSTTD,2023-06-12,Yes,17,app not working,1
6490-WADVX,2023-06-12,Yes,46,requested callback,1
2064-EVWZV,2023-06-12,Unknown,54,No comment,1
1141-ZBEVV,2023-06-12,No,70,No comment,1
1040-POQHR,2023-06-12,Unknown,49,No comment,1
2567-IXDCY,2023-06-12,Unknown,5,happy with service,1
7005-QSOQJ,2023-06-12,Unknown,74,requested callback,1
1121-TPXSY,2023-06-12,No,79,demaned refund,1
7100-GVVYP,2023-06-12,No,97,app not working,1
6811-CNHHC,2023-06-12,Yes,30,service issue,1
2814-AYMNE,2023-06-12,No,0,No comment,1
2867-UAYDA,2023-06-12,No,67,billing complaint,2
4443-PAEPN,2023-06-12,Yes,53,received refund,2
2924-EDVDF,2023-06-12,Yes,24,No comment,1
1325-PJCZN,2023-06-12,No,38,service issue,1
4316-HDXZF,2023-06-12,Yes,67,received refund,1
4137-YYGXI,2023-06-13,Yes,82,No comment,1
1845-RCXWD,2023-06-13,No,11,requested callback,2
9553-CLFZA,2023-06-13,Yes,72,demaned refund,1
5733-VUHNM,2023-06-13,No,17,requested callback,1
0459-EVTWS,2023-06-13,No,64,No comment,1
6074-IFZQM,2023-06-13,Yes,70,happy with service,1
1072-NKIBS,2023-06-13,Yes,52,happy with service,1
7281-QAKYS,2023-06-13,No,60,No comment,2
2140-MTIBU,2023-06-13,No,1,service issue,1
3442-CIXKC,2023-06-13,No,61,requested callback,1
9633-VJZIW,2023-06-13,No,61,No comment,1
0445-EGHIE,2023-06-13,No,6,service issue,2
7486-EHQJM,2023-06-13,Unknown,49,billing complaint,2
1409-IFREY,2023-06-14,No,34,billing complaint,1
8241-TDXRO,2023-06-14,Yes,40,billing complaint,1
3783-QVSXY,2023-06-14,No,5,guidance to renew,1
1619-VGTBQ,2023-06-14,Yes,48,No comment,1
1071-JQKGJ,2023-06-14,No,15,No comment,1
2675-ACHSS,2023-06-14,No,19,No comment,1
5412-THRDO,2023-06-14,Yes,33,requested callback,1
7465-COTJQ,2023-06-14,No,80,requested callback,1
9550-JEFOB,2023-06-14,Yes,17,guidance to renew,1
9196-EEGZF,2023-06-14,Yes,66,received refund,1
4932-UPLMF,2023-06-14,No,85,service issue,2
2991-GXHBV,2023-06-14,Yes,83,received refund,1
1463-WHWXS,2023-06-14,Unknown,77,requested callback,1
2718-MMBIW,2023-06-14,Yes,90,No comment,2
8084-BCUOF,2023-06-14,Yes,53,billing complaint,2
9960-NQFQR,2023-06-14,No,29,service issue,2
4423-YLEEH,2023-06-14,Yes,51,No comment,1
9926-YMCPI,2023-06-14,No,24,billing complaint,1
7017-ISQOI,2023-06-15,Yes,8,app not working,1
9232-ZRGDD,2023-06-15,No,9,demaned refund,1
4143-RSLFO,2023-06-15,Unknown,56,paymnt failed,1
1114-DPLNA,2023-06-15,Unknown,8,guidance to renew,1
3443-ZQMKR,2023-06-15,No,55,guidance to renew,1
3720-MELGS,2023-06-15,No,46,billing complaint,1
3462-APILC,2023-06-15,Yes,11,No comment,1
9896-DEPXL,2023-06-15,No,4,guidance to renew,2
3004-YAVSO,2023-06-15,Yes,96,billing complaint,1
7393-JZTWZ,2023-06-15,Yes,55,happy with service,1
3673-HNKPW,2023-06-15,No,38,No comment,2
3471-QGGUV,2023-06-15,Yes,29,paymnt failed,2
3305-DSKCB,2023-06-15,No,25,requested callback,1
6115-ZNDEF,2023-06-16,No,60,No comment,1
4385-IBCXH,2023-06-16,No,35,service issue,1
3138-BFCXW,2023-06-16,No,70,paymnt failed,1
6411-CYALD,2023-06-16,Yes,12,happy with service,1
6833-OHZZF,2023-06-16,No,65,No comment,1
8288-FWAVJ,2023-06-16,No,65,No comment,1
6004-FDZNB,2023-06-16,Yes,46,paymnt failed,1
3139-MMABS,2023-06-16,Unknown,19,paymnt failed,1
8472-XWWYV,2023-06-16,No,88,service issue,1
2216-JUIKM,2023-06-16,No,91,requested callback,1
5632-HHRBU,2023-06-16,No,95,paymnt failed,1
6302-AFYON,2023-06-16,Yes,21,No comment,2
3378-RAJGH,2023-06-16,Yes,2,No comment,1
1746-HCXAH,2023-06-16,Yes,9,app not working,2
6380-USNTI,2023-06-17,Yes,58,billing complaint,1
7451-DLNGN,2023-06-17,Unknown,90,No comment,1
5729-KFSAA,2023-06-17,Yes,55,billing complaint,1
2824-EPUGC,2023-06-17,No,53,app not working,1
2729-PCQPD,2023-06-17,No,85,billing complaint,2
1554-BVHID,2023-06-17,No,45,guidance to renew,1
2452-BUFXL,2023-06-17,Yes,83,requested callback,2
0253-XBUMH,2023-06-17,No,82,happy with service,2
0194-JJPSU,2023-06-17,Yes,56,No comment,1
3274-BOSEF,2023-06-17,No,99,No comment,1
3409-ZFCUM,2023-06-17,Yes,49,No comment,2
7141-JGIZQ,2023-06-17,Yes,45,demaned refund,1
7560-GNRPB,2023-06-17,No,2,billing complaint,1
6862-JHEDZ,2023-06-17,No,22,billing complaint,1
0608-SDLAD,2023-06-17,Yes,0,demaned refund,1
2870-FSIQN,2023-06-17,Yes,85,requested callback,1
5727-KAHZV,2023-06-18,No,88,No comment,1
4025-DUJEC,2023-06-18,No,98,service issue,1
7850-FDATB,2023-06-18,Yes,16,app not working,1
2021-PQICO,2023-06-18,No,99,guidance to renew,1
1923-NKREN,2023-06-18,No,98,guidance to renew,1
4660-AFILS,2023-06-18,No,74,app not working,1
4406-MVZAS,2023-06-18,Yes,13,guidance to renew,1
8678-VDFGH,2023-06-18,No,99,happy with service,1
1568-EPECP,2023-06-18,Yes,82,happy with service,1
4371-EKVHE,2023-06-18,No,51,guidance to renew,1
4630-UOAZL,2023-06-18,Yes,87,happy with service,1
6331-KIYDL,2023-06-18,No,45,service issue,2
1668-NKXRB,2023-06-18,No,2,guidance to renew,1
1805-XXSQY,2023-06-18,No,41,requested callback,2
3737-HLYYL,2023-06-18,Yes,92,happy with service,1
7783-XEWDV,2023-06-18,Yes,84,paymnt failed,1
0796-KXOZY,2023-06-18,Yes,49,No comment,1
6135-UPPIB,2023-06-19,No,86,demaned refund,1
0873-WIBFR,2023-06-19,Yes,81,service issue,1
7094-SEAYX,2023-06-19,Yes,27,app not working,1
3887-GBUMU,2023-06-19,Yes,95,billing complaint,1
3354-MQYMP,2023-06-19,Unknown,46,happy with service,1
8957-QZLWA,2023-06-19,No,71,guidance to renew,1
8425-MOQED,2023-06-19,No,79,app not working,2
0250-EYDAD,2023-06-19,Yes,6,guidance to renew,2
2372-HSRUE,2023-06-19,Yes,27,No comment,1
9138-RCANU,2023-06-19,No,37,No comment,1
9500-NVDOY,2023-06-19,Yes,30,received refund,1
0918-FWRRA,2023-06-20,No,1,demaned refund,1
1731-TXBXN,2023-06-20,No,6,requested callback,1
8073-RFVNR,2023-06-20,Yes,91,No comment,1
2233-SCVYD,2023-06-20,Yes,93,requested callback,1
7561-TLYTH,2023-06-20,No,49,happy with service,1
5067-TZOPD,2023-06-20,Yes,23,requested callback,2
9744-VRKYS,2023-06-20,No,80,app not working,1
0808-KQCNQ,2023-06-20,Unknown,17,service issue,1
0664-SNFFC,2023-06-20,No,34,received refund,1
2623-AGUZH,2023-06-20,No,19,paymnt failed,1
4341-CICNG,2023-06-20,Unknown,8,No comment,1
4687-RDXQD,2023-06-20,Yes,41,requested callback,1
2392-LGCZQ,2023-06-20,Yes,17,service issue,2
2020-WERGV,2023-06-20,No,60,requested callback,1
6163-LTRPH,2023-06-20,No,1,demaned refund,2
0211-UHDJY,2023-06-20,Unknown,54,billing complaint,1
6732-QXNEZ,2023-06-20,Yes,35,requested callback,1
4462-FNAFW,2023-06-21,Yes,93,No comment,1
4994-ZHFOK,2023-06-21,Yes,42,received refund,1
3012-PZELI,2023-06-21,Yes,84,service issue,1
6945-RQODA,2023-06-21,Yes,42,app not working,1
4482-BBUEF,2023-06-21,No,96,No comment,1
6778-PEWRX,2023-06-21,No,27,No comment,1
2199-YWEAE,2023-06-21,No,76,happy with service,1
6859-JEKYF,2023-06-21,No,31,app not working,1
9287-ZFVZY,2023-06-21,Yes,26,received refund,1
7185-MTFAO,2023-06-21,Yes,23,happy with service,1
0798-GQANB,2023-06-21,Yes,97,No comment,1
4496-EKVNO,2023-06-22,Yes,29,happy with service,1
1072-EPQCN,2023-06-22,Yes,17,No comment,1
9503-LJXVR,2023-06-22,Unknown,43,paymnt failed,1
3927-WKGMO,2023-06-22,No,76,received refund,1
7077-MEXGJ,2023-06-22,Unknown,18,app not working,2
5536-XKNSS,2023-06-22,No,18,service issue,1
5006-RTXMB,2023-06-22,No,36,received refund,2
2241-PULQC,2023-06-22,Yes,87,happy with service,2
3255-YFSQS,2023-06-22,Unknown,40,No comment,2
4660-NQMWJ,2023-06-22,Unknown,8,happy with service,1
9533-XLPWJ,2023-06-22,Yes,36,happy with service,1
5857-ZTRVI,2023-06-22,Yes,68,demaned refund,1
2626-UNYUO,2023-06-22,Unknown,3,guidance to renew,1
7201-ESGYQ,2023-06-22,No,69,No comment,1
4762-XSMVL,2023-06-23,Unknown,88,app not working,1
0847-DXRGJ,2023-06-23,No,44,billing complaint,1
3629-FLDJG,2023-06-23,Yes,89,app not working,1
6846-LBHBP,2023-06-23,Unknown,42,billing complaint,1
2894-IOBBX,2023-06-23,No,63,guidance to renew,2
2172-WYORC,2023-06-23,No,79,guidance to renew,2
4289-KAECK,2023-06-23,No,49,No comment,1
0530-RGCYD,2023-06-23,No,44,service issue,1
5928-IGHDK,2023-06-23,Yes,55,demaned refund,1
6507-CQAAJ,2023-06-23,Yes,89,guidance to renew,1
5329-WKNLH,2023-06-23,No,73,paymnt failed,1
7239-YHIKQ,2023-06-23,No,76,guidance to renew,2
8070-TJCHH,2023-06-23,No,69,No comment,1
6020-MIIYB,2023-06-24,Unknown,49,No comment,1
4019-QDFBG,2023-06-24,No,71,No comment,1
9556-SLFWW,2023-06-24,Yes,10,No comment,1
7670-XAWBP,2023-06-24,Yes,78,happy with service,2
2718-JXUWV,2023-06-24,Yes,51,service issue,1
1190-DSJDV,2023-06-24,Yes,51,requested callback,2
5878-CRXZU,2023-06-24,Yes,65,app not working,2
9419-MUCRE,2023-06-24,No,60,guidance to renew,1
5353-TQYRA,2023-06-24,Yes,34,service issue,1
8597-SFKLZ,2023-06-25,No,17,No comment,1
4061-YEOUO,2023-06-25,No,81,No comment,1
8876-CAHPQ,2023-06-25,Yes,42,app not working,1
1256-TVCDB,2023-06-25,Yes,98,No comment,1
8335-YMRXP,2023-06-25,Yes,62,demaned refund,1
2072-LIRQQ,2023-06-25,No,23,app not working,1
6807-MDKVV,2023-06-25,Yes,28,guidance to renew,1
8217-CMABK,2023-06-25,Unknown,0,No comment,1
4290-QJEJC,2023-06-25,Yes,46,service issue,1
3045-DFOHV,2023-06-25,No,49,No comment,1
6669-LOQLX,2023-06-25,Yes,93,No comment,2
7521-WALXI,2023-06-25,Yes,76,guidance to renew,1
4522-WDIUY,2023-06-25,Unknown,13,demaned refund,2
6615-CGPTI,2023-06-25,No,44,guidance to renew,2
2342-FEXVO,2023-06-25,Yes,2,requested callback,2
8370-FGJUK,2023-06-25,Yes,54,received refund,1
2843-URBSX,2023-06-25,Unknown,85,happy with service,1
6282-UITQI,2023-06-26,No,85,requested callback,1
0850-EEJHN,2023-06-26,No,32,No comment,1
9708-UWINY,2023-06-26,No,49,billing complaint,1
5450-KIJAA,2023-06-26,No,62,received refund,1
2421-RRGTY,2023-06-26,Unknown,67,No comment,1
5397-LTYJH,2023-06-26,Yes,90,No comment,1
2773-EDTHN,2023-06-26,Yes,71,guidance to renew,1
2740-QKRLI,2023-06-26,No,20,No comment,1
1605-QIJVS,2023-06-26,Yes,6,paymnt failed,1
9001-IHLVO,2023-06-26,No,97,paymnt failed,1
7170-HLQGN,2023-06-26,Yes,35,app not working,1
2009-LFMJZ,2023-06-26,Unknown,24,guidance to renew,2
7662-JWFRZ,2023-06-26,Unknown,94,service issue,1
6356-HIAWV,2023-06-26,No,1,No comment,1
6837-QMCRZ,2023-06-26,Yes,46,happy with service,1
9966-RLNXV,2023-06-26,Yes,88,demaned refund,1
6874-SLKSI,2023-06-26,Yes,94,demaned refund,2
2993-HLBGA,2023-06-26,No,52,received refund,1
5727-BWLCA,2023-06-27,Yes,46,paymnt failed,2
5497-OREIH,2023-06-27,No,68,app not working,2
0932-PDAMC,2023-06-27,No,46,app not working,1
6043-FOVYM,2023-06-27,No,85,service issue,1
1810-WNLLT,2023-06-27,No,52,paymnt failed,1
9622-DGBXT,2023-06-27,No,12,No comment,1
1714-IBEEH,2023-06-27,Yes,64,app not working,1
9360-HDJAK,2023-06-27,Yes,93,No comment,1
4513-YQSVG,2023-06-27,No,47,billing complaint,1
5648-YYYNV,2023-07-01,Yes,29,paymnt failed,1
8188-CPLXY,2023-07-01,Yes,57,requested callback,1
1016-STDRD,2023-07-01,Yes,98,received refund,1
7421-LYSGX,2023-07-01,No,70,No comment,1
0642-GPOZI,2023-07-01,Yes,56,demaned refund,1
2534-XJJNJ,2023-07-01,Yes,79,received refund,1
3568-EYFGL,2023-07-01,Yes,95,paymnt failed,1
5389-MNEDD,2023-07-01,Unknown,4,app not working,2
9301-GYBEE,2023-07-01,No,54,No comment,2
2502-KJXRF,2023-07-01,Yes,56,requested callback,1
4901-NCQYS,2023-07-01,No,3,demaned refund,1
2496-RONZI,2023-07-01,No,34,demaned refund,1
0618-RTSOF,2023-07-01,Yes,30,No comment,1
0766-AXODE,2023-07-01,Yes,31,received refund,2
7617-IXSPU,2023-07-01,Unknown,66,No comment,1
2576-AGXDZ,2023-07-02,No,76,No comment,2
0929-AHDOZ,2023-07-02,Yes,92,app not working,1
3004-XOPBH,2023-07-02,Yes,85,No comment,1
6758-PINMH,2023-07-02,No,7,billing complaint,1
4216-WSQSW,2023-07-02,No,79,paymnt failed,1
2163-KBYVV,2023-07-02,Yes,21,billing complaint,1
3898-YGSNS,2023-07-02,No,36,No comment,1
2476-JLPOT,2023-07-02,Unknown,64,service issue,1
5330-NFVOI,2023-07-02,Unknown,49,service issue,1
0340-GZTSC,2023-07-02,No,84,No comment,1
2690-WGINV,2023-07-02,No,51,billing complaint,1
7375-CSUZT,2023-07-02,Yes,0,No comment,2
6910-LIUSB,2023-07-02,No,49,guidance to renew,1
3754-UMGPL,2023-07-02,No,51,No comment,2
1977-KDZXV,2023-07-02,Yes,18,No comment,2
3185-CPISK,2023-07-02,Unknown,86,paymnt failed,1
5193-YRQLP,2023-07-03,No,79,happy with service,1
2618-UIKXV,2023-07-03,Yes,43,No comment,1
8782-NODHY,2023-07-03,Yes,71,No comment,1
9681-TSWAQ,2023-07-03,No,90,demaned refund,1
8239-UIATZ,2023-07-03,No,16,received refund,1
1315-ZJTOI,2023-07-03,Yes,16,paymnt failed,1
9867-OMMXL,2023-07-03,No,17,happy with service,1
3725-WBAAU,2023-07-03,Yes,49,guidance to renew,2
3577-YNVTA,2023-07-03,No,50,paymnt failed,1
2154-IZMEV,2023-07-03,Yes,19,app not working,1
9549-CGPBJ,2023-07-03,Yes,31,requested callback,1
3498-RIDEK,2023-07-03,Unknown,14,No comment,2
3912-RZAYN,2023-07-03,No,1,guidance to renew,1
4303-ATNJI,2023-07-04,Yes,26,demaned refund,1
5413-VCTUI,2023-07-04,Yes,20,No comment,1
1839-CEXSI,2023-07-04,No,3,paymnt failed,1
3671-BSHDV,2023-07-04,No,2,demaned refund,1
6846-CNNKD,2023-07-04,No,37,No comment,1
7961-YPBLO,2023-07-04,No,97,No comment,1
3539-YXBFD,2023-07-04,Yes,47,received refund,2
6468-VIKED,2023-07-04,No,44,billing complaint,1
2812-NXDFQ,2023-07-04,No,84,received refund,1
1200-CBHZU,2023-07-05,No,37,requested callback,1
6825-PATQT,2023-07-05,Yes,13,requested callback,1
2619-ZOCHU,2023-07-05,Unknown,93,app not working,1
5197-SWOMD,2023-07-05,No,44,app not working,1
0070-UFVGB,2023-07-05,No,84,paymnt failed,1
8025-CUDMY,2023-07-05,Unknown,43,guidance to renew,1
2213-MSPTK,2023-07-05,Yes,3,requested callback,1
2681-KXCEY,2023-07-05,No,4,No comment,1
7513-VQPGV,2023-07-05,No,35,received refund,1
3838-ELOGC,2023-07-05,No,93,service issue,2
2292-IMAFS,2023-07-05,Yes,81,requested callback,1
1458-FOAFL,2023-07-05,No,5,paymnt failed,1
7444-UIQTY,2023-07-05,Yes,13,billing complaint,2
5316-FMFFO,2023-07-05,No,16,No comment,1
6907-PDOYV,2023-07-05,No,96,No comment,1
1817-BVRAM,2023-07-06,Yes,2,billing complaint,1
3484-MLBEZ,2023-07-06,No,96,received refund,1
6428-HRGRP,2023-07-06,Yes,11,guidance to renew,1
9884-OJXQW,2023-07-06,No,19,No comment,2
5713-SCPLP,2023-07-06,Yes,3,No comment,2
4363-TGMBW,2023-07-06,Yes,49,paymnt failed,1
2986-VUMVT,2023-07-06,Unknown,92,No comment,1
1835-URAQX,2023-07-06,No,23,No comment,1
1254-OMTMF,2023-07-06,No,54,guidance to renew,2
4044-VAKCS,2023-07-06,Yes,24,app not working,1
8255-KKBER,2023-07-06,No,30,guidance to renew,2
9984-KFZEF,2023-07-06,No,62,No comment,1
8446-WPXLN,2023-07-06,Yes,40,app not working,1
8594-HQIHK,2023-07-06,No,38,No comment,2
3005-LMGEK,2023-07-06,Yes,99,demaned refund,1
5895-KZCCK,2023-07-06,Yes,51,app not working,1
2199-LVUGG,2023-07-06,No,16,No comment,1
9232-VMJCE,2023-07-07,No,98,app not working,1
2862-YNQDH,2023-07-07,Yes,80,requested callback,1
5485-ZGBDP,2023-07-07,Yes,25,paymnt failed,1
2971-IKERU,2023-07-07,No,99,No comment,1
1150-BRTHY,2023-07-07,Yes,46,requested callback,2
0699-NEYLJ,2023-07-07,No,13,paymnt failed,1
1382-ZQQGO,2023-07-07,No,59,No comment,2
2409-SJEVR,2023-07-07,No,87,billing complaint,1
6862-GXAPA,2023-07-07,No,47,service issue,2
5322-WIUUO,2023-07-07,Yes,24,requested callback,1
9303-EPILY,2023-07-07,Yes,47,requested callback,1
5801-IARRQ,2023-07-07,Yes,35,billing complaint,2
3628-KNBQW,2023-07-08,No,32,guidance to renew,1
5044-CXMLM,2023-07-08,No,99,requested callback,1
3974-BZXAH,2023-07-08,Unknown,31,billing complaint,1
3847-UHGNM,2023-07-08,No,78,received refund,1
6056-UJPPE,2023-07-08,No,48,requested callback,1
4379-KAGAZ,2023-07-08,No,97,paymnt failed,1
2317-CQTTX,2023-07-08,Yes,53,guidance to renew,2
4540-CTJQU,2023-07-08,No,31,app not working,1
7006-UWRNZ,2023-07-08,No,51,happy with service,1
2647-EMEIV,2023-07-08,No,61,happy with service,1
0396-XIBQW,2023-07-08,No,38,paymnt failed,1
5064-BDWJV,2023-07-08,Unknown,60,demaned refund,1
8450-QVFRP,2023-07-08,Yes,66,demaned refund,1
5054-CGQDZ,2023-07-08,No,91,demaned refund,2
1390-NIDRT,2023-07-08,Yes,41,No comment,1
4827-VTMTP,2023-07-08,No,1,paymnt failed,1
4801-LSNHE,2023-07-08,No,72,requested callback,1
7895-NGAXZ,2023-07-08,Yes,49,app not working,1
1694-EOBRM,2023-07-08,No,9,billing complaint,1
5567-NSWSV,2023-07-09,No,7,paymnt failed,1
5658-ISZLJ,2023-07-09,Yes,92,No comment,1
0991-ZOBLX,2023-07-09,Yes,77,demaned refund,1
4950-EACII,2023-07-09,Yes,56,paymnt failed,1
2045-JCOEW,2023-07-09,Unknown,0,service issue,2
6253-ZAYFP,2023-07-09,Yes,82,service issue,1
4831-BCVSH,2023-07-09,No,4,received refund,1
8479-WIQSK,2023-07-09,Yes,1,service issue,1
2925-PHHWW,2023-07-09,Unknown,0,paymnt failed,2
5684-CCWPC,2023-07-09,No,21,No comment,2
7222-FEVSH,2023-07-09,No,94,app not working,1
3385-RCECO,2023-07-09,Yes,80,No comment,1
4925-AYJRT,2023-07-09,Yes,58,billing complaint,2
8389-QYWDL,2023-07-10,Yes,64,requested callback,1
3667-VRHYA,2023-07-10,Yes,18,guidance to renew,1
7840-CYOEZ,2023-07-10,No,67,service issue,1
0147-FQQFX,2023-07-10,Yes,87,billing complaint,1
1044-NLIMF,2023-07-10,Unknown,77,app not working,1
1178-KYIXI,2023-07-10,Yes,82,received refund,1
7312-UGKQG,2023-07-10,No,99,received refund,1
9815-OQYIG,2023-07-10,No,37,paymnt failed,1
0184-ICJRS,2023-07-10,Unknown,90,happy with service,1
4857-KSXOY,2023-07-10,Unknown,80,demaned refund,1
1354-AUOVN,2023-07-10,No,26,app not working,1
8555-ZDRTT,2023-07-10,Yes,86,service issue,1
9134-PUSQY,2023-07-10,Unknown,53,app not working,1
1472-LFZOO,2023-07-10,Yes,54,No comment,1
7911-WFIPH,2023-07-10,No,85,guidance to renew,1
6368-MZZOC,2023-07-10,No,17,app not working,1
7977-BBIWX,2023-07-10,Yes,17,billing complaint,2
9716-GAXPD,2023-07-10,Unknown,56,guidance to renew,1
7810-ZKNWY,2023-07-10,No,63,No comment,1
6147-VPUEM,2023-07-10,No,33,requested callback,1
3085-FENRC,2023-07-11,No,26,service issue,1
2989-ULEHH,2023-07-11,No,60,No comment,2
8979-VTMUY,2023-07-11,No,59,requested callback,1
3809-EEOQY,2023-07-11,Yes,11,app not working,2
4340-EMSPY,2023-07-11,Yes,49,demaned refund,1
8717-ULHNB,2023-07-11,No,24,service issue,1
2883-DPKUN,2023-07-11,No,27,demaned refund,1
9150-OVQNE,2023-07-11,No,63,No comment,1
6267-RISJK,2023-07-11,No,56,happy with service,1
6101-STRXG,2023-07-11,Unknown,12,demaned refund,2
3419-UYWLK,2023-07-11,No,92,billing complaint,1
8188-WMNHD,2023-07-11,No,25,guidance to renew,1
1259-HPROH,2023-07-11,No,84,service issue,1
8693-NQBXM,2023-07-11,No,92,guidance to renew,1
1706-BYGXD,2023-07-11,No,62,service issue,1
7843-KXNSC,2023-07-11,No,28,service issue,1
3814-TLRPO,2023-07-12,No,92,billing complaint,1
3812-XXYQD,2023-07-12,Yes,55,billing complaint,1
1155-LULFT,2023-07-12,No,62,No comment,1
4231-XAREO,2023-07-12,No,50,app not working,1
3951-AAJLU,2023-07-12,Yes,0,No comment,1
2969-ODYXC,2023-07-12,No,57,service issue,1
9085-KCMOS,2023-07-12,No,49,service issue,1
8788-CIVJH,2023-07-12,Yes,87,guidance to renew,2
3328-PVNYJ,2023-07-12,Unknown,92,No comment,2
4554-EDQNM,2023-07-12,No,83,billing complaint,1
8421-OUCRV,2023-07-12,Unknown,51,requested callback,1
7227-KUAIG,2023-07-12,Yes,66,No comment,1
0654-THDFQ,2023-07-12,Yes,24,guidance to renew,1
1051-RQNPP,2023-07-12,Yes,23,guidance to renew,1
7280-AKUHP,2023-07-12,Yes,70,requested callback,2
2308-MUKNA,2023-07-12,Unknown,75,received refund,2
9345-BELGA,2023-07-12,No,72,happy with service,1
0214-VADLQ,2023-07-12,Unknown,13,paymnt failed,1
3396-DXVOH,2023-07-13,No,4,requested callback,1
5156-OZQVG,2023-07-13,Unknown,75,happy with service,1
0559-YDNIP,2023-07-13,Unknown,66,demaned refund,1
2300-SCSEH,2023-07-13,No,40,guidance to renew,2
4137-LJAQD,2023-07-13,Yes,94,No comment,1
9861-AFLYI,2023-07-13,Yes,42,requested callback,1
0045-DICFG,2023-07-13,Yes,80,No comment,1
9486-FCDUL,2023-07-13,Yes,40,No comment,1
0624-KYCVE,2023-07-13,Yes,37,No comment,2
3172-VFZEH,2023-07-13,Yes,17,No comment,1
0254-AMPIY,2023-07-13,Yes,94,happy with service,1
9653-FHXKK,2023-07-13,Yes,87,guidance to renew,1
7981-TWOMK,2023-07-13,No,90,service issue,1
0737-QWHZG,2023-07-13,No,20,received refund,1
6104-YHHTO,2023-07-13,No,74,service issue,1
7924-DJWVU,2023-07-13,Yes,79,No comment,1
6001-DBHAR,2023-07-13,Yes,43,paymnt failed,2
1247-AJOHT,2023-07-13,No,7,paymnt failed,1
3501-FMIYZ,2023-07-13,Yes,3,No comment,1
7164-XSYEC,2023-07-13,No,93,billing complaint,1
4734-LAQAE,2023-07-13,No,95,No comment,1
2365-QFKOJ,2023-07-13,Unknown,0,guidance to renew,1
2589-NGNMO,2023-07-13,No,27,No comment,1
1900-YKGDY,2023-07-13,No,9,No comment,2
5850-QNRJT,2023-07-13,Unknown,68,requested callback,1
2761-BGWOC,2023-07-13,No,87,happy with service,2
8501-QOVOY,2023-07-14,Yes,42,demaned refund,1
2326-YNFHU,2023-07-14,Yes,89,guidance to renew,1
5575-RGJGK,2023-07-14,Yes,63,app not working,2
0096-SOPKX,2023-07-14,Yes,32,guidance to renew,1
3274-WREAN,2023-07-14,No,96,guidance to renew,1
2543-DDNCM,2023-07-14,Yes,40,guidance to renew,1
5429-CGIMP,2023-07-14,Yes,53,received refund,1
6470-VVFVO,2023-07-14,Yes,22,app not working,1
1284-VKSXO,2023-07-14,Yes,68,service issue,1
5822-RHWOL,2023-07-14,No,48,No comment,2
7496-VNZNP,2023-07-14,No,69,happy with service,1
3801-VVUTV,2023-07-14,No,84,No comment,1
1369-HRAGU,2023-07-14,Yes,3,requested callback,1
1655-RTSFE,2023-07-14,No,41,app not working,1
9570-UXNMB,2023-07-14,No,3,No comment,1
0802-UCNNU,2023-07-15,No,49,No comment,2
3813-QUQUQ,2023-07-15,Unknown,54,No comment,1
2690-CZUCA,2023-07-15,Yes,70,billing complaint,1
9905-NYMSI,2023-07-15,Yes,64,No comment,1
7340-XZRHN,2023-07-15,Yes,70,happy with service,1
6692-QBNXM,2023-07-15,Yes,56,billing complaint,2
1196-DACTR,2023-07-15,No,13,demaned refund,1
0131-VVJSL,2023-07-15,Unknown,10,happy with service,1
5742-FCPGA,2023-07-15,No,49,No comment,1
9224-EUHZK,2023-07-15,Yes,68,service issue,2
7104-LYVWK,2023-07-16,Yes,62,No comment,1
3712-HRQBZ,2023-07-16,Yes,25,received refund,1
0594-FPMKR,2023-07-16,No,81,received refund,1
7986-XHZHW,2023-07-16,Yes,94,received refund,2
5578-NODFG,2023-07-16,Yes,76,happy with service,1
4175-YPSSW,2023-07-16,No,24,demaned refund,1
4685-QKGBY,2023-07-16,Unknown,65,received refund,1
4115-BPNKR,2023-07-16,No,25,requested callback,1
7912-CNFBL,2023-07-16,Yes,26,received refund,1
0559-LZNZQ,2023-07-16,No,31,happy with service,1
6622-EDCIE,2023-07-16,Unknown,32,billing complaint,1
7375-VEUGE,2023-07-16,No,85,requested callback,1
4236-ZTYJD,2023-07-16,No,1,requested callback,1
9847-YFRAX,2023-07-16,No,83,billing complaint,2
0026-KUNRT,2023-07-17,No,70,No comment,1
6565-WRIJX,2023-07-17,Yes,38,paymnt failed,1
9959-ZMEEW,2023-07-17,No,92,paymnt failed,2
8809-NYVZJ,2023-07-17,Unknown,40,happy with service,1
7410-FMPZC,2023-07-17,Yes,40,No comment,1
8902-UZPSU,2023-07-17,No,93,received refund,1
2459-SOYNE,2023-07-17,Unknown,79,app not working,1
8886-JYCSQ,2023-07-17,Yes,82,billing complaint,1
0199-HDVCS,2023-07-17,No,1,demaned refund,1
9954-FZLRZ,2023-07-17,No,84,service issue,2
7309-HJPEX,2023-07-17,Yes,4,No comment,1
1417-RMBLG,2023-07-17,Yes,2,paymnt failed,1
9246-RKAXZ,2023-07-17,No,79,No comment,1
6614-HVOWL,2023-07-17,No,49,billing complaint,1
9001-ERSPB,2023-07-17,Yes,81,No comment,1
2140-GVHWW,2023-07-17,Yes,97,service issue,2
9158-RLHNJ,2023-07-17,Yes,63,paymnt failed,1
2988-WWQXE,2023-07-17,Yes,93,No comment,1
7342-MBVNZ,2023-07-18,No,37,service issue,1
8497-IFVFW,2023-07-18,Yes,26,No comment,1
4385-HFJRW,2023-07-18,Yes,49,app not working,1
2096-QWNTI,2023-07-18,No,25,billing complaint,1
8470-IRZSO,2023-07-18,Yes,60,guidance to renew,1
5432-HNNBV,2023-07-18,No,54,requested callback,2
9852-QNVEN,2023-07-18,No,60,happy with service,1
2431-BNNYO,2023-07-18,Yes,64,requested callback,1
9809-ALUQJ,2023-07-18,No,70,demaned refund,1
0621-GJGRR,2023-07-18,No,94,received refund,1
0453-HDWEO,2023-07-18,No,60,received refund,1
7489-RJQHP,2023-07-18,Yes,32,paymnt failed,1
5152-UHKQV,2023-07-18,Yes,38,guidance to renew,1
6554-CADRK,2023-07-18,No,76,No comment,1
8308-XLEPM,2023-07-18,Unknown,2,happy with service,1
3764-GJZNK,2023-07-19,No,28,paymnt failed,1
7585-UTTHW,2023-07-19,No,10,happy with service,1
9439-FRLQZ,2023-07-19,No,0,requested callback,1
1637-CRIDD,2023-07-19,No,20,demaned refund,1
6582-SEYWU,2023-07-19,Unknown,76,guidance to renew,1
0522-GRHYZ,2023-07-19,Yes,2,billing complaint,2
4718-QLUXA,2023-07-19,Yes,29,demaned refund,1
4636-SGTZJ,2023-07-19,Yes,0,requested callback,1
5542-ZFQFD,2023-07-19,No,82,paymnt failed,2
9449-QWDSS,2023-07-19,No,0,No comment,1
0393-QQMSL,2023-07-19,No,67,billing complaint,1
7317-HQYMB,2023-07-19,No,94,billing complaint,1
5215-WOBXC,2023-07-19,No,21,received refund,1
3074-PAYRD,2023-07-19,Unknown,34,paymnt failed,1
6274-QCCXY,2023-07-19,No,82,paymnt failed,1
4764-RFDTP,2023-07-19,Yes,50,service issue,2
8242-BQSKW,2023-07-19,No,16,requested callback,1
2687-FFCYB,2023-07-19,No,14,No comment,1
8072-CODWE,2023-07-20,No,72,No comment,1
2600-FFJEV,2023-07-20,No,10,No comment,2
2974-CPAOP,2023-07-20,Yes,67,paymnt failed,1
5579-FVIFI,2023-07-20,Yes,33,service issue,2
1362-ORWOI,2023-07-20,Yes,6,guidance to renew,2
0891-FICZI,2023-07-20,No,35,paymnt failed,1
5821-HZHYG,2023-07-20,Unknown,29,received refund,1
7429-HWSTJ,2023-07-20,No,0,service issue,1
4689-QAUJW,2023-07-20,Unknown,19,happy with service,3
8269-ULKCW,2023-07-20,No,57,service issue,1
5610-WJSIL,2023-07-20,Yes,28,received refund,1
5786-CKUVH,2023-07-20,Yes,22,paymnt failed,1
1168-SXZFS,2023-07-21,Yes,63,app not working,1
6632-AHGNC,2023-07-21,No,3,happy with service,1
4318-FRXXJ,2023-07-21,Unknown,55,happy with service,1
2229-FJJJP,2023-07-21,Yes,52,No comment,1
7585-HMULF,2023-07-21,Yes,92,No comment,1
9822-QFFZA,2023-07-21,Yes,10,guidance to renew,1
4078-OWSQB,2023-07-21,No,10,happy with service,1
5642-TAVNP,2023-07-21,Yes,97,No comment,1
1586-FBWSJ,2023-07-21,No,36,received refund,2
9510-ZKWMN,2023-07-21,No,69,paymnt failed,1
0708-CBHGA,2023-07-21,No,27,demaned refund,1
7753-OUNZP,2023-07-21,Yes,25,billing complaint,1
2805-VNXTE,2023-07-21,Yes,21,service issue,1
9470-DJVGQ,2023-07-21,No,34,received refund,2
3338-JNKYU,2023-07-21,No,45,No comment,1
4216-XTHVN,2023-07-21,No,1,service issue,1
2874-JMFSN,2023-07-21,No,64,app not working,1
8182-VQOIW,2023-07-21,No,4,demaned refund,1
1949-PSMSM,2023-07-21,No,33,guidance to renew,1
2952-YJEYW,2023-07-21,No,10,received refund,1
2786-CWZHC,2023-07-21,No,90,app not working,2
5579-VYJOL,2023-07-22,Unknown,1,guidance to renew,1
9209-XUIPQ,2023-07-22,Yes,17,No comment,1
5091-EFVPC,2023-07-22,Unknown,2,No comment,1
4602-FGNXK,2023-07-22,No,34,app not working,1
3798-DVQMI,2023-07-22,Yes,80,No comment,1
6685-NKKUT,2023-07-22,No,40,No comment,1
7341-SICIE,2023-07-22,No,98,demaned refund,1
4304-JUSEV,2023-07-22,No,72,paymnt failed,1
3668-QASKV,2023-07-22,Yes,80,requested callback,1
2544-DLNZU,2023-07-22,Yes,55,happy with service,1
1999-DERMD,2023-07-22,Yes,29,demaned refund,1
2119-VCPIT,2023-07-22,Unknown,47,guidance to renew,1
2826-ZQUMQ,2023-07-22,No,82,guidance to renew,1
9415-JBDKM,2023-07-23,Yes,20,billing complaint,1
1718-LDLWE,2023-07-23,Yes,10,No comment,1
1548-KLPUR,2023-07-23,Yes,31,guidance to renew,1
3330-OFTNE,2023-07-23,Yes,3,guidance to renew,1
7513-NZHXF,2023-07-23,No,39,No comment,1
1293-XWFKC,2023-07-23,No,33,billing complaint,1
1130-CFTTH,2023-07-23,Unknown,20,guidance to renew,1
9692-FEBOC,2023-07-23,Yes,79,app not working,1
7839-CDMTN,2023-07-23,No,21,paymnt failed,1
0112-AAGRX,2023-07-23,Yes,99,No comment,2
7058-SFCZP,2023-07-23,No,36,paymnt failed,1
5893-WTWTI,2023-07-23,No,1,paymnt failed,1
2844-DJJFG,2023-07-23,Yes,62,requested callback,1
6913-PHFMM,2023-07-23,No,72,guidance to renew,1
9604-KTOWR,2023-07-23,No,84,service issue,2
8474-GFOSZ,2023-07-24,Yes,64,demaned refund,1
3135-ZPXHE,2023-07-24,Yes,12,No comment,1
2372-VDAWF,2023-07-24,No,83,demaned refund,1
3093-YQEXZ,2023-07-24,No,26,No comment,1
1420-HCRHZ,2023-07-24,No,31,app not working,1
0160-MFBUY,2023-07-24,No,66,No comment,1
8484-NUDUM,2023-07-24,No,63,app not working,1
9177-KFROG,2023-07-24,No,8,app not working,2
0065-FNJUH,2023-07-24,Yes,58,app not working,1
5153-UJBHE,2023-07-24,Yes,89,No comment,1
8218-JLIMD,2023-07-25,Yes,39,guidance to renew,1
3373-NUPPA,2023-07-25,Yes,42,service issue,1
4357-QDBED,2023-07-25,No,71,received refund,1
2657-DFHIN,2023-07-25,Yes,96,requested callback,1
8083-IDKDV,2023-07-25,No,11,app not working,2
6867-TJPCX,2023-07-25,No,60,received refund,1
1280-TZMNI,2023-07-25,No,13,happy with service,1
7400-WMDWR,2023-07-25,No,24,service issue,1
8004-PSNYP,2023-07-25,No,56,billing complaint,1
6605-NGMNH,2023-07-25,Yes,73,No comment,1
0853-QPTZH,2023-07-25,No,33,No comment,1
0535-GMMNL,2023-07-25,Unknown,14,billing complaint,2
5643-GJZZO,2023-07-25,Yes,66,No comment,1
4762-SCGAS,2023-07-25,Unknown,59,service issue,1
7498-FVYGC,2023-07-25,No,17,app not working,2
7001-SYPHS,2023-07-25,No,23,paymnt failed,1
5753-OMOHA,2023-07-26,No,95,paymnt failed,1
4140-VKBUN,2023-07-26,Yes,8,No comment,1
8425-RJXMG,2023-07-26,No,15,No comment,1
0413-IQEZN,2023-07-26,No,89,No comment,2
1656-MRNHM,2023-07-26,Yes,54,service issue,1
5747-XXKIN,2023-07-26,No,85,received refund,1
5011-DURDD,2023-07-26,Yes,61,service issue,2
4506-TFGHF,2023-07-26,Yes,20,service issue,1
2056-VSSRI,2023-07-26,No,0,No comment,1
7845-LGROO,2023-07-26,Unknown,37,No comment,1
7942-NVHEH,2023-07-26,Yes,48,service issue,1
1146-CQWUU,2023-07-27,Yes,50,demaned refund,1
9237-JQLNN,2023-07-27,Yes,71,service issue,1
2919-BUJEC,2023-07-27,Yes,93,paymnt failed,1
4099-PWNXN,2023-07-27,No,81,happy with service,1
9174-EOFQT,2023-07-27,No,18,paymnt failed,1
7354-HIOKY,2023-07-27,Yes,48,billing complaint,2
3724-BVNBP,2023-07-27,No,4,service issue,1
7708-AFKYI,2023-07-27,Yes,73,No comment,1
8122-RMNZE,2023-07-27,No,15,app not working,1
0506-HJIYK,2023-07-27,No,76,billing complaint,1
4043-WJTPC,2023-07-27,No,88,requested callback,2
2382-UYXID,2023-07-27,Yes,92,received refund,2
9262-HCVGA,2023-07-27,No,27,No comment,2
3454-EAQDK,2023-07-27,Yes,25,demaned refund,1
8051-BIKOS,2023-07-27,No,51,happy with service,1
6239-THMWM,2023-07-27,Yes,19,happy with service,1
2311-BWGPM,2023-07-27,Unknown,76,demaned refund,1
3874-NPGTT,2023-07-27,No,84,No comment,1
7404-MGIJW,2023-08-01,No,20,No comment,1
5112-TULCC,2023-08-01,No,83,requested callback,1
7016-MOYHD,2023-08-01,No,4,billing complaint,1
8173-WIMNZ,2023-08-01,No,70,No comment,2
6538-TGLUF,2023-08-01,No,24,requested callback,1
7380-KTDOD,2023-08-01,No,7,guidance to renew,1
4821-CXHTD,2023-08-01,Yes,45,app not working,1
5888-WURSR,2023-08-01,Yes,52,happy with service,1
7675-KWIGZ,2023-08-01,No,15,received refund,1
7561-EHYFO,2023-08-01,Yes,79,No comment,1
2989-RJHGR,2023-08-01,Yes,58,demaned refund,1
9772-DADBU,2023-08-02,No,13,No comment,1
0652-PZZCT,2023-08-02,No,43,No comment,1
3339-CRWGC,2023-08-02,Yes,9,paymnt failed,1
5204-CAPAS,2023-08-02,No,96,requested callback,1
6944-TICKE,2023-08-02,No,49,app not working,1
0375-MBPOK,2023-08-02,Yes,11,No comment,1
1868-MMFNG,2023-08-02,No,56,guidance to renew,1
9280-NDWGG,2023-08-02,Unknown,14,demaned refund,1
0180-IFIII,2023-08-02,No,85,No comment,1
5203-TXPGZ,2023-08-02,No,63,received refund,1
3886-IWRRG,2023-08-02,No,63,billing complaint,2
4726-NLVSL,2023-08-03,Yes,40,guidance to renew,1
7128-BCJKP,2023-08-03,No,42,requested callback,1
0990-KEXKH,2023-08-03,Yes,61,No comment,1
8298-THSCJ,2023-08-03,No,19,requested callback,1
4740-AUVLC,2023-08-03,Yes,95,billing complaint,1
2145-YJAZB,2023-08-03,No,72,No comment,1
5799-NSCFQ,2023-08-03,No,31,happy with service,1
4066-HKILO,2023-08-03,Yes,33,happy with service,1
8215-HKRAM,2023-08-03,No,2,paymnt failed,1
1214-BABQK,2023-08-03,No,18,No comment,1
6282-TTKGX,2023-08-04,No,81,billing complaint,1
3002-ADVMI,2023-08-04,Yes,45,paymnt failed,1
1691-RWGWH,2023-08-04,Unknown,49,billing complaint,1
7723-IDGMX,2023-08-04,Yes,53,received refund,1
7612-UDUVS,2023-08-04,No,38,app not working,1
8968-ANGCB,2023-08-04,No,22,received refund,1
8313-XHQKW,2023-08-04,Yes,0,requested callback,1
4133-YGUII,2023-08-04,No,86,app not working,1
7641-DBSNP,2023-08-04,Yes,0,app not working,1
4858-SAFSF,2023-08-04,Yes,35,No comment,1
8775-EGKFC,2023-08-04,No,89,No comment,1
8673-MRRPH,2023-08-04,No,66,No comment,1
2605-WNBEL,2023-08-04,Unknown,92,requested callback,1
8214-XWYRL,2023-08-04,Yes,1,No comment,1
2871-PPECS,2023-08-04,Yes,94,app not working,2
0129-EHNLE,2023-08-04,Yes,61,paymnt failed,1
9411-MFFFW,2023-08-04,Unknown,26,paymnt failed,1
5330-TAXGG,2023-08-05,Yes,41,No comment,1
7376-OVKES,2023-08-05,Yes,57,No comment,1
8661-SKFTQ,2023-08-05,Unknown,86,No comment,1
0122-ZJPXH,2023-08-05,No,45,No comment,1
1930-UFCUP,2023-08-05,Yes,24,service issue,2
0228-BRSBD,2023-08-05,No,65,service issue,2
6807-GWGXS,2023-08-05,No,48,happy with service,1
4696-GPZMS,2023-08-06,Yes,46,guidance to renew,1
8767-VPHAG,2023-08-06,Yes,7,service issue,1
2384-VQWVW,2023-08-06,No,27,guidance to renew,2
8656-CVTCP,2023-08-06,No,95,demaned refund,1
9987-UPOAX,2023-08-06,Yes,63,app not working,1
1632-SYHRY,2023-08-06,No,70,guidance to renew,2
4453-TITJE,2023-08-06,No,27,billing complaint,1
0929-MHYTF,2023-08-06,Yes,30,billing complaint,1
7684-BVQIV,2023-08-06,Yes,5,received refund,2
5199-CIJJK,2023-08-06,Unknown,83,received refund,1
8635-FIUZQ,2023-08-06,No,37,service issue,2
6852-RRJIL,2023-08-06,Yes,87,demaned refund,1
4974-JXIDT,2023-08-06,No,13,No comment,1
4268-MVVRL,2023-08-06,No,75,happy with service,1
0401-OXQCN,2023-08-06,Yes,88,received refund,2
3943-MXROH,2023-08-07,No,93,guidance to renew,1
6615-PJLXP,2023-08-07,No,94,No comment,1
3521-AYGDP,2023-08-07,Yes,60,app not working,1
4758-PXFMC,2023-08-07,No,1,No comment,1
9959-RUQAL,2023-08-07,Unknown,30,billing complaint,1
7503-JWWTI,2023-08-07,Yes,66,received refund,2
3229-RCCXM,2023-08-07,Yes,86,happy with service,1
7110-ZZEGE,2023-08-07,No,36,guidance to renew,1
8785-VPGVR,2023-08-07,No,43,billing complaint,1
4147-JJABA,2023-08-07,Unknown,47,demaned refund,2
9734-KUGWZ,2023-08-07,No,48,No comment,2
8324-UHKEZ,2023-08-07,No,2,demaned refund,1
7088-PHMSG,2023-08-07,Yes,14,billing complaint,1
8046-LCKIB,2023-08-07,Yes,83,service issue,1
7205-SHEOI,2023-08-07,Yes,24,No comment,1
5491-BIJAB,2023-08-07,Yes,91,billing complaint,2
3915-SIIBU,2023-08-07,Yes,64,received refund,3
4266-KRNUU,2023-08-07,No,23,service issue,2
6575-IQULX,2023-08-08,No,90,guidance to renew,1
8042-SJDOJ,2023-08-08,No,49,happy with service,1
0835-LUCRG,2023-08-08,Yes,42,demaned refund,1
9226-FOEKX,2023-08-08,No,46,guidance to renew,1
3668-PRKCX,2023-08-08,Yes,14,happy with service,1
7072-HUSZF,2023-08-08,Yes,16,received refund,1
9879-JWXYQ,2023-08-08,Unknown,86,billing complaint,1
7787-ERKMD,2023-08-08,Yes,27,No comment,1
8751-FRYFO,2023-08-08,Yes,14,demaned refund,1
0444-OBCHO,2023-08-08,Yes,61,billing complaint,1
4116-MQVBZ,2023-08-08,No,91,app not working,1
0055-ZVGDN,2023-08-08,Yes,79,No comment,1
9404-HAXIA,2023-08-08,Yes,31,requested callback,1
0284-THQHD,2023-08-08,No,65,No comment,1
8472-YPLUS,2023-08-08,No,45,No comment,2
2225-MGLAG,2023-08-08,No,2,No comment,1
5409-VVPLF,2023-08-08,Yes,96,service issue,2
9439-DMUAJ,2023-08-08,Unknown,15,No comment,3
3931-MEIQZ,2023-08-08,Unknown,17,No comment,1
1125-BUYFN,2023-08-09,Yes,43,app not working,1
6341-MELNZ,2023-08-09,Yes,62,No comment,1
9216-OKOPH,2023-08-09,No,45,service issue,1
6144-CLZSJ,2023-08-09,No,67,happy with service,1
7112-LCLAE,2023-08-09,Yes,83,No comment,1
7446-VRWEK,2023-08-09,Yes,52,paymnt failed,1
3551-XWDQI,2023-08-09,No,42,demaned refund,2
8896-FTBEA,2023-08-09,Yes,63,demaned refund,1
2744-PWAPA,2023-08-09,No,78,happy with service,2
4773-WMBPW,2023-08-09,Yes,64,app not working,1
1542-ZLIQA,2023-08-09,No,47,billing complaint,1
7037-VRJPR,2023-08-09,No,25,No comment,1
0389-YCGWM,2023-08-09,No,20,received refund,1
3908-UCBYY,2023-08-09,Yes,92,received refund,1
5665-ZOKBJ,2023-08-09,No,59,No comment,1
2130-QBUCD,2023-08-09,Yes,9,service issue,1
3286-SDCQK,2023-08-09,Unknown,84,paymnt failed,1
4288-ROMDE,2023-08-09,Unknown,69,demaned refund,2
6469-RWWJS,2023-08-09,No,32,received refund,2
8115-FEUGH,2023-08-09,Yes,68,received refund,2
0657-NRLKB,2023-08-10,Yes,65,demaned refund,1
0951-JIZTU,2023-08-10,Yes,50,demaned refund,1
1301-KRDUF,2023-08-10,Yes,40,happy with service,1
0502-SLKRE,2023-08-10,No,73,paymnt failed,1
8032-MPGPB,2023-08-10,No,46,app not working,1
7467-LQQQW,2023-08-10,No,87,app not working,1
6554-HQFQH,2023-08-10,Yes,81,requested callback,1
1951-MICVK,2023-08-10,Yes,64,demaned refund,1
2756-RHLYB,2023-08-10,Yes,34,No comment,2
1964-HITBX,2023-08-10,No,3,guidance to renew,1
5903-PXSBG,2023-08-10,No,6,billing complaint,1
3968-DTZEX,2023-08-10,Yes,49,received refund,1
8755-KLLCO,2023-08-10,Unknown,26,paymnt failed,1
8114-QDYYX,2023-08-10,No,59,guidance to renew,1
2659-NYAVT,2023-08-10,Unknown,5,No comment,1
5919-MFOCN,2023-08-10,Yes,65,guidance to renew,1
2282-ZMQXI,2023-08-11,Unknown,13,requested callback,1
5642-AWZBL,2023-08-11,Yes,63,No comment,2
6411-GAHII,2023-08-11,Yes,28,No comment,2
5373-PMNRR,2023-08-11,No,84,No comment,1
5017-YLNXB,2023-08-11,Yes,71,No comment,1
1163-YKXCY,2023-08-11,Yes,44,No comment,1
1985-LOJJK,2023-08-11,Yes,29,No comment,1
4857-VCZFX,2023-08-11,No,12,No comment,1
7579-PVLOY,2023-08-11,Yes,15,No comment,1
8660-BMBZA,2023-08-11,No,19,guidance to renew,1
8803-GEKUQ,2023-08-11,Yes,56,happy with service,1
9682-QLCSP,2023-08-12,Yes,52,No comment,1
2892-PUANI,2023-08-12,No,23,demaned refund,1
0938-CVTTX,2023-08-12,Yes,83,service issue,1
7034-WFJVT,2023-08-12,No,80,happy with service,1
0588-YWMNF,2023-08-12,No,41,guidance to renew,1
4065-CGJOK,2023-08-12,No,93,billing complaint,1
6805-NUFLK,2023-08-12,Yes,18,No comment,1
3919-EZSQG,2023-08-12,No,65,guidance to renew,1
0569-EDIFT,2023-08-12,Yes,97,received refund,1
3495-MLFSJ,2023-08-12,No,31,requested callback,1
6132-HIKFB,2023-08-12,Yes,57,happy with service,1
8337-UKYTY,2023-08-12,Yes,94,guidance to renew,1
6064-WPOVO,2023-08-12,Yes,16,No comment,1
2938-QIWKA,2023-08-12,Yes,8,paymnt failed,2
1565-XRXAV,2023-08-12,Yes,70,guidance to renew,2
1674-EUSKL,2023-08-12,No,76,No comment,1
8715-OOAGK,2023-08-12,Yes,99,happy with service,1
8273-BBOBQ,2023-08-12,Yes,37,received refund,1
3283-ICESC,2023-08-12,Yes,41,demaned refund,2
9709-ICYPT,2023-08-13,Yes,54,requested callback,1
8497-WPJCB,2023-08-13,No,95,received refund,1
2225-ZCQBI,2023-08-13,No,52,requested callback,1
0893-DPTNW,2023-08-13,Yes,63,app not working,1
0910-KGXRE,2023-08-13,Yes,72,service issue,1
1131-APMNI,2023-08-13,No,92,billing complaint,2
4270-EBZZP,2023-08-13,Yes,49,happy with service,1
7230-WSEDY,2023-08-13,Yes,10,requested callback,1
4293-ODACL,2023-08-13,Yes,93,requested callback,2
8760-KYSYO,2023-08-13,Yes,33,No comment,1
2206-KXCYV,2023-08-13,Yes,14,guidance to renew,1
0057-AXUVX,2023-08-14,No,44,happy with service,1
6410-SCRVD,2023-08-14,No,25,app not working,1
5136-DFDEZ,2023-08-14,Yes,87,billing complaint,1
6588-KSJHQ,2023-08-14,No,9,No comment,1
6545-KBQSH,2023-08-14,No,8,app not working,1
1329-MOXZS,2023-08-14,Yes,90,received refund,1
3978-OCWPW,2023-08-14,No,45,billing complaint,1
1545-FRJZC,2023-08-14,Unknown,5,app not working,2
5878-ABMLO,2023-08-14,Yes,53,received refund,1
5681-QQDKN,2023-08-14,Yes,40,app not working,1
1482-ERYQI,2023-08-14,Yes,25,No comment,1
5923-CUXDZ,2023-08-14,Yes,56,No comment,2
2812-BYNDB,2023-08-14,No,49,No comment,1
1688-DKRCW,2023-08-14,No,5,app not working,1
3407-DFHVV,2023-08-14,Yes,42,happy with service,2
9565-IWQUS,2023-08-14,Unknown,34,No comment,1
8824-OYQHP,2023-08-14,Unknown,64,service issue,1
6916-GUPEY,2023-08-14,Yes,33,requested callback,1
6282-SICIP,2023-08-14,Unknown,46,service issue,1
5670-ARSID,2023-08-14,Yes,89,happy with service,2
9366-QYNEH,2023-08-14,Unknown,70,service issue,1
5581-SKMMO,2023-08-14,Yes,7,requested callback,2
5338-HKIPE,2023-08-15,Yes,85,paymnt failed,1
7266-FHVXV,2023-08-15,No,81,No comment,1
1822-KYUAY,2023-08-15,No,44,No comment,1
8897-JYCVF,2023-08-15,No,39,received refund,1
8198-OGIFF,2023-08-15,Yes,62,service issue,2
8930-KWOXQ,2023-08-15,No,77,paymnt failed,1
1499-CKOLT,2023-08-15,No,67,paymnt failed,1
3567-CZQDX,2023-08-15,No,65,billing complaint,2
8295-VISMD,2023-08-15,No,64,app not working,2
7086-UOWGR,2023-08-15,Unknown,97,guidance to renew,1
8741-LGJEZ,2023-08-15,No,64,No comment,1
1261-WMEXH,2023-08-15,No,17,guidance to renew,1
7245-ERGGP,2023-08-15,Yes,51,requested callback,1
9498-FXAGT,2023-08-15,Unknown,1,happy with service,1
6199-JVRLR,2023-08-15,No,15,billing complaint,1
9314-KHLYR,2023-08-15,No,29,service issue,2
6732-IYAUE,2023-08-15,No,3,service issue,1
0387-NKCOX,2023-08-15,No,58,No comment,1
8347-DJNSC,2023-08-16,No,99,No comment,1
4107-ILKIV,2023-08-16,Yes,61,paymnt failed,1
5068-VMHCL,2023-08-16,No,66,No comment,1
5957-XTNUO,2023-08-16,Yes,6,No comment,2
3464-VITMX,2023-08-16,Yes,57,paymnt failed,1
0356-MDNIP,2023-08-16,No,0,demaned refund,1
4660-IRSID,2023-08-16,No,52,received refund,1
8036-CIBTT,2023-08-16,Yes,83,No comment,2
4768-OLIPO,2023-08-16,Unknown,7,received refund,1
0088-NUUDJ,2023-08-16,Yes,43,No comment,1
7603-IZSCZ,2023-08-16,Yes,22,No comment,2
4259-UWOGZ,2023-08-16,Yes,9,No comment,2
3851-IHFRY,2023-08-16,Yes,0,guidance to renew,1
9409-GSIMH,2023-08-16,No,20,requested callback,1
2040-RCQQQ,2023-08-17,Unknown,1,received refund,1
8113-SGJUN,2023-08-17,Yes,4,received refund,2
4721-JGDPU,2023-08-17,No,76,guidance to renew,1
3190-SBJHR,2023-08-17,Yes,15,requested callback,1
6250-DDQNT,2023-08-17,Yes,34,happy with service,1
8868-QLOAJ,2023-08-17,No,34,No comment,1
5921-JKFOM,2023-08-17,No,50,paymnt failed,1
2140-XXTXF,2023-08-17,Unknown,59,requested callback,1
0622-IUKEP,2023-08-17,No,37,app not working,1
6344-TDMEY,2023-08-17,Yes,80,app not working,2
6698-HXOJB,2023-08-17,Yes,77,paymnt failed,1
3908-CILBD,2023-08-17,No,52,demaned refund,2
1380-AOPVE,2023-08-17,Yes,52,demaned refund,1
1627-FFVBO,2023-08-17,Unknown,16,app not working,2
6083-UIYQE,2023-08-17,No,0,app not working,1
0146-AFYBT,2023-08-18,No,15,happy with service,1
2040-MOZUG,2023-08-18,Unknown,27,billing complaint,2
0146-XITNJ,2023-08-18,Yes,87,app not working,1
5334-IHGVI,2023-08-18,Yes,55,demaned refund,1
0088-ZIGPY,2023-08-18,No,10,app not working,2
4742-ELVTZ,2023-08-18,Yes,89,app not working,2
9954-AWMSR,2023-08-18,No,39,service issue,1
0917-UKZXN,2023-08-18,No,51,No comment,2
5183-NTFTC,2023-08-18,Yes,80,No comment,1
1301-UZJWN,2023-08-18,Yes,39,demaned refund,2
2664-DWSPO,2023-08-18,No,32,app not working,1
4836-PLYYD,2023-08-18,Yes,49,No comment,2
5594-GVKAB,2023-08-18,No,38,paymnt failed,1
7345-VCEJT,2023-08-18,Yes,49,No comment,1
5379-MDAVA,2023-08-18,Yes,87,No comment,1
5570-NUIGA,2023-08-18,No,65,requested callback,2
9156-ZXIFX,2023-08-18,No,37,received refund,1
5602-HHKPL,2023-08-18,Yes,32,requested callback,1
3047-DZEMR,2023-08-18,No,24,guidance to renew,1
9661-KXOPV,2023-08-18,No,9,demaned refund,1
3460-MGUVM,2023-08-19,No,51,No comment,1
5643-NITVE,2023-08-19,No,29,guidance to renew,1
5587-IDNVO,2023-08-19,No,8,app not working,1
3852-KFSFJ,2023-08-19,No,26,demaned refund,1
1778-XUTEZ,2023-08-19,Yes,9,No comment,1
1577-QEZNS,2023-08-19,Yes,81,guidance to renew,1
6047-ZBNNC,2023-08-19,No,10,app not working,1
1346-ZEGIP,2023-08-19,Yes,34,service issue,1
0986-KBVTX,2023-08-19,Yes,30,guidance to renew,1
6313-YRLDB,2023-08-19,No,54,guidance to renew,1
7942-GRWWM,2023-08-19,Yes,17,No comment,1
9521-ZZNTA,2023-08-19,Yes,33,happy with service,1
6160-BTGCT,2023-08-19,No,85,demaned refund,1
1581-RGYCX,2023-08-19,Yes,31,guidance to renew,1
1948-ZIXUX,2023-08-19,Yes,9,service issue,2
4936-PBABW,2023-08-19,Yes,98,happy with service,1
7603-RZOMM,2023-08-19,Yes,33,requested callback,2
1180-DHKKC,2023-08-19,No,92,app not working,1
0940-HYDRA,2023-08-20,No,49,guidance to renew,1
3812-FVOGM,2023-08-20,No,64,paymnt failed,1
6559-QLBAU,2023-08-20,No,68,billing complaint,1
4773-SJSFM,2023-08-20,Yes,93,No comment,1
7741-OIVMX,2023-08-20,Unknown,52,app not working,1
8159-NFBFP,2023-08-20,Yes,34,billing complaint,1
0716-XZLEM,2023-08-20,Yes,41,No comment,1
6062-AJVDZ,2023-08-20,No,41,guidance to renew,1
2565-QJGUU,2023-08-20,Yes,67,happy with service,1
1437-JMNDJ,2023-08-20,No,0,guidance to renew,2
4475-VRJXJ,2023-08-20,No,23,requested callback,2
8412-WXNYT,2023-08-20,No,11,No comment,1
2470-IYHJT,2023-08-20,Unknown,31,received refund,1
2595-ALLMZ,2023-08-20,Yes,40,paymnt failed,1
7692-UUTCT,2023-08-20,Yes,19,demaned refund,2
2519-YBKTO,2023-08-20,No,71,received refund,1
7050-UJDVU,2023-08-20,No,41,No comment,2
6586-GDZHZ,2023-08-21,No,94,received refund,1
7252-XIQAE,2023-08-21,No,88,happy with service,1
6183-QBALH,2023-08-21,Yes,40,requested callback,1
5427-YREBR,2023-08-21,No,12,No comment,1
0576-UAXPB,2023-08-21,No,38,No comment,1
1223-EHHKZ,2023-08-21,Yes,77,requested callback,1
7840-IBKKE,2023-08-21,Yes,7,No comment,1
7321-LDVEB,2023-08-21,No,98,guidance to renew,1
2191-BKFRJ,2023-08-21,No,59,demaned refund,1
3388-FCCMU,2023-08-21,Yes,19,happy with service,1
1852-MJGZG,2023-08-21,No,15,No comment,1
9117-WVIEF,2023-08-21,Yes,52,billing complaint,1
8918-FMGZP,2023-08-21,Unknown,43,happy with service,1
9974-UDCXD,2023-08-21,Yes,64,service issue,2
3613-IIVOO,2023-08-21,No,49,paymnt failed,1
6370-JBURK,2023-08-21,Yes,88,service issue,1
3960-NXNHT,2023-08-21,No,81,demaned refund,1
2675-ZHSJE,2023-08-21,No,52,guidance to renew,1
0210-DQIHL,2023-08-22,Unknown,59,paymnt failed,1
5350-VUHYG,2023-08-22,Yes,47,guidance to renew,1
0867-OMSGF,2023-08-22,Yes,27,No comment,1
7559-ERJFT,2023-08-22,No,34,demaned refund,1
9212-BTCFM,2023-08-22,No,36,service issue,1
8190-PNPQY,2023-08-22,No,80,No comment,1
8486-JWLJF,2023-08-22,No,73,happy with service,2
8991-SVNVR,2023-08-22,Yes,31,No comment,1
4754-TBNQG,2023-08-22,No,90,requested callback,1
2331-BAEHE,2023-08-22,No,78,No comment,1
3871-JUXNG,2023-08-22,No,52,requested callback,1
9262-OPREB,2023-08-22,Yes,53,service issue,1
4496-UHEOA,2023-08-22,Unknown,11,paymnt failed,2
0742-DLTIY,2023-08-22,Unknown,40,guidance to renew,2
6051-VOYHQ,2023-08-23,Unknown,2,app not working,1
7809-JSVPQ,2023-08-23,Yes,8,requested callback,1
7893-CBJHN,2023-08-23,Yes,79,demaned refund,1
6338-VETMV,2023-08-23,No,33,requested callback,1
9484-HBBRR,2023-08-23,No,66,happy with service,1
5679-ALDJR,2023-08-23,Yes,26,guidance to renew,1
4052-MWZFU,2023-08-23,Yes,14,paymnt failed,1
2354-UQDSD,2023-08-23,No,79,guidance to renew,1
6090-XTGJJ,2023-08-23,No,93,guidance to renew,1
2433-SOUUP,2023-08-23,Yes,36,billing complaint,2
5618-AJRPS,2023-08-23,Yes,21,No comment,2
9178-VWRNI,2023-08-23,Unknown,14,demaned refund,1
9257-PJQMZ,2023-08-23,No,75,app not working,1
0637-HBHPS,2023-08-23,No,68,No comment,2
3565-MZBYN,2023-08-23,Yes,15,No comment,1
1409-HITEI,2023-08-23,Yes,42,paymnt failed,1
7633-STXOP,2023-08-23,No,27,guidance to renew,2
6915-AHQYQ,2023-08-23,Yes,39,No comment,2
7405-LHHVO,2023-08-23,Yes,5,No comment,1
8385-UHNYD,2023-08-23,No,37,happy with service,2
6891-IMNIM,2023-08-23,Yes,18,paymnt failed,2
7133-KAHGL,2023-08-23,Unknown,31,No comment,1
2311-RWICH,2023-08-24,No,16,happy with service,1
5412-USSLA,2023-08-24,No,64,billing complaint,1
6695-MYOWF,2023-08-24,Yes,27,guidance to renew,1
8082-IIHKI,2023-08-24,No,92,billing complaint,2
0536-EZGJH,2023-08-24,No,97,paymnt failed,1
1218-FDARP,2023-08-24,No,86,demaned refund,1
8978-LVVZA,2023-08-24,No,1,paymnt failed,2
1588-KDKHI,2023-08-25,No,57,service issue,1
5180-SWCWJ,2023-08-25,No,82,service issue,1
8195-VHYVL,2023-08-25,No,96,No comment,2
5847-YBNVT,2023-08-25,No,9,requested callback,1
5074-CRTAW,2023-08-25,Yes,32,received refund,1
7419-PYYUO,2023-08-25,No,24,guidance to renew,1
7799-ZIWWH,2023-08-25,Yes,11,service issue,2
6163-GTKUK,2023-08-25,Yes,70,No comment,1
4123-ATCPI,2023-08-25,No,17,service issue,1
7841-HXVWM,2023-08-25,No,49,service issue,1
2805-KPLNI,2023-08-25,Yes,96,requested callback,2
7190-AWLJR,2023-08-25,Unknown,3,paymnt failed,1
2746-PKBNT,2023-08-25,Yes,67,No comment,1
1679-TFCWU,2023-08-25,No,74,happy with service,1
9568-GGXKY,2023-08-25,No,82,service issue,1
4538-HUOBI,2023-08-25,No,42,No comment,1
7734-MHNRN,2023-08-25,No,6,service issue,2
1768-CBYPZ,2023-08-25,Yes,92,guidance to renew,2
9073-SJOTZ,2023-08-25,Yes,50,demaned refund,1
5661-CEZVJ,2023-08-25,Unknown,76,No comment,1
6664-EPNZX,2023-08-25,No,55,paymnt failed,1
7039-PLAQS,2023-08-26,Yes,61,No comment,1
9818-QNPSQ,2023-08-26,No,59,paymnt failed,1
7168-ZGDJS,2023-08-26,Yes,49,received refund,1
1665-LDTET,2023-08-26,Unknown,17,happy with service,1
2708-UCHLE,2023-08-26,No,48,service issue,1
3910-KDBSY,2023-08-26,No,43,No comment,1
7767-IXTGM,2023-08-26,No,15,No comment,1
1631-OKWVZ,2023-08-26,No,89,billing complaint,1
3044-IZWEL,2023-08-26,Yes,13,billing complaint,2
9857-DQWAB,2023-08-26,No,73,paymnt failed,2
4377-EJBIP,2023-08-26,No,10,billing complaint,1
2274-SPSMN,2023-08-26,No,50,No comment,2
8016-HZSOG,2023-08-26,Yes,73,billing complaint,2
6855-MRHYM,2023-08-26,No,33,app not working,2
4315-UADTH,2023-08-27,Yes,44,service issue,1
5543-IWNTO,2023-08-27,No,22,paymnt failed,1
0578-TOAOB,2023-08-27,No,62,billing complaint,1
2720-TXNWF,2023-08-27,Unknown,66,demaned refund,1
6862-AZHAB,2023-08-27,No,66,guidance to renew,1
8451-HTRJJ,2023-08-27,Unknown,72,app not working,1
7041-RSTKO,2023-08-27,No,46,demaned refund,1
0994-GDSUQ,2023-08-27,Unknown,21,billing complaint,2
9864-TNNDS,2023-08-27,No,36,No comment,1
1360-RLDQC,2023-08-27,Yes,67,No comment,2
8691-OTGQK,2023-08-27,Unknown,43,No comment,1
2012-GPWML,2023-08-27,Yes,22,paymnt failed,1
1827-VQGFY,2023-08-27,No,94,demaned refund,1
9714-QJKQF,2023-08-27,No,76,guidance to renew,1
9604-AMRAK,2023-08-27,Yes,54,service issue,2
6798-NVRNZ,2023-09-01,Yes,69,No comment,1
7388-KDTXK,2023-09-01,Yes,81,received refund,1
9562-AAXNF,2023-09-01,No,53,No comment,1
4401-JEAZL,2023-09-01,Yes,47,billing complaint,1
2111-VHYLD,2023-09-01,Yes,60,happy with service,1
8656-AAEEY,2023-09-01,Yes,23,paymnt failed,2
5607-CLVQS,2023-09-01,No,70,app not working,2
6244-MBJBS,2023-09-01,Unknown,4,service issue,1
5512-YSPTR,2023-09-01,No,8,requested callback,1
2023-UHGKR,2023-09-01,No,6,received refund,1
8037-FLUXU,2023-09-01,Yes,3,No comment,2
2927-BOODI,2023-09-01,Yes,90,No comment,1
4716-TLPEU,2023-09-01,No,50,app not working,1
2225-WIRRQ,2023-09-01,Yes,65,No comment,1
2799-QPHQM,2023-09-01,Unknown,12,paymnt failed,1
2639-NIXFH,2023-09-01,No,64,received refund,2
0964-RYYJW,2023-09-01,Yes,24,No comment,1
8169-YGIUR,2023-09-01,Yes,54,happy with service,2
0876-YMWGV,2023-09-01,No,46,No comment,2
2563-SXWMN,2023-09-02,Unknown,96,No comment,1
0137-IRVWH,2023-09-02,No,58,requested callback,1
1045-JLPSV,2023-09-02,Yes,24,guidance to renew,1
6797-AQHDZ,2023-09-02,No,55,service issue,1
9960-ICPWH,2023-09-02,No,32,No comment,1
9874-HWOFR,2023-09-02,No,59,No comment,1
8542-ATPMZ,2023-09-02,No,78,demaned refund,1
1084-ICDTL,2023-09-02,Yes,70,billing complaint,1
3992-BEEOC,2023-09-02,No,44,happy with service,1
0210-FIACB,2023-09-02,No,20,paymnt failed,1
4143-JGLQY,2023-09-02,Yes,85,No comment,2
9452-LRUFI,2023-09-02,No,84,No comment,1
0343-BHVSE,2023-09-02,No,4,happy with service,2
0396-RERPI,2023-09-02,Yes,20,No comment,1
9695-CIZSO,2023-09-02,Yes,52,No comment,1
5409-NQPPC,2023-09-02,No,39,happy with service,2
2658-FEXEW,2023-09-02,Yes,98,service issue,1
0518-LFGYE,2023-09-03,Yes,79,happy with service,1
4025-DGXNO,2023-09-03,Yes,62,No comment,1
3600-WYHYQ,2023-09-03,No,78,app not working,1
0202-DFVPA,2023-09-03,Yes,33,paymnt failed,1
6494-QYILH,2023-09-03,No,59,No comment,1
7006-UPIMK,2023-09-03,No,47,demaned refund,2
5171-PCUPS,2023-09-03,Yes,61,guidance to renew,2
8634-WIUQP,2023-09-03,Yes,0,received refund,1
4816-OCBLH,2023-09-03,Unknown,91,app not working,1
6002-JZROH,2023-09-03,No,46,requested callback,1
6243-XRGTG,2023-09-03,Yes,46,demaned refund,1
0680-GCGGQ,2023-09-03,Yes,92,service issue,1
8141-JUUGR,2023-09-03,No,6,guidance to renew,1
5355-NHWGK,2023-09-03,Unknown,79,No comment,1
4289-FUVKD,2023-09-03,Unknown,6,service issue,1
8687-OSUZD,2023-09-03,Yes,9,requested callback,1
3066-EPAWK,2023-09-04,No,49,billing complaint,2
7186-OQOMB,2023-09-04,Yes,19,No comment,1
3124-DANOE,2023-09-04,Yes,73,billing complaint,1
6294-HTQIB,2023-09-04,Yes,62,guidance to renew,1
3759-REBSB,2023-09-04,Yes,81,demaned refund,1
3916-LEOMK,2023-09-04,No,48,app not working,1
4697-CUFDV,2023-09-04,Yes,34,No comment,1
4360-JTFMV,2023-09-04,No,51,billing complaint,1
9410-CTRKQ,2023-09-04,No,27,No comment,1
4691-ZGZZL,2023-09-04,Yes,17,guidance to renew,1
3952-MIHNK,2023-09-04,No,22,service issue,1
4271-MDGLL,2023-09-04,No,70,received refund,2
2732-UOFAT,2023-09-04,Unknown,70,paymnt failed,1
6452-SUVDC,2023-09-04,Yes,76,No comment,1
7378-EHWWY,2023-09-04,Yes,58,happy with service,1
0471-OCKXS,2023-09-05,Yes,96,billing complaint,1
2464-VFLMK,2023-09-05,Yes,1,received refund,1
8045-FGGRD,2023-09-05,Unknown,53,No comment,1
3389-UMMZU,2023-09-05,Unknown,10,app not working,1
2354-UZGNT,2023-09-05,Yes,89,guidance to renew,1
1591-SVDWN,2023-09-05,Yes,46,requested callback,1
1879-KEXQJ,2023-09-05,No,36,paymnt failed,1
5741-LPNDA,2023-09-05,No,41,No comment,1
4914-VNLZQ,2023-09-05,No,49,requested callback,1
1077-ABHCF,2023-09-06,No,49,demaned refund,1
3072-MBJFN,2023-09-06,Yes,13,paymnt failed,1
3898-AFZFV,2023-09-06,No,4,demaned refund,1
6221-FZXUJ,2023-09-06,Yes,45,app not working,1
2962-SLBAS,2023-09-06,Yes,3,happy with service,2
8976-LVKFN,2023-09-06,Yes,17,happy with service,1
5028-UMLZW,2023-09-06,No,65,received refund,1
2408-TESRA,2023-09-06,No,2,happy with service,1
6200-USIKZ,2023-09-06,Yes,26,billing complaint,1
9459-FCFZZ,2023-09-06,Yes,65,paymnt failed,1
4085-YXYSR,2023-09-06,Yes,42,received refund,1
2537-UGDZW,2023-09-06,Yes,4,No comment,1
5400-PLHQQ,2023-09-06,Unknown,97,No comment,2
7700-NVYWW,2023-09-06,Yes,79,app not working,1
1048-TFXGP,2023-09-06,No,55,received refund,1
0351-FWUXO,2023-09-06,No,35,app not working,1
2649-LXPYF,2023-09-07,Yes,15,billing complaint,1
3566-MMNQF,2023-09-07,Yes,15,billing complaint,1
6165-RMEUS,2023-09-07,Unknown,44,happy with service,1
7936-CMVXX,2023-09-07,No,27,No comment,1
5558-DFLSX,2023-09-07,Yes,7,demaned refund,1
8758-IOKFA,2023-09-07,No,88,paymnt failed,1
9522-CHEBY,2023-09-07,Yes,35,service issue,1
4331-AYYDX,2023-09-07,Yes,48,No comment,1
8130-SUJYN,2023-09-07,No,87,guidance to renew,2
4124-FRHJU,2023-09-07,No,5,service issue,1
8668-ZSCZC,2023-09-07,Unknown,52,service issue,1
4795-DNDUF,2023-09-07,Yes,39,service issue,2
7316-PZWWP,2023-09-07,Yes,81,billing complaint,1
4143-KXPBF,2023-09-07,Yes,13,happy with service,1
9393-BJKHJ,2023-09-07,Yes,26,app not working,2
0330-LUCUS,2023-09-07,Yes,60,received refund,2
9534-NNZFC,2023-09-07,Yes,16,billing complaint,2
0551-VAVHN,2023-09-07,Unknown,55,demaned refund,1
0615-UETHB,2023-09-08,No,3,requested callback,1
2301-DRSPJ,2023-09-08,No,96,No comment,1
6351-OFRKD,2023-09-08,Yes,31,No comment,1
8658-VIROL,2023-09-08,No,55,No comment,1
6273-HEGXS,2023-09-08,Yes,39,No comment,1
5184-HMIMF,2023-09-08,No,52,service issue,1
0428-DONHX,2023-09-08,Yes,73,paymnt failed,1
9574-DLJBZ,2023-09-08,No,23,No comment,1
2200-BMOAN,2023-09-08,No,54,No comment,1
8185-WDSDL,2023-09-08,Yes,60,billing complaint,1
6558-LJGRH,2023-09-08,Yes,49,paymnt failed,2
7499-CACVO,2023-09-08,No,56,demaned refund,2
9302-DRWLZ,2023-09-08,Yes,56,happy with service,1
5719-YZKPB,2023-09-08,Unknown,17,No comment,1
0771-SYPKP,2023-09-09,Yes,20,billing complaint,1
7949-SFSMC,2023-09-09,Yes,91,guidance to renew,1
2404-NDUBC,2023-09-09,No,66,service issue,1
5023-YWLAG,2023-09-09,No,24,No comment,1
8577-BFAML,2023-09-09,Yes,58,requested callback,1
8467-ZRBUZ,2023-09-09,No,82,No comment,1
7708-DXHYN,2023-09-09,Yes,61,demaned refund,1
7711-EZAFQ,2023-09-09,Unknown,23,No comment,2
0879-SDOWB,2023-09-09,Yes,48,No comment,1
9021-KULHW,2023-09-09,Unknown,92,billing complaint,2
8032-LLDCK,2023-09-09,Unknown,13,received refund,1
8609-PBBTW,2023-09-09,No,99,guidance to renew,1
2232-GOWNG,2023-09-09,Yes,76,billing complaint,2
5418-KCHSU,2023-09-09,No,72,service issue,1
9206-FKNOW,2023-09-09,Yes,34,requested callback,1
8235-VGJQK,2023-09-09,Yes,38,requested callback,1
8854-WAAKL,2023-09-09,No,85,service issue,1
1605-SYGSL,2023-09-09,No,18,app not working,1
4361-IDJSZ,2023-09-09,No,8,happy with service,1
1439-VSSID,2023-09-09,Yes,41,billing complaint,1
4030-IHWTG,2023-09-09,Yes,98,paymnt failed,1
3028-PJHWQ,2023-09-09,Yes,98,requested callback,2
4008-YTDXA,2023-09-10,No,38,requested callback,1
4128-IWTOB,2023-09-10,Yes,4,demaned refund,1
3758-AXHTT,2023-09-10,No,69,guidance to renew,1
3912-MPNVP,2023-09-10,Yes,49,requested callback,1
2436-GBLWC,2023-09-10,No,5,app not working,2
8852-KWONN,2023-09-10,Yes,58,billing complaint,1
5064-SEEJW,2023-09-10,Yes,82,No comment,2
9652-QIMDH,2023-09-10,No,21,paymnt failed,1
9987-BWCBC,2023-09-10,Yes,85,No comment,2
2819-CFYOB,2023-09-10,Yes,24,billing complaint,1
4474-VOXOB,2023-09-10,Yes,67,app not working,1
2341-YMXUC,2023-09-10,No,40,demaned refund,2
4851-WYVEU,2023-09-10,No,21,No comment,2
4416-RMHQZ,2023-09-10,No,80,received refund,1
5615-UGIZZ,2023-09-10,No,66,paymnt failed,1
5662-KNCBD,2023-09-10,No,86,happy with service,1
7158-NYXAB,2023-09-11,Unknown,73,guidance to renew,1
9582-BBMDY,2023-09-11,No,32,guidance to renew,1
0449-PTFCP,2023-09-11,Yes,45,billing complaint,1
8212-WXCIG,2023-09-11,Yes,34,service issue,1
9397-BMLSR,2023-09-11,Yes,34,service issue,1
8566-WNTTD,2023-09-11,Yes,25,requested callback,1
6034-GWMVW,2023-09-11,No,41,happy with service,1
8474-GPNTR,2023-09-11,Yes,36,guidance to renew,1
5055-RZTKJ,2023-09-11,Yes,60,paymnt failed,1
1537-EGFRG,2023-09-11,No,1,billing complaint,1
2156-QAKTD,2023-09-11,No,26,service issue,1
0029-KEWBF,2023-09-11,Yes,30,billing complaint,1
8680-MMMNK,2023-09-12,Unknown,95,happy with service,1
9327-NXJQK,2023-09-12,Yes,76,No comment,1
3605-THMVO,2023-09-12,Yes,26,received refund,2
5534-NGZJZ,2023-09-12,No,44,billing complaint,1
8595-IWNJP,2023-09-12,No,23,No comment,1
3729-WOESN,2023-09-12,No,49,received refund,1
1794-SONDR,2023-09-12,Yes,71,app not working,1
6262-NQTOB,2023-09-12,No,79,service issue,1
2428-SVZPC,2023-09-12,Yes,27,demaned refund,1
6194-JCOTI,2023-09-12,Yes,89,No comment,1
2939-TBMGK,2023-09-12,Yes,60,No comment,1
0369-YXHAK,2023-09-12,No,42,happy with service,1
1385-NLTIC,2023-09-12,Yes,50,No comment,1
2303-QQZKM,2023-09-13,No,39,No comment,1
5740-LVGHD,2023-09-13,Yes,64,paymnt failed,1
9030-KBSZJ,2023-09-13,No,75,paymnt failed,1
7241-DATSS,2023-09-13,No,5,billing complaint,2
1490-FZSZE,2023-09-13,Yes,53,No comment,1
1141-XHBMK,2023-09-13,Yes,30,app not working,1
1258-ZTJKG,2023-09-13,Yes,77,received refund,1
3604-AESDR,2023-09-13,Yes,69,billing complaint,1
9003-JGHVG,2023-09-13,Yes,29,No comment,2
5426-JNFYR,2023-09-13,Yes,68,app not working,1
5060-UITTD,2023-09-13,No,87,guidance to renew,1
8077-LHBRV,2023-09-13,Yes,39,requested callback,2
6427-ZITLU,2023-09-13,No,31,requested callback,1
7168-QSENE,2023-09-13,Unknown,89,No comment,1
8367-OQIEL,2023-09-13,Unknown,12,No comment,1
1614-YAKGJ,2023-09-13,No,53,paymnt failed,1
6306-NOBIN,2023-09-14,Unknown,49,requested callback,1
4501-GJXKC,2023-09-14,No,15,happy with service,1
6575-MREEH,2023-09-14,Yes,76,app not working,1
3735-PJBFE,2023-09-14,Unknown,85,No comment,1
7229-GRKDM,2023-09-14,No,16,app not working,2
0957-QYUPA,2023-09-14,Yes,67,service issue,1
3592-XXODS,2023-09-14,Unknown,17,guidance to renew,1
5985-HHTIZ,2023-09-14,Yes,17,service issue,2
7739-SSPUU,2023-09-14,No,41,requested callback,2
7935-KVAXP,2023-09-14,No,12,guidance to renew,1
2098-ECKBZ,2023-09-14,No,47,No comment,1
2013-NWTMD,2023-09-15,No,43,received refund,1
9988-EHTDU,2023-09-15,Yes,81,No comment,1
8572-XWOBP,2023-09-15,No,76,demaned refund,1
1639-JRHZO,2023-09-15,No,61,demaned refund,1
5752-QLALZ,2023-09-15,No,6,guidance to renew,1
2994-FIHAQ,2023-09-15,Yes,88,No comment,2
6930-DBWEV,2023-09-15,No,81,service issue,1
4017-KUGEF,2023-09-15,Yes,57,received refund,1
8721-EOIUH,2023-09-15,Yes,12,billing complaint,2
6002-TRWYU,2023-09-15,No,97,paymnt failed,1
0288-NIJYR,2023-09-15,Yes,18,demaned refund,2
5170-YGDRX,2023-09-15,No,58,No comment,2
0887-ESKTW,2023-09-15,Yes,52,requested callback,1
5266-RYDVV,2023-09-15,Yes,32,guidance to renew,2
8763-MQLKC,2023-09-15,Unknown,17,paymnt failed,1
8684-LIOFE,2023-09-15,Yes,29,received refund,2
8067-INEYM,2023-09-16,Yes,45,received refund,1
2562-NVCOS,2023-09-16,No,49,happy with service,1
7516-FGVAG,2023-09-16,No,82,paymnt failed,2
2292-ECPKW,2023-09-16,Unknown,55,demaned refund,1
3900-WIIUR,2023-09-16,No,45,No comment,2
9701-GSHPU,2023-09-16,No,68,No comment,1
4431-MTUSQ,2023-09-16,Yes,10,No comment,1
2998-SKIFO,2023-09-16,Yes,99,billing complaint,1
7998-VYOVG,2023-09-16,Yes,50,No comment,2
8607-QZDDF,2023-09-16,Yes,15,requested callback,1
7461-CDMER,2023-09-16,Yes,76,service issue,1
4328-OTLLF,2023-09-16,Yes,82,received refund,1
1738-ZBIRZ,2023-09-16,Yes,83,service issue,2
0672-XKOVB,2023-09-16,Unknown,64,app not working,1
7313-YWGRC,2023-09-16,No,94,requested callback,1
4783-THBTF,2023-09-16,Yes,8,billing complaint,1
9413-VCREX,2023-09-17,No,96,No comment,1
4735-ZAYJH,2023-09-17,No,66,No comment,1
1276-XIHMC,2023-09-17,No,78,billing complaint,1
7152-KAIUG,2023-09-17,Yes,94,guidance to renew,1
3264-IQZSG,2023-09-17,Yes,68,demaned refund,1
0353-CFNAN,2023-09-17,No,50,No comment,1
1948-IQUJO,2023-09-17,Yes,16,billing complaint,1
8119-WTYRV,2023-09-17,No,32,billing complaint,1
6677-FSUIT,2023-09-17,Yes,25,happy with service,2
8969-PFMNE,2023-09-17,Yes,87,billing complaint,1
9784-CDSVP,2023-09-17,No,96,happy with service,1
4031-UZDLH,2023-09-17,No,79,billing complaint,2
0206-XIMPG,2023-09-18,No,31,demaned refund,1
3293-UWYDS,2023-09-18,Yes,67,billing complaint,1
3087-YEDYD,2023-09-18,Yes,40,service issue,1
7989-ANOUL,2023-09-18,No,80,demaned refund,1
9430-ZUYBW,2023-09-18,Yes,72,billing complaint,1
2285-EBGKB,2023-09-18,No,11,guidance to renew,1
8778-HNGCE,2023-09-18,Unknown,31,app not working,1
1593-SZYND,2023-09-18,Yes,61,No comment,1
1207-AFAMT,2023-09-18,Yes,75,received refund,1
5786-ZZSXI,2023-09-18,Yes,87,demaned refund,1
3901-NUGKN,2023-09-18,No,33,service issue,2
8467-TBNPT,2023-09-18,Unknown,78,paymnt failed,1
9126-MGDCS,2023-09-18,No,74,No comment,2
2675-FPCIZ,2023-09-19,Unknown,44,demaned refund,1
3865-WUZBF,2023-09-19,Unknown,69,guidance to renew,1
0517-EGPTK,2023-09-19,No,59,happy with service,1
0152-QLLAF,2023-09-19,No,93,No comment,1
4798-BZPSZ,2023-09-19,Yes,62,happy with service,1
9706-PQFDW,2023-09-19,Yes,35,received refund,1
6026-XLDLO,2023-09-19,No,8,guidance to renew,1
4793-UETGD,2023-09-19,No,29,guidance to renew,2
5983-QIYLD,2023-09-19,Yes,66,happy with service,1
9985-YBTDP,2023-09-19,Yes,49,service issue,1
1444-KFBYI,2023-09-19,No,53,paymnt failed,1
3613-WUGLQ,2023-09-19,Yes,41,guidance to renew,2
3298-MTXQM,2023-09-19,Unknown,92,happy with service,1
5876-EQWZX,2023-09-20,No,3,paymnt failed,1
1664-PRUIT,2023-09-20,Yes,29,billing complaint,1
4994-PESQF,2023-09-20,No,63,No comment,1
0324-PHTNL,2023-09-20,No,35,demaned refund,2
5857-CHIEQ,2023-09-20,Yes,28,No comment,1
0041-VQDEE,2023-09-20,No,54,requested callback,1
7434-WCPRX,2023-09-20,Yes,40,paymnt failed,1
1523-JHEKN,2023-09-20,Unknown,69,No comment,1
8577-KOMQU,2023-09-20,Yes,14,No comment,2
0646-VHBQX,2023-09-20,No,97,received refund,2
5456-LFQLB,2023-09-20,Yes,7,service issue,1
8703-TKCCE,2023-09-20,Yes,46,happy with service,2
6967-KLAEF,2023-09-20,Yes,90,requested callback,2
5501-RMXSO,2023-09-21,Yes,99,happy with service,1
5299-MEPQD,2023-09-21,Yes,2,app not working,1
7468-BPPHH,2023-09-21,Yes,22,No comment,1
9860-DNZPH,2023-09-21,Yes,39,No comment,1
4123-TOZVU,2023-09-21,No,86,happy with service,1
7180-XUTJY,2023-09-21,No,29,service issue,1
8860-XHWCZ,2023-09-21,No,8,billing complaint,1
9420-SZZPD,2023-09-21,Yes,11,app not working,1
3722-ASEVP,2023-09-22,No,21,received refund,1
8345-GVOAI,2023-09-22,No,91,No comment,1
9674-HOJJC,2023-09-22,Yes,21,No comment,1
5159-KARMY,2023-09-22,Yes,51,No comment,1
5120-UJEDV,2023-09-22,No,78,demaned refund,1
0463-YPMLG,2023-09-22,No,89,received refund,1
5283-JKSXY,2023-09-22,Yes,87,service issue,1
7171-YKFVQ,2023-09-22,No,74,No comment,2
1993-OCMGW,2023-09-22,Yes,15,happy with service,2
6143-DLQYW,2023-09-22,Yes,74,app not working,1
2647-QVKCN,2023-09-23,Yes,52,No comment,1
6008-BXRGV,2023-09-23,No,73,No comment,1
3651-FQGYX,2023-09-23,No,51,app not working,1
6342-MCTDN,2023-09-23,No,37,service issue,1
2650-QOHMC,2023-09-23,Yes,79,No comment,1
1360-RQFBB,2023-09-23,No,90,No comment,1
3393-UQIIA,2023-09-23,Yes,49,received refund,1
2894-PRUGX,2023-09-23,Yes,26,guidance to renew,2
6815-ZVASL,2023-09-23,No,26,No comment,1
1644-MZWIL,2023-09-23,Yes,28,app not working,1
1127-FENWM,2023-09-23,Yes,79,service issue,1
1392-KXVMH,2023-09-23,No,71,demaned refund,1
4318-CHOVS,2023-09-23,No,66,billing complaint,2
1691-FFZFJ,2023-09-23,Yes,46,paymnt failed,1
0612-JWSNU,2023-09-23,No,29,No comment,1
2911-HLFNM,2023-09-23,Yes,61,received refund,1
8596-XRKZR,2023-09-23,No,68,requested callback,2
3473-SUSHZ,2023-09-23,No,20,No comment,1
0749-SZZXM,2023-09-24,Yes,79,received refund,2
9191-NSXUW,2023-09-24,Yes,53,app not working,1
6587-GXRMZ,2023-09-24,No,42,app not working,1
1977-VRABZ,2023-09-24,Unknown,0,app not working,1
1141-KNCZL,2023-09-24,No,94,requested callback,1
8783-GOHPQ,2023-09-24,Unknown,31,paymnt failed,2
9435-SYWII,2023-09-24,No,60,No comment,1
4549-NDOZO,2023-09-24,Unknown,74,received refund,2
5162-EXNOL,2023-09-24,Unknown,56,No comment,1
2518-FKUOE,2023-09-24,Yes,41,guidance to renew,1
1012-XOEXA,2023-09-24,Yes,20,received refund,1
5499-FRDHS,2023-09-24,Yes,48,requested callback,1
8058-NDVVL,2023-09-24,Yes,57,happy with service,1
8769-NKLYD,2023-09-24,Unknown,28,app not working,2
3896-LNQEP,2023-09-24,No,28,received refund,2
7247-PPAJG,2023-09-25,Yes,49,guidance to renew,1
0632-FUXBQ,2023-09-25,Yes,57,app not working,2
2570-DUXJQ,2023-09-25,Yes,77,guidance to renew,1
0043-KKOCZ,2023-09-25,No,11,No comment,1
6693-SCRTE,2023-09-25,Yes,49,No comment,1
1074-DFDJB,2023-09-25,No,1,paymnt failed,2
6223-ZYVIA,2023-09-25,Yes,47,No comment,1
5124-TXIAB,2023-09-25,Unknown,59,paymnt failed,1
4427-BLUIQ,2023-09-25,Yes,4,happy with service,1
8815-DKWBF,2023-09-25,Yes,82,service issue,2
9950-YNUNY,2023-09-25,Yes,14,billing complaint,1
9229-PPZFX,2023-09-25,No,36,No comment,1
9766-QQKLX,2023-09-25,No,53,No comment,1
8082-LTMSP,2023-09-25,No,48,received refund,2
5918-ORQQG,2023-09-25,Yes,39,guidance to renew,1
9045-HDMBW,2023-09-25,No,11,app not working,1
2085-TLQPB,2023-09-25,No,67,demaned refund,1
1915-HHZRQ,2023-09-26,Unknown,56,No comment,1
4198-PIYRY,2023-09-26,No,36,guidance to renew,1
9744-OHLLT,2023-09-26,No,30,happy with service,1
3074-VMTTO,2023-09-26,Yes,62,No comment,1
1558-DZJEK,2023-09-26,Yes,37,service issue,1
0077-GRGDM,2023-09-26,No,59,No comment,2
4969-VMRDP,2023-09-26,Yes,73,requested callback,1
4241-EETNL,2023-09-26,No,10,billing complaint,2
4167-YCLKB,2023-09-26,Unknown,78,paymnt failed,1
4914-ZCJKC,2023-09-26,No,27,paymnt failed,2
9473-GNSVE,2023-09-26,No,42,app not working,1
7686-VFAVJ,2023-09-26,Yes,51,No comment,1
8845-QMXYC,2023-09-26,Yes,31,received refund,1
2032-XMJVH,2023-09-26,No,38,received refund,1
4013-YRLIY,2023-09-26,No,97,No comment,1
0369-XXQZO,2023-09-26,Yes,14,demaned refund,3
7482-AYGWL,2023-09-26,Yes,68,service issue,1
7910-FWNOF,2023-09-26,No,7,paymnt failed,1
6654-FKPKH,2023-09-26,No,81,guidance to renew,1
9828-FUTJE,2023-09-26,No,16,No comment,1
9919-TSGJK,2023-09-27,Yes,49,service issue,1
2373-BEUDV,2023-09-27,No,53,received refund,1
9820-XFMPF,2023-09-27,Yes,68,No comment,1
0540-HXUON,2023-09-27,No,69,service issue,1
7419-KKNMS,2023-09-27,No,43,app not working,2
4496-DSCAT,2023-09-27,No,48,No comment,1
8784-CNGQJ,2023-09-27,No,67,paymnt failed,1
7476-OYDKH,2023-09-27,No,80,No comment,1
0299-WVQSE,2023-09-27,Yes,68,received refund,1
0540-TFEQH,2023-09-27,No,24,No comment,1
1174-RPTDB,2023-09-27,Yes,80,No comment,1
9451-KHMBV,2023-09-27,Yes,93,demaned refund,1
3347-MLYZT,2023-09-27,Yes,8,billing complaint,1
0808-IMRJX,2023-09-27,Yes,72,guidance to renew,1
9410-BYAOX,2023-09-27,No,13,No comment,2
6410-PIWQR,2023-09-27,Yes,73,No comment,2
0263-CTENJ,2023-09-27,Yes,53,billing complaint,1
8649-XIDDQ,2023-09-27,No,66,No comment,1
1670-VEVDJ,2023-09-27,Yes,46,No comment,1
4023-MNBPM,2023-09-27,Unknown,60,guidance to renew,2
3168-QDZJA,2023-10-01,No,73,guidance to renew,1
0761-HLWBY,2023-10-01,No,93,No comment,1
0875-YDQYH,2023-10-01,No,69,received refund,1
2791-PCATM,2023-10-01,No,19,service issue,1
8112-HMZBY,2023-10-01,Yes,82,received refund,1
0514-TVRZB,2023-10-01,No,33,app not working,1
9899-WODHX,2023-10-01,No,5,guidance to renew,1
2288-QNWLC,2023-10-01,No,15,billing complaint,2
8755-JZAVT,2023-10-01,No,61,demaned refund,1
0053-IPKYT,2023-10-01,Yes,70,received refund,1
9704-AGSTX,2023-10-01,Unknown,14,No comment,2
5872-JXPFG,2023-10-01,No,77,happy with service,2
8667-NIXAK,2023-10-01,No,5,guidance to renew,1
6969-HICBC,2023-10-01,No,4,billing complaint,1
0861-LPFCF,2023-10-01,Yes,72,demaned refund,1
3605-MYCRQ,2023-10-02,Yes,6,No comment,1
9195-DINAZ,2023-10-02,No,43,paymnt failed,1
2076-KUZHB,2023-10-02,No,64,paymnt failed,1
6447-HBTVE,2023-10-02,No,54,app not working,2
5434-HKQVJ,2023-10-02,Yes,31,demaned refund,2
9752-DILQW,2023-10-02,Yes,36,billing complaint,3
7761-XXWBH,2023-10-02,No,55,No comment,2
6235-NTBLZ,2023-10-02,Unknown,23,received refund,1
0693-XJUEL,2023-10-02,Yes,9,No comment,2
8406-JNHGC,2023-10-02,No,6,paymnt failed,1
5959-LGGZY,2023-10-02,No,33,received refund,1
6394-TPHVK,2023-10-02,No,34,demaned refund,1
9907-MIUXA,2023-10-02,No,88,billing complaint,1
4578-NDGKE,2023-10-03,Yes,39,No comment,1
0801-WSUTA,2023-10-03,No,75,No comment,1
2442-ZMECN,2023-10-03,No,16,demaned refund,2
5241-MMYMX,2023-10-03,Yes,17,demaned refund,1
4082-KEOAJ,2023-10-03,Unknown,82,app not working,1
8271-HJBVM,2023-10-03,No,27,requested callback,1
1194-RAZKK,2023-10-03,No,0,paymnt failed,1
5846-LYWSK,2023-10-03,Yes,17,received refund,1
3588-IGLUB,2023-10-03,Yes,3,demaned refund,1
0584-EQUMC,2023-10-03,Yes,54,paymnt failed,1
2693-WQSDI,2023-10-03,No,33,service issue,1
5719-QHRXP,2023-10-03,No,6,guidance to renew,1
2709-CPSAT,2023-10-03,No,22,paymnt failed,2
1222-OZEYR,2023-10-03,Yes,40,app not working,1
4821-PIWKI,2023-10-03,No,54,paymnt failed,2
7780-IFCGG,2023-10-03,Yes,17,billing complaint,2
4100-NYCUS,2023-10-03,Yes,58,No comment,1
6671-UDTSZ,2023-10-04,No,78,No comment,1
6971-OZQPV,2023-10-04,Unknown,96,No comment,1
0094-BRUFD,2023-10-04,No,63,demaned refund,1
9198-BHBXM,2023-10-04,Yes,59,paymnt failed,1
0662-FOGXU,2023-10-04,No,61,paymnt failed,2
3082-JBMGH,2023-10-04,No,80,paymnt failed,1
5731-FBIMK,2023-10-04,Yes,33,happy with service,1
0359-TMUFN,2023-10-04,Yes,48,requested callback,1
9928-MJOCS,2023-10-04,No,52,billing complaint,1
5277-HYHSX,2023-10-04,Yes,78,No comment,1
0242-CGEEB,2023-10-04,Yes,96,guidance to renew,1
6499-HYYAE,2023-10-04,Yes,0,happy with service,1
3989-OHYPA,2023-10-04,Unknown,26,service issue,1
3101-OIZRT,2023-10-04,Yes,19,requested callback,1
0169-DDBPZ,2023-10-04,Yes,81,guidance to renew,1
9307-RLQTL,2023-10-04,Yes,25,guidance to renew,1
9101-XUOPP,2023-10-04,Yes,71,No comment,1
1508-HBDIQ,2023-10-05,No,2,paymnt failed,1
7270-SANPI,2023-10-05,Unknown,60,No comment,1
6010-IRKGQ,2023-10-05,Yes,19,happy with service,1
0332-OPCAA,2023-10-05,Yes,14,guidance to renew,1
4073-ZVQOD,2023-10-05,No,40,paymnt failed,1
0461-EUVRX,2023-10-05,Unknown,59,happy with service,1
9469-IAFVL,2023-10-05,Yes,33,requested callback,2
2936-GKJBA,2023-10-05,Yes,79,requested callback,1
1753-VXJLC,2023-10-05,Yes,61,guidance to renew,2
1953-VBBLY,2023-10-05,Yes,40,received refund,2
4003-ZQLAC,2023-10-05,Yes,2,service issue,1
2566-DYZGK,2023-10-05,Yes,4,guidance to renew,1
6793-PFSER,2023-10-05,Yes,99,app not working,2
1961-BXMZI,2023-10-06,No,65,received refund,1
8622-JZOSD,2023-10-06,Unknown,96,received refund,1
1601-IPHBI,2023-10-06,No,40,paymnt failed,1
4085-CWITO,2023-10-06,Yes,42,guidance to renew,1
2540-DCDZT,2023-10-06,No,94,service issue,1
7525-TLXCP,2023-10-06,Yes,60,service issue,1
5681-VYIID,2023-10-06,Yes,12,billing complaint,1
5464-DGGLZ,2023-10-06,Yes,97,demaned refund,1
3986-MARUL,2023-10-06,Yes,67,No comment,2
3416-OJILA,2023-10-06,No,6,No comment,1
9720-JKMSQ,2023-10-06,No,40,service issue,1
2392-FUDQO,2023-10-06,No,18,service issue,1
7730-TEYMH,2023-10-06,No,49,paymnt failed,2
8011-CVEKN,2023-10-06,Yes,64,app not working,1
9838-JBSFX,2023-10-06,Yes,29,No comment,1
6186-OZDMX,2023-10-06,Yes,98,No comment,1
5731-XRMHW,2023-10-07,No,78,service issue,1
9153-VEPMG,2023-10-07,Yes,11,happy with service,1
5068-HYVZA,2023-10-07,No,6,demaned refund,1
3969-SQKCQ,2023-10-07,No,43,received refund,1
3072-WWDTC,2023-10-07,Yes,36,happy with service,1
1172-LLLFT,2023-10-07,No,25,billing complaint,1
2612-NYZFY,2023-10-07,Yes,8,received refund,1
5992-NDGYT,2023-10-07,Yes,91,No comment,2
7161-DULQC,2023-10-07,No,45,service issue,1
8872-YNSVW,2023-10-07,Yes,32,demaned refund,1
4944-PHELC,2023-10-07,No,33,service issue,2
5387-UESFY,2023-10-07,No,68,No comment,1
7717-JWREQ,2023-10-07,Yes,86,billing complaint,1
4397-CXPVW,2023-10-07,Yes,72,demaned refund,1
3167-TJMIK,2023-10-07,Yes,81,paymnt failed,1
5013-QGYPB,2023-10-07,No,29,app not working,1
3462-AQHVQ,2023-10-07,Yes,11,No comment,1
0255-ZOMDZ,2023-10-08,Yes,25,billing complaint,2
8242-CIOCU,2023-10-08,No,79,No comment,1
8994-KCDNF,2023-10-08,Yes,76,No comment,1
2889-DMPWQ,2023-10-08,Yes,39,paymnt failed,1
3316-RAWAW,2023-10-08,Yes,57,demaned refund,2
8185-XRNJT,2023-10-08,No,89,guidance to renew,1
2231-BGYHP,2023-10-08,No,41,No comment,1
0070-WZHHZ,2023-10-08,Yes,67,happy with service,1
1981-EXIJM,2023-10-08,No,49,service issue,1
4955-FNKVE,2023-10-08,No,9,guidance to renew,2
3483-FCFTG,2023-10-09,Yes,69,guidance to renew,1
7727-CKDPA,2023-10-09,No,2,received refund,1
3133-JWLFD,2023-10-09,No,78,No comment,1
0949-FCHJZ,2023-10-09,Yes,23,service issue,1
4496-XSNQW,2023-10-09,No,15,No comment,1
2687-NKRQV,2023-10-09,No,17,requested callback,1
2895-XTSZY,2023-10-09,Yes,88,paymnt failed,1
6771-ZPIDB,2023-10-10,Yes,43,guidance to renew,1
5710-ETPBJ,2023-10-10,No,70,requested callback,1
5947-MEIKC,2023-10-10,Yes,24,received refund,2
6594-QUHTJ,2023-10-10,Yes,93,received refund,1
9989-HOUWI,2023-10-10,No,93,demaned refund,1
7174-ZAGUZ,2023-10-10,Yes,97,happy with service,1
4808-CKIIT,2023-10-10,Yes,24,No comment,1
8983-NMHAU,2023-10-10,Unknown,46,received refund,1
5847-FJALR,2023-10-10,No,61,No comment,1
5583-RWOIE,2023-10-10,Yes,36,app not working,1
4432-HPVKF,2023-10-10,Yes,41,happy with service,1
9819-RIGFI,2023-10-10,Yes,26,No comment,2
3842-MTXIJ,2023-10-10,Unknown,63,No comment,1
7914-ZPXYX,2023-10-10,No,31,app not working,1
0423-OSWPN,2023-10-10,Yes,96,No comment,1
9573-YQSHQ,2023-10-11,Yes,49,received refund,1
3903-DUQMQ,2023-10-11,No,53,happy with service,1
0415-UERZX,2023-10-11,No,33,app not working,2
3862-WOLOC,2023-10-11,No,96,paymnt failed,2
0212-XOUEH,2023-10-11,No,95,requested callback,2
0881-BEYJF,2023-10-11,Yes,2,billing complaint,2
4426-VDDLB,2023-10-11,No,46,service issue,2
7386-QOSOJ,2023-10-12,Yes,1,guidance to renew,1
3444-GYJOB,2023-10-12,No,18,happy with service,1
4342-TEIQT,2023-10-12,Yes,32,demaned refund,1
6773-AFHEX,2023-10-12,No,74,demaned refund,1
4487-SJWHS,2023-10-12,Unknown,11,demaned refund,1
7825-BGMCF,2023-10-12,No,6,paymnt failed,1
4373-BNWET,2023-10-12,No,19,happy with service,1
2765-UWRKY,2023-10-12,No,27,paymnt failed,1
9026-JVNPZ,2023-10-12,No,5,billing complaint,2
1350-YWRMK,2023-10-12,Unknown,25,demaned refund,2
5322-JGLTV,2023-10-13,No,55,service issue,1
9569-LQBWU,2023-10-13,Yes,3,service issue,1
9019-UHOGO,2023-10-13,Yes,57,No comment,1
6250-TEGGO,2023-10-13,Yes,25,No comment,1
1486-JNZRS,2023-10-13,Yes,91,app not working,1
3814-MFVDP,2023-10-13,Yes,11,received refund,1
2422-UCGJV,2023-10-13,Unknown,69,service issue,2
5987-TVOEW,2023-10-13,No,58,No comment,1
7107-XGABA,2023-10-13,Unknown,58,received refund,1
6647-PULPN,2023-10-13,Yes,76,guidance to renew,1
4012-YWKXS,2023-10-13,No,60,requested callback,1
8233-URQMW,2023-10-13,Yes,68,received refund,1
6377-VFIPQ,2023-10-13,No,69,No comment,2
7880-SXETH,2023-10-13,No,85,service issue,2
5687-QJHJG,2023-10-13,No,45,paymnt failed,2
9463-LDTUB,2023-10-13,Yes,41,No comment,1
9220-RCDSP,2023-10-13,No,8,paymnt failed,2
3531-OBPGX,2023-10-13,No,44,received refund,3
2745-RNEHE,2023-10-13,Unknown,71,demaned refund,1
0570-PDNLO,2023-10-13,No,83,requested callback,2
2411-YBAGX,2023-10-13,No,77,app not working,1
1732-HSVOV,2023-10-13,No,30,No comment,2
4808-JNUWK,2023-10-13,No,69,happy with service,1
1039-XJXPO,2023-10-14,No,19,received refund,2
5280-JSUOE,2023-10-14,Yes,49,paymnt failed,1
8648-ZAPPC,2023-10-14,Yes,49,No comment,1
0256-AVSYC,2023-10-14,No,39,paymnt failed,1
6841-NFAAT,2023-10-14,No,98,No comment,1
7990-JHUVX,2023-10-14,Yes,6,No comment,1
0430-PEPMZ,2023-10-14,Yes,48,requested callback,1
8125-IRAHZ,2023-10-14,Yes,69,demaned refund,1
4611-AWMZD,2023-10-14,No,27,demaned refund,2
9187-EAQJX,2023-10-14,No,59,No comment,1
4575-TRLWB,2023-10-14,No,64,No comment,1
8435-LDEFP,2023-10-14,Unknown,78,billing complaint,1
8030-THXJO,2023-10-15,Yes,36,demaned refund,1
5411-CQIBW,2023-10-15,No,57,paymnt failed,1
4659-ACWHD,2023-10-15,Unknown,21,happy with service,2
0816-NOIXZ,2023-10-15,Yes,23,app not working,1
5411-GJQQV,2023-10-15,No,69,requested callback,1
9561-WNFBZ,2023-10-15,Yes,41,paymnt failed,1
0540-APOMC,2023-10-15,Yes,10,happy with service,1
8363-ASMRV,2023-10-15,Yes,70,No comment,1
1809-VTANN,2023-10-15,No,23,No comment,1
2230-CEAQH,2023-10-15,Yes,90,billing complaint,1
4356-IWSVW,2023-10-15,No,94,No comment,1
5941-KTZMJ,2023-10-15,Yes,56,received refund,1
1576-AHZYQ,2023-10-15,Yes,68,service issue,1
0846-GHCTS,2023-10-16,No,62,billing complaint,1
7111-OMSUW,2023-10-16,No,74,demaned refund,1
9711-VBJID,2023-10-16,No,49,demaned refund,1
9058-ZAAFA,2023-10-16,Unknown,20,No comment,1
2150-RJLWV,2023-10-16,No,10,paymnt failed,1
4798-GWHIC,2023-10-16,Yes,70,No comment,1
4051-RLIBD,2023-10-16,Yes,60,guidance to renew,1
0142-OQMVB,2023-10-16,No,34,billing complaint,1
1281-ITFWR,2023-10-16,No,60,guidance to renew,1
5703-CLSVR,2023-10-16,Yes,89,happy with service,2
7570-QFDZC,2023-10-16,Yes,46,happy with service,1
2790-VHYUZ,2023-10-16,Unknown,24,guidance to renew,1
2526-MDFSX,2023-10-17,No,55,received refund,1
9685-KVVAR,2023-10-17,Unknown,38,No comment,1
4389-EVNAX,2023-10-17,No,2,happy with service,1
2307-PFFXV,2023-10-17,Yes,31,No comment,1
1928-JXHLB,2023-10-17,Yes,5,No comment,1
4312-KKNOH,2023-10-17,No,31,app not working,1
7966-QNQYI,2023-10-17,No,80,service issue,1
6485-YYSEG,2023-10-17,Yes,26,No comment,2
5263-RDTDR,2023-10-17,No,43,paymnt failed,1
9727-ZCGVM,2023-10-17,Yes,45,requested callback,1
7347-BRBFH,2023-10-17,Yes,25,app not working,1
5027-FKTBA,2023-10-18,No,13,happy with service,1
9097-UYINX,2023-10-18,Yes,2,No comment,1
9520-EBSTV,2023-10-18,Yes,70,guidance to renew,1
5402-VPKZN,2023-10-18,No,42,No comment,1
2230-NFEPN,2023-10-18,No,50,No comment,1
5221-XJHRE,2023-10-18,No,79,billing complaint,1
1245-LDXXG,2023-10-18,Unknown,43,No comment,1
0810-SBUGJ,2023-10-18,Yes,91,service issue,2
9429-PJNMU,2023-10-18,Yes,25,service issue,2
7476-JFNTI,2023-10-18,No,74,received refund,1
1906-GUFTA,2023-10-18,No,44,happy with service,1
6060-GNTFB,2023-10-18,No,86,service issue,2
9249-ZZUSZ,2023-10-19,Yes,94,happy with service,1
1982-QVHTS,2023-10-19,No,76,demaned refund,1
9172-GAFWY,2023-10-19,No,80,No comment,1
3779-OOPDC,2023-10-19,No,72,received refund,1
3800-AIZPC,2023-10-19,Yes,12,service issue,1
5839-ZFVKD,2023-10-19,No,35,paymnt failed,1
0035-TWSCF,2023-10-19,No,31,guidance to renew,1
4678-ZSOGE,2023-10-19,Yes,58,guidance to renew,2
2617-VNFOA,2023-10-19,Yes,48,requested callback,1
0729-YGAUN,2023-10-19,Yes,2,happy with service,2
6104-JUCUV,2023-10-19,No,78,service issue,1
2628-HZSYB,2023-10-19,No,75,requested callback,1
7206-VCJDE,2023-10-19,No,62,requested callback,2
4491-HEOIG,2023-10-19,No,8,received refund,1
1066-ACLNK,2023-10-19,No,6,app not working,2
0756-SHRFW,2023-10-19,Yes,85,guidance to renew,1
0289-YGJZH,2023-10-20,No,34,No comment,1
8671-ICXZH,2023-10-20,No,15,No comment,1
9377-RCVFT,2023-10-20,Yes,66,guidance to renew,1
6816-OTHDX,2023-10-20,No,79,No comment,1
6641-JTBOT,2023-10-20,Yes,44,happy with service,2
5094-IZSIE,2023-10-20,No,27,No comment,1
8284-GRSMD,2023-10-20,No,96,No comment,1
3936-YYAPX,2023-10-20,No,41,No comment,1
4363-HDQSC,2023-10-20,Yes,19,service issue,2
3725-KHJEG,2023-10-20,Yes,45,happy with service,1
1269-BXJOU,2023-10-20,Yes,53,requested callback,2
8584-NCTGI,2023-10-20,Yes,21,No comment,2
5425-WNYSS,2023-10-20,Yes,49,No comment,1
6029-RCCEY,2023-10-21,Yes,73,app not working,1
3136-OXOHW,2023-10-21,Unknown,65,guidance to renew,1
9471-MRTEV,2023-10-21,No,31,demaned refund,1
0520-SZHGY,2023-10-21,Yes,39,app not working,1
5521-KKVNU,2023-10-21,Yes,31,No comment,1
0725-BWWBH,2023-10-21,Yes,88,demaned refund,1
8931-YDDSS,2023-10-21,Yes,15,app not working,2
2906-JLEKA,2023-10-21,Yes,64,requested callback,1
5181-FHIEU,2023-10-21,No,7,service issue,1
8142-LIRVS,2023-10-21,No,11,No comment,1
0757-ZDOWH,2023-10-21,Unknown,75,app not working,1
5045-NYONY,2023-10-21,Unknown,47,No comment,1
2703-TKFIW,2023-10-21,No,20,app not working,1
7946-BQVRC,2023-10-21,Yes,85,No comment,1
4241-LRSXL,2023-10-21,Yes,60,demaned refund,1
8170-SVDXD,2023-10-21,Yes,26,No comment,1
3564-YYWNU,2023-10-21,No,16,guidance to renew,1
9851-WNRMM,2023-10-21,Unknown,57,happy with service,1
4434-CEPOB,2023-10-22,No,96,requested callback,2
6265-BMTAX,2023-10-22,Yes,85,received refund,1
2831-QRSTB,2023-10-22,Unknown,59,guidance to renew,1
7195-YWKVE,2023-10-22,Yes,44,happy with service,1
1459-FLAQW,2023-10-22,Yes,98,received refund,1
1028-QELMK,2023-10-22,Yes,39,happy with service,2
8685-NWKIA,2023-10-22,Unknown,67,service issue,1
4477-QPLOV,2023-10-22,No,33,paymnt failed,2
7626-TNBDI,2023-10-23,No,88,received refund,1
9816-FZBZX,2023-10-23,No,75,service issue,1
1722-QYWKA,2023-10-23,Yes,33,app not working,1
7167-AYGYR,2023-10-23,Yes,55,requested callback,2
0904-FGBRE,2023-10-23,No,57,No comment,1
8216-KHYAT,2023-10-23,No,98,service issue,1
3979-UUIBB,2023-10-23,Yes,23,guidance to renew,1
3245-VNDOA,2023-10-23,No,70,No comment,2
3027-FXJQS,2023-10-23,No,67,demaned refund,2
9247-QJSSQ,2023-10-23,Yes,80,paymnt failed,1
0775-BNHVT,2023-10-24,Yes,40,No comment,1
9056-OXVTE,2023-10-24,No,70,billing complaint,1
5499-UPMIJ,2023-10-24,No,3,guidance to renew,1
6638-WWRLW,2023-10-24,No,50,happy with service,1
3865-VYYAW,2023-10-24,Yes,25,paymnt failed,1
7473-HZOBH,2023-10-24,No,28,app not working,1
0593-JNASI,2023-10-24,Yes,90,No comment,1
3672-FQAKC,2023-10-25,Yes,6,No comment,1
9815-MIEZG,2023-10-25,No,49,app not working,1
4880-BHGNG,2023-10-25,Yes,89,billing complaint,1
8704-BQTDR,2023-10-25,Unknown,22,service issue,1
7971-AWMLO,2023-10-25,Yes,68,No comment,1
3213-OESTZ,2023-10-25,Unknown,54,requested callback,2
1559-AXEKC,2023-10-25,No,12,app not working,1
1905-KWXCF,2023-10-25,Yes,94,No comment,1
4468-XBTZM,2023-10-25,Yes,38,received refund,1
7060-SUJJS,2023-10-25,No,37,happy with service,1
5568-RHFWC,2023-10-25,No,34,No comment,2
1147-TPOOZ,2023-10-25,No,84,happy with service,1
4051-KWULO,2023-10-25,Unknown,89,demaned refund,1
6094-GTWAS,2023-10-25,No,64,received refund,1
0148-UYYIW,2023-10-25,No,53,No comment,2
9042-TDJXQ,2023-10-25,No,19,No comment,2
9302-NPHWS,2023-10-25,Yes,66,demaned refund,1
5583-ZZHNN,2023-10-25,Unknown,0,paymnt failed,1
0880-LFMZX,2023-10-25,Yes,47,No comment,1
4039-CVYZD,2023-10-26,Unknown,62,guidance to renew,1
0884-QMVEX,2023-10-26,Yes,68,requested callback,2
1811-EIQTS,2023-10-26,Unknown,53,No comment,1
2732-FELJZ,2023-10-26,No,68,requested callback,1
5626-ASXMP,2023-10-26,Yes,75,guidance to renew,1
0473-EHVXH,2023-10-26,Yes,13,No comment,1
1582-BIUWS,2023-10-26,Yes,81,requested callback,1
9509-BHNHF,2023-10-26,No,94,received refund,1
6339-USDZY,2023-10-26,No,25,service issue,1
9062-AUFPV,2023-10-26,Unknown,97,app not working,1
0907-FVHUV,2023-10-26,No,19,No comment,1
3542-OQZKD,2023-10-26,No,25,requested callback,1
8003-ENCHA,2023-10-26,Yes,19,received refund,1
9486-TKUNV,2023-10-26,Yes,32,No comment,1
4370-INJSB,2023-10-26,Yes,8,billing complaint,2
9425-XJFCN,2023-10-26,Yes,66,app not working,2
8552-ZRKXJ,2023-10-26,Unknown,0,billing complaint,1
1882-URZIQ,2023-10-26,Yes,76,No comment,1
8136-DMEYK,2023-10-26,No,15,happy with service,1
4996-UFXIO,2023-10-27,No,12,paymnt failed,1
4710-WRUBS,2023-10-27,No,78,received refund,1
7684-EFSDT,2023-10-27,No,23,paymnt failed,1
1959-HFOZR,2023-10-27,Yes,99,No comment,1
0988-QIJFQ,2023-10-27,Yes,26,No comment,1
0027-KSLUR,2023-10-27,Yes,65,guidance to renew,1
7014-ZFXJR,2023-10-27,Yes,87,requested callback,2
4803-YFOZX,2023-10-27,No,26,service issue,2
4275-TGFVU,2023-10-27,No,83,app not working,1
7936-ONAUV,2023-10-27,Unknown,2,received refund,1
3569-UCBGA,2023-10-27,Yes,98,app not working,1
8422-TKINI,2023-10-27,No,74,demaned refund,1
9173-PYJOA,2023-10-27,No,9,guidance to renew,1
4104-RFISZ,2023-10-27,No,1,No comment,1
6343-ZNSXW,2023-10-27,No,6,No comment,2
2801-AAJYB,2023-10-27,Yes,93,No comment,1
8296-LBQOE,2023-10-27,Yes,21,app not working,2
3739-FGCSL,2023-10-27,No,72,No comment,1
9633-IBXFV,2023-10-27,Yes,17,No comment,2
1465-GBHDB,2023-10-27,Yes,50,billing complaint,2
0390-DPHKF,2023-10-27,No,1,service issue,1
4572-SPKUR,2023-10-27,No,45,requested callback,2
4404-AOOTB,2023-10-27,Yes,93,billing complaint,1
3067-IULII,2023-11-01,Yes,34,billing complaint,1
9686-ZTHAC,2023-11-01,Yes,98,received refund,1
6887-OPTSE,2023-11-01,No,48,happy with service,1
7208-QDYHD,2023-11-01,Yes,54,paymnt failed,1
6091-QCBDX,2023-11-01,No,79,app not working,1
6770-GDNCA,2023-11-01,No,36,happy with service,2
8897-JYLFC,2023-11-01,No,90,service issue,1
7159-PRYFV,2023-11-01,No,57,service issue,1
3542-VKCRM,2023-11-01,Yes,49,billing complaint,1
1317-SVOEE,2023-11-01,No,28,demaned refund,1
8950-VOKKA,2023-11-01,Unknown,14,billing complaint,2
3904-BSDMB,2023-11-01,No,69,demaned refund,1
8561-NIBVY,2023-11-01,Unknown,14,service issue,1
3763-UJPJX,2023-11-01,No,14,No comment,2
2119-NNDJS,2023-11-01,No,98,received refund,1
5006-FBBDL,2023-11-01,No,45,service issue,2
1502-KKXRW,2023-11-01,Yes,20,No comment,1
0534-PDYCP,2023-11-01,Unknown,94,app not working,2
1556-GAGID,2023-11-01,Unknown,90,service issue,1
4140-IWZNS,2023-11-01,Unknown,78,demaned refund,2
0748-KSVGF,2023-11-02,No,29,received refund,1
3081-KEVMT,2023-11-02,No,20,happy with service,1
2847-EPBUC,2023-11-02,Yes,12,service issue,1
3845-HCNPR,2023-11-02,No,25,demaned refund,2
0100-DYADR,2023-11-02,No,74,requested callback,1
6514-TIEME,2023-11-02,No,24,No comment,2
9276-TWAQA,2023-11-02,Yes,98,paymnt failed,1
1172-MSGSK,2023-11-02,Yes,10,billing complaint,1
5095-CWCFF,2023-11-02,No,49,demaned refund,1
2005-FNWLD,2023-11-02,No,48,demaned refund,1
5284-CMWYS,2023-11-03,Yes,55,requested callback,1
4226-CJWLM,2023-11-03,Yes,92,app not working,1
4461-WZMMH,2023-11-03,No,99,No comment,1
8840-EZYKA,2023-11-03,No,63,demaned refund,1
2275-LFOBU,2023-11-03,Yes,29,No comment,1
2725-LGLLP,2023-11-03,No,74,No comment,2
0645-AODSN,2023-11-03,Yes,64,guidance to renew,1
9267-JHNBG,2023-11-03,No,36,received refund,1
4522-SPZJL,2023-11-03,No,67,app not working,1
8481-CZLFD,2023-11-03,No,10,No comment,1
8303-EYHHA,2023-11-03,No,36,paymnt failed,2
6380-WELAY,2023-11-03,Unknown,30,billing complaint,1
3185-RYQQG,2023-11-03,No,0,guidance to renew,1
4912-VLEJP,2023-11-03,No,65,service issue,1
6022-GLNJO,2023-11-03,Yes,75,billing complaint,2
6326-NWRXE,2023-11-03,No,49,No comment,1
3891-BDOZA,2023-11-04,No,81,received refund,1
4225-LMDQY,2023-11-04,No,59,guidance to renew,1
0338-JWOGK,2023-11-04,No,95,requested callback,1
5329-TGRFF,2023-11-04,No,49,paymnt failed,1
2517-ODNUF,2023-11-04,Yes,66,received refund,1
2195-RAAHV,2023-11-04,Yes,55,received refund,1
2871-ZTHBN,2023-11-04,No,19,demaned refund,1
0727-KQHEG,2023-11-04,No,35,No comment,2
0136-LHMIH,2023-11-04,No,66,service issue,1
0602-QZPRI,2023-11-04,No,60,No comment,1
4396-PGKYB,2023-11-04,No,0,billing complaint,2
7453-YLJVS,2023-11-04,Unknown,25,paymnt failed,2
9302-WPDYU,2023-11-04,No,42,requested callback,1
8126-VMMZT,2023-11-04,Yes,72,guidance to renew,1
8628-YLYXY,2023-11-04,No,81,billing complaint,1
7125-QRDEB,2023-11-04,Unknown,99,received refund,1
8380-PTGAN,2023-11-04,Yes,89,service issue,1
6199-KALWU,2023-11-04,Unknown,0,service issue,1
2415-KIHUT,2023-11-04,Yes,76,demaned refund,1
7522-UUYUV,2023-11-05,Yes,94,service issue,1
4727-SWTSZ,2023-11-05,No,12,demaned refund,1
8187-OEHGO,2023-11-05,Yes,7,requested callback,1
3754-HDFQZ,2023-11-05,Yes,11,billing complaint,1
2627-FSJLS,2023-11-05,Yes,10,paymnt failed,1
0510-ZBGOX,2023-11-05,No,12,No comment,1
4575-XUXUP,2023-11-05,No,49,paymnt failed,2
5094-LBSKX,2023-11-05,No,64,service issue,1
7303-JFQTP,2023-11-05,No,79,demaned refund,1
1415-QFOVZ,2023-11-05,No,85,service issue,1
3410-EZNZP,2023-11-05,Unknown,41,guidance to renew,1
2795-WPPZZ,2023-11-05,No,1,requested callback,1
0288-TPKZP,2023-11-05,Yes,37,service issue,1
8278-GZROR,2023-11-05,Yes,91,received refund,2
3033-TEMIC,2023-11-05,Unknown,75,received refund,1
5785-GODNH,2023-11-05,Yes,51,No comment,1
6159-YYHTR,2023-11-06,No,83,received refund,1
8570-DULUX,2023-11-06,Yes,63,received refund,1
9230-QXUTM,2023-11-06,No,10,app not working,1
3763-FYQHH,2023-11-06,Yes,66,No comment,1
9921-XHMDU,2023-11-06,Yes,94,requested callback,1
7395-SUNKI,2023-11-06,No,41,billing complaint,1
6076-YBORQ,2023-11-06,No,8,guidance to renew,1
2226-HFXSH,2023-11-06,No,24,guidance to renew,1
7821-NPMWY,2023-11-06,No,80,billing complaint,1
4797-JOGPU,2023-11-06,Yes,40,billing complaint,1
7582-CADUG,2023-11-06,No,13,No comment,1
7813-WMYOO,2023-11-06,Yes,5,billing complaint,1
3416-TXKDW,2023-11-06,Yes,97,billing complaint,1
7723-XRTBM,2023-11-06,Unknown,6,No comment,1
7375-DTLPW,2023-11-06,Yes,70,requested callback,1
5237-TJCCN,2023-11-06,Unknown,33,paymnt failed,1
7743-JFJDF,2023-11-07,No,24,No comment,1
2175-RJLWH,2023-11-07,No,25,happy with service,1
5233-GSYIW,2023-11-07,Yes,9,requested callback,1
6875-KXNHI,2023-11-07,No,52,No comment,1
7634-GLWJI,2023-11-07,No,48,app not working,1
3791-HVQZL,2023-11-07,No,37,received refund,1
6915-MLPBB,2023-11-07,Yes,5,received refund,1
4191-XORGA,2023-11-07,No,39,received refund,1
2750-JAXET,2023-11-07,No,12,service issue,2
4238-HRZNU,2023-11-07,Unknown,37,service issue,2
6417-QJFWI,2023-11-07,Yes,22,happy with service,2
4251-NSOJP,2023-11-07,Unknown,80,No comment,1
1452-IHOES,2023-11-07,Yes,91,requested callback,1
7101-FIKJX,2023-11-07,Unknown,32,guidance to renew,2
6048-UJMYA,2023-11-07,Unknown,51,service issue,1
3701-VYULI,2023-11-07,Yes,9,requested callback,1
0981-EFCSF,2023-11-08,Yes,23,guidance to renew,1
1317-TZQDJ,2023-11-08,Yes,55,service issue,2
1653-HJUIM,2023-11-08,No,39,No comment,1
1231-NMZZJ,2023-11-08,Yes,95,No comment,1
4945-MDVVY,2023-11-08,No,47,received refund,2
4563-CWCHF,2023-11-08,No,57,billing complaint,2
4034-NUSKG,2023-11-08,No,91,demaned refund,1
3925-YVOSV,2023-11-08,Unknown,68,guidance to renew,1
2768-XPGKN,2023-11-08,Yes,84,No comment,2
4751-OERCK,2023-11-08,No,49,app not working,1
7892-WITCA,2023-11-08,No,16,No comment,2
0989-STXQP,2023-11-08,Yes,49,No comment,2
7292-KQNQS,2023-11-08,No,39,paymnt failed,1
2694-ISYPX,2023-11-08,No,98,app not working,1
2091-WPIYQ,2023-11-08,Yes,57,No comment,1
3978-UWHOQ,2023-11-08,No,32,demaned refund,2
8980-EOGDM,2023-11-08,Yes,59,No comment,1
6117-IXTHN,2023-11-09,No,34,billing complaint,1
2828-BAETM,2023-11-09,Unknown,66,billing complaint,1
2404-WBJVB,2023-11-09,No,18,paymnt failed,1
2488-SNCKW,2023-11-09,No,91,billing complaint,1
4229-VCJPT,2023-11-09,No,19,guidance to renew,2
7222-YRAOG,2023-11-09,No,23,received refund,1
6175-QFSBB,2023-11-09,Unknown,56,app not working,1
6744-MAGTO,2023-11-09,Yes,36,service issue,1
1866-UTHHX,2023-11-09,Yes,8,No comment,2
6876-QKXXP,2023-11-09,Yes,38,requested callback,1
5196-ESIWF,2023-11-09,No,64,No comment,1
5443-SRKLR,2023-11-09,Unknown,80,requested callback,1
6143-JILRN,2023-11-09,Yes,86,guidance to renew,1
7673-KDETC,2023-11-09,Yes,85,app not working,1
6873-TCYGN,2023-11-09,No,89,No comment,1
5059-IPYWU,2023-11-09,Yes,60,service issue,2
1617-EEHKH,2023-11-09,Yes,89,requested callback,2
9767-RARQH,2023-11-09,Yes,41,No comment,1
4171-UTCJQ,2023-11-10,Yes,30,happy with service,1
1753-PWEKR,2023-11-10,No,61,paymnt failed,1
0369-LSTDC,2023-11-10,No,33,received refund,1
0649-QKKLE,2023-11-10,Yes,31,requested callback,1
1473-RICBN,2023-11-10,Unknown,18,guidance to renew,1
1123-HHORE,2023-11-10,Yes,47,app not working,1
5167-IYNJP,2023-11-10,Yes,98,received refund,1
8319-NXEWR,2023-11-10,No,44,guidance to renew,1
3050-NYTRD,2023-11-10,Unknown,78,app not working,2
9340-FZCYE,2023-11-10,Yes,98,guidance to renew,2
6888-AUVBN,2023-11-10,No,15,app not working,1
0722-KSDKU,2023-11-10,Yes,27,service issue,2
8685-ITVRO,2023-11-10,Yes,11,app not working,1
1207-SZRTX,2023-11-10,No,95,received refund,1
8818-VUNYI,2023-11-10,Yes,91,demaned refund,2
0118-DNWGE,2023-11-10,No,99,received refund,1
4347-HITRO,2023-11-11,Yes,47,billing complaint,1
9545-WFZJD,2023-11-11,No,16,received refund,1
6467-NIWAL,2023-11-11,Yes,1,No comment,1
2626-TJMXK,2023-11-11,Unknown,7,No comment,1
9402-YXQKG,2023-11-11,No,91,No comment,1
8412-PZTOF,2023-11-11,No,1,happy with service,1
4428-EOOHM,2023-11-11,Yes,91,happy with service,1
1800-VKHDS,2023-11-11,Yes,72,No comment,2
7867-BBVRW,2023-11-11,Yes,25,received refund,2
5070-GSAQA,2023-11-11,Unknown,87,No comment,1
4736-LRYCU,2023-11-11,Yes,10,No comment,1
6503-EYZPG,2023-11-11,Yes,3,No comment,1
3248-RNDXC,2023-11-11,Unknown,10,No comment,2
0863-YFSOE,2023-11-11,No,54,No comment,2
2863-JVZGH,2023-11-11,No,87,demaned refund,2
0460-WSLJQ,2023-11-11,Yes,65,billing complaint,2
0793-XXRPJ,2023-11-11,Yes,80,app not working,1
8625-VTYAC,2023-11-11,Yes,25,demaned refund,2
0700-VNSWH,2023-11-11,Yes,26,billing complaint,1
9293-XJJRV,2023-11-11,No,22,billing complaint,1
9396-YGDPT,2023-11-12,Yes,1,No comment,1
8918-QYYYH,2023-11-12,Yes,97,app not working,1
5570-KUPKM,2023-11-12,Unknown,87,guidance to renew,1
8628-PUHYK,2023-11-12,No,49,No comment,1
9875-WMTVL,2023-11-12,No,49,received refund,1
5382-WGTGR,2023-11-12,No,61,No comment,1
8159-HTIDL,2023-11-12,No,87,billing complaint,1
5526-RAXAZ,2023-11-12,No,17,received refund,1
2814-OBLYL,2023-11-12,Yes,54,No comment,1
8841-YDVAM,2023-11-12,Yes,77,No comment,1
7899-FVNDV,2023-11-12,No,29,No comment,1
3891-BSDVO,2023-11-12,No,49,service issue,1
7066-MVQKM,2023-11-12,No,73,app not working,1
7085-HGBKZ,2023-11-12,Yes,54,received refund,2
9869-BZQSR,2023-11-12,No,75,app not working,1
3738-XJUOD,2023-11-12,No,31,happy with service,2
8207-GVONP,2023-11-12,No,77,demaned refund,1
4313-EATXS,2023-11-12,No,82,No comment,1
6104-RZPUU,2023-11-12,No,92,billing complaint,1
2936-WOVNJ,2023-11-12,No,15,guidance to renew,2
9579-UXZPV,2023-11-12,No,4,service issue,1
6470-MATDF,2023-11-12,No,44,service issue,1
7382-VOXXA,2023-11-13,No,64,received refund,1
2897-MOFUA,2023-11-13,Unknown,54,demaned refund,1
4801-OJPCE,2023-11-13,Yes,48,billing complaint,1
3144-SORDG,2023-11-13,No,46,requested callback,1
2009-PDMMK,2023-11-13,Yes,73,paymnt failed,2
5120-CNBHG,2023-11-13,Yes,35,No comment,2
5078-LBMVP,2023-11-13,No,70,billing complaint,1
4579-TSQSG,2023-11-13,Yes,91,received refund,2
4241-GJARF,2023-11-13,Yes,35,billing complaint,1
1674-EDFWP,2023-11-13,No,74,guidance to renew,2
1675-RYZYA,2023-11-13,Yes,70,No comment,1
8431-RBEJX,2023-11-13,Yes,68,guidance to renew,1
1062-XTNZP,2023-11-13,Unknown,68,paymnt failed,1
7746-YJGVY,2023-11-13,Yes,81,guidance to renew,1
9997-LGPOT,2023-11-13,Unknown,99,received refund,1
0864-VJOBF,2023-11-13,Yes,3,guidance to renew,1
5144-JKPNC,2023-11-13,Yes,51,service issue,2
0958-JWVDF,2023-11-13,Yes,33,received refund,1
6034-MMERV,2023-11-14,No,89,No comment,1
1770-UFBXH,2023-11-14,Yes,70,happy with service,1
9076-AFRRR,2023-11-14,Yes,29,billing complaint,1
8850-YTTCK,2023-11-14,No,68,happy with service,1
8467-SMMDF,2023-11-14,No,50,guidance to renew,1
5697-SCJDC,2023-11-14,No,50,billing complaint,1
9328-UBYSD,2023-11-14,No,68,requested callback,2
8498-GHIGC,2023-11-14,Yes,93,guidance to renew,1
2482-TXNPZ,2023-11-14,Yes,18,app not working,1
8553-QQJHU,2023-11-14,Unknown,43,No comment,1
2111-KQLXV,2023-11-14,Yes,71,service issue,1
4885-GWPTQ,2023-11-14,No,72,No comment,1
5384-HTLSC,2023-11-14,Unknown,85,happy with service,2
4570-ZIEBM,2023-11-14,Unknown,3,app not working,1
2059-LBOAZ,2023-11-14,No,40,guidance to renew,1
8733-MKAXH,2023-11-14,Yes,60,No comment,2
0265-YYENE,2023-11-14,Yes,77,paymnt failed,1
3774-XZYQD,2023-11-14,No,35,No comment,1
4603-WLUSD,2023-11-14,Yes,40,No comment,2
6461-DQDRU,2023-11-15,Yes,44,No comment,1
8738-UCOMH,2023-11-15,No,75,received refund,1
8971-RCQWV,2023-11-15,Yes,21,happy with service,1
1635-CDETE,2023-11-15,No,44,paymnt failed,1
6726-XDKVG,2023-11-15,No,66,No comment,2
3878-CJWPN,2023-11-15,No,83,guidance to renew,2
4792-MKWLE,2023-11-15,No,68,app not working,1
5794-IUOAA,2023-11-15,No,44,service issue,2
6363-VRGPC,2023-11-15,Yes,82,service issue,1
0312-TBWYZ,2023-11-15,Yes,16,demaned refund,1
7521-IPJZY,2023-11-15,No,14,paymnt failed,2
8038-FMOKF,2023-11-15,Yes,92,guidance to renew,1
7077-ELPWX,2023-11-15,Yes,61,received refund,1
1303-WVBFM,2023-11-15,Yes,44,service issue,1
6830-GSJPK,2023-11-15,No,49,paymnt failed,2
1030-LFQWZ,2023-11-16,No,75,app not working,1
8165-FPNNB,2023-11-16,Unknown,47,paymnt failed,1
4273-PPLWZ,2023-11-16,Yes,47,demaned refund,1
7419-UAVUN,2023-11-16,No,49,guidance to renew,1
0770-MDQMH,2023-11-16,No,25,received refund,1
6291-WDSXY,2023-11-16,Yes,90,paymnt failed,1
7055-FLAKF,2023-11-16,No,33,received refund,1
8538-MCYJI,2023-11-16,Unknown,11,service issue,1
8199-IZEBF,2023-11-16,Yes,54,app not working,1
3401-KFRJW,2023-11-16,No,33,app not working,1
2616-CMUCV,2023-11-16,Yes,15,received refund,1
0424-ZEGLA,2023-11-16,No,42,No comment,2
6745-YHQAW,2023-11-16,Yes,35,requested callback,2
9579-PTLNW,2023-11-16,Unknown,34,guidance to renew,2
0201-KRAUQ,2023-11-16,No,29,No comment,2
2051-UEZDH,2023-11-16,Yes,49,happy with service,1
7470-HHZWA,2023-11-16,Yes,30,No comment,1
2565-OWCHV,2023-11-16,Yes,95,paymnt failed,1
1923-EWSPU,2023-11-16,Yes,19,received refund,1
7099-ACLXM,2023-11-16,No,2,billing complaint,1
3693-RHCWN,2023-11-16,Yes,57,No comment,2
7265-UEBDO,2023-11-16,No,31,service issue,2
7169-VHTOA,2023-11-16,Yes,36,guidance to renew,2
2603-IRFCJ,2023-11-16,Yes,86,No comment,1
0419-JENHP,2023-11-17,Yes,4,demaned refund,1
7447-JOYKX,2023-11-17,Yes,59,happy with service,1
5357-MTIPD,2023-11-17,Yes,67,paymnt failed,1
7428-ZULUR,2023-11-17,No,71,happy with service,2
3165-CJQLF,2023-11-17,Yes,94,received refund,1
4851-IQTDL,2023-11-17,No,52,guidance to renew,2
2469-LBHMR,2023-11-17,No,10,app not working,1
3245-BJSPS,2023-11-17,Unknown,0,billing complaint,1
5364-VNHXC,2023-11-17,No,72,No comment,1
9181-KYDHV,2023-11-17,No,36,guidance to renew,1
9876-LMADR,2023-11-17,No,99,No comment,1
7938-ANGQO,2023-11-17,Yes,44,received refund,2
7142-YTSCK,2023-11-17,Yes,24,demaned refund,1
4794-QIPDZ,2023-11-17,Yes,33,No comment,1
8566-SBGCH,2023-11-17,No,87,app not working,1
4894-QYOWB,2023-11-17,No,36,guidance to renew,1
9269-APBSQ,2023-11-17,No,3,No comment,1
8473-COAKD,2023-11-17,No,5,requested callback,1
4242-SDOZT,2023-11-17,Yes,49,requested callback,2
5301-NVCRT,2023-11-18,No,3,happy with service,1
9996-XDLKR,2023-11-18,Yes,25,received refund,1
4913-QYZXE,2023-11-18,No,70,demaned refund,1
6701-JFKHG,2023-11-18,Yes,4,guidance to renew,1
8258-RFPLJ,2023-11-18,No,2,guidance to renew,1
7144-GFEJX,2023-11-18,Unknown,23,demaned refund,2
5674-UDUFD,2023-11-18,Yes,60,No comment,2
7708-YMULE,2023-11-18,Yes,26,service issue,1
3639-BYUAX,2023-11-18,Yes,90,requested callback,1
1465-BCMOM,2023-11-18,Yes,19,No comment,2
1376-KVGNG,2023-11-18,No,56,No comment,1
5144-BWFHS,2023-11-18,Yes,5,service issue,1
5904-MLCDU,2023-11-19,Yes,87,paymnt failed,1
5512-BXUOZ,2023-11-19,Yes,3,app not working,2
3621-HYMBB,2023-11-19,Yes,41,billing complaint,1
9061-TJWJN,2023-11-19,No,96,service issue,1
6841-JZUKF,2023-11-19,No,87,app not working,2
4554-QVZUS,2023-11-19,No,10,demaned refund,1
5517-CMXJK,2023-11-19,Yes,84,demaned refund,2
3099-ZNSXW,2023-11-19,No,78,requested callback,1
3495-FJMVR,2023-11-19,No,98,No comment,2
6754-BXDTM,2023-11-19,Yes,66,No comment,1
1499-IDJPO,2023-11-19,No,9,app not working,1
0988-VMDHZ,2023-11-19,No,8,service issue,1
9356-BMPJP,2023-11-19,No,96,No comment,2
1859-PWIGO,2023-11-19,No,42,happy with service,2
3059-HLUUE,2023-11-20,No,61,No comment,1
6934-WBONK,2023-11-20,No,68,requested callback,1
0880-PCRSP,2023-11-20,No,49,received refund,1
1154-QSDXR,2023-11-20,Yes,43,billing complaint,1
1427-NJMZO,2023-11-20,Yes,39,app not working,1
2355-JKJHX,2023-11-20,No,36,No comment,2
7523-TIQWP,2023-11-20,Yes,50,paymnt failed,1
7135-LDDYG,2023-11-20,Yes,4,app not working,2
6137-YOZIY,2023-11-20,Yes,95,No comment,1
7853-VOLSA,2023-11-20,Yes,27,billing complaint,2
6392-DVPTZ,2023-11-20,Unknown,71,happy with service,2
6586-DAVWT,2023-11-20,No,59,No comment,2
6935-ANSIZ,2023-11-20,Unknown,88,guidance to renew,1
8384-CSWFF,2023-11-20,Unknown,54,guidance to renew,1
4783-PDIWL,2023-11-21,No,62,paymnt failed,1
1620-CILNV,2023-11-21,Yes,32,billing complaint,1
7349-LIAPW,2023-11-21,No,12,requested callback,1
8497-NBVPJ,2023-11-21,Yes,21,demaned refund,1
3379-PJCDB,2023-11-21,No,77,received refund,1
4131-JSTUJ,2023-11-21,Yes,19,received refund,2
6549-GLKPK,2023-11-21,Yes,91,No comment,2
9851-OIQVT,2023-11-21,Yes,4,billing complaint,1
1944-GSCRU,2023-11-21,No,68,billing complaint,1
7840-EMFLP,2023-11-21,No,49,received refund,2
7977-BENTP,2023-11-21,No,80,app not working,2
7590-WQJLD,2023-11-21,No,29,demaned refund,2
5647-FNSZC,2023-11-21,No,53,No comment,1
0186-WPMCK,2023-11-21,Unknown,11,demaned refund,2
2574-LELXK,2023-11-21,No,95,paymnt failed,1
4986-SGNUK,2023-11-21,Yes,15,app not working,2
1218-FCWCO,2023-11-21,No,10,requested callback,2
6262-YUJQC,2023-11-21,No,59,billing complaint,1
1862-FYOOR,2023-11-22,No,67,demaned refund,1
2882-GMTQX,2023-11-22,No,76,guidance to renew,1
8318-YYPEQ,2023-11-22,No,86,No comment,1
1106-UFPGQ,2023-11-22,Yes,18,service issue,1
5685-RDRUT,2023-11-22,No,42,received refund,1
7074-XKIPI,2023-11-22,No,25,happy with service,1
7373-VCJVI,2023-11-22,No,88,requested callback,1
3755-HEOEU,2023-11-22,Yes,8,requested callback,1
1899-SQOFQ,2023-11-22,No,88,No comment,1
3374-DDKQH,2023-11-22,Yes,76,received refund,1
7937-SIGMQ,2023-11-22,No,77,No comment,1
7388-BXGQX,2023-11-22,No,76,received refund,2
3593-PPFRY,2023-11-23,Unknown,88,paymnt failed,1
4905-XDJFY,2023-11-23,Yes,20,No comment,1
2285-WDRUS,2023-11-23,Yes,11,No comment,1
0775-ECDUZ,2023-11-23,Yes,9,demaned refund,1
6147-ASAUG,2023-11-23,No,98,No comment,1
0917-KNOAE,2023-11-23,No,30,No comment,1
0997-XATMQ,2023-11-23,No,31,demaned refund,1
7836-CQQGK,2023-11-23,Yes,42,billing complaint,1
1556-QVKKW,2023-11-23,Yes,3,received refund,1
3379-YKTCZ,2023-11-23,No,18,requested callback,2
0995-CDOXV,2023-11-23,Yes,46,demaned refund,2
4216-SRROZ,2023-11-23,No,52,app not working,2
2700-JGCTA,2023-11-23,No,7,received refund,2
8388-LHEHN,2023-11-23,No,96,guidance to renew,2
7416-CCJFW,2023-11-23,Yes,95,demaned refund,1
3929-AXVPE,2023-11-23,Yes,12,guidance to renew,1
4681-VDGHI,2023-11-23,Yes,38,guidance to renew,1
3402-ACRLR,2023-11-24,Unknown,24,happy with service,1
9944-OJAZR,2023-11-24,No,22,guidance to renew,1
6705-SKMKC,2023-11-24,Yes,31,No comment,1
9749-AQWRQ,2023-11-24,Yes,0,service issue,1
2619-YINSV,2023-11-24,No,14,No comment,1
6516-AZCYF,2023-11-24,No,73,No comment,1
1582-OBKPA,2023-11-24,Yes,32,billing complaint,1
0906-VUCGZ,2023-11-24,Yes,56,received refund,2
1107-KEPTF,2023-11-24,No,91,app not working,2
5174-YDXAW,2023-11-24,Yes,49,happy with service,2
0392-XAJYJ,2023-11-24,No,9,happy with service,1
4479-ALZFF,2023-11-24,No,40,paymnt failed,2
8911-HJODA,2023-11-24,No,10,No comment,1
0218-LVTBB,2023-11-24,Yes,37,No comment,1
8100-ERRDF,2023-11-24,No,25,guidance to renew,1
7896-GTCSN,2023-11-24,No,49,billing complaint,2
3439-EIKDU,2023-11-25,Yes,76,paymnt failed,1
3008-QLKUK,2023-11-25,No,53,requested callback,1
7998-KWAUH,2023-11-25,Unknown,55,paymnt failed,1
7895-NKAXM,2023-11-25,Yes,13,paymnt failed,1
5012-VUWDX,2023-11-25,Yes,65,demaned refund,1
0268-VDSEB,2023-11-25,No,38,demaned refund,1
3841-AUVMP,2023-11-25,No,41,paymnt failed,1
4749-TKSHL,2023-11-25,No,8,happy with service,1
9480-CHJMC,2023-11-25,No,72,service issue,1
5767-KISPD,2023-11-25,No,30,paymnt failed,1
1010-KXOKH,2023-11-25,Yes,60,received refund,1
2310-NAKIJ,2023-11-25,No,90,paymnt failed,1
4123-LDAPA,2023-11-25,No,76,No comment,1
4799-SYOYL,2023-11-25,No,82,billing complaint,1
5440-YEGPV,2023-11-25,No,59,service issue,2
5829-OEYZV,2023-11-25,No,66,No comment,1
8359-LKYQA,2023-11-25,No,97,No comment,2
4649-QCRLO,2023-11-26,Yes,64,service issue,1
0706-GFIIJ,2023-11-26,No,78,received refund,1
6174-LOODM,2023-11-26,No,53,demaned refund,2
8146-QUQXH,2023-11-26,Yes,36,app not working,1
5498-BUXIT,2023-11-26,Unknown,41,paymnt failed,1
4306-UBQHV,2023-11-26,Yes,43,paymnt failed,1
8742-GQTJS,2023-11-26,No,58,No comment,1
4671-MWEXY,2023-11-26,Yes,4,No comment,1
3624-XCSFC,2023-11-26,Yes,67,No comment,1
5724-CWQPU,2023-11-26,No,10,billing complaint,1
3097-BRPUJ,2023-11-26,No,7,No comment,2
5854-RVGAL,2023-11-26,No,8,service issue,2
5809-ROSFQ,2023-11-26,No,17,No comment,1
4491-LRLHJ,2023-11-26,Unknown,78,paymnt failed,1
1236-QYLML,2023-11-26,Yes,49,demaned refund,1
9558-WVXYY,2023-11-26,No,91,billing complaint,1
0453-ZKKSZ,2023-11-27,Yes,31,guidance to renew,1
5939-YKFKW,2023-11-27,Yes,65,app not working,1
2580-LZHOI,2023-11-27,Unknown,95,billing complaint,1
9331-OZRYQ,2023-11-27,Unknown,56,requested callback,1
4348-DZMEA,2023-11-27,No,17,billing complaint,1
4420-AZSUM,2023-11-27,Yes,73,service issue,1
5500-FIZAU,2023-11-27,Yes,24,service issue,2
3356-VSYIH,2023-11-27,Yes,83,paymnt failed,1
6152-FJTMI,2023-11-27,No,64,billing complaint,1
0885-WMIFL,2023-11-27,No,52,demaned refund,1
6558-ARCST,2023-11-27,Yes,36,happy with service,1
7774-GHFTL,2023-11-27,No,91,guidance to renew,2
4670-RCOMG,2023-12-01,Yes,74,requested callback,1
4472-UDWYY,2023-12-01,Yes,23,received refund,1
7144-YSGDB,2023-12-01,Yes,27,received refund,1
9500-KPDXK,2023-12-01,No,75,requested callback,1
5254-WXPYP,2023-12-01,Unknown,76,app not working,1
8576-CTLOX,2023-12-01,Unknown,89,demaned refund,1
1120-KVQXE,2023-12-01,No,90,service issue,2
5858-LOEVB,2023-12-01,Yes,84,No comment,1
4592-GAEJU,2023-12-01,Yes,1,requested callback,1
0351-UUXTJ,2023-12-01,No,16,received refund,1
0480-IUGNP,2023-12-01,Unknown,15,requested callback,1
1181-VLNGH,2023-12-01,No,68,billing complaint,2
6895-YNDHD,2023-12-01,Yes,73,app not working,1
4642-LHWPS,2023-12-01,No,32,requested callback,1
5075-INEFQ,2023-12-01,Yes,5,received refund,1
9872-OPLUA,2023-12-01,No,75,app not working,2
2337-XNWDD,2023-12-01,Yes,61,demaned refund,1
7414-QMYRC,2023-12-01,No,4,No comment,1
7485-QUTBU,2023-12-01,Yes,0,received refund,1
2366-OJNIC,2023-12-01,Yes,32,billing complaint,1
9810-MQRKO,2023-12-01,Yes,20,demaned refund,1
5376-QJFFT,2023-12-01,Yes,72,app not working,2
5333-ISTDR,2023-12-01,Yes,18,guidance to renew,1
4171-DTLDP,2023-12-01,Yes,31,demaned refund,1
8164-TGAGR,2023-12-02,Yes,98,requested callback,1
2742-CBFLV,2023-12-02,Yes,11,requested callback,1
9627-UVIQB,2023-12-02,No,19,No comment,1
7103-QRFDB,2023-12-02,Unknown,26,guidance to renew,1
8968-LVQJN,2023-12-02,No,63,paymnt failed,1
7133-OXHAB,2023-12-02,No,53,requested callback,2
0193-FWICO,2023-12-02,No,98,No comment,1
8036-KBOCH,2023-12-02,Unknown,35,service issue,1
7555-YXBCT,2023-12-02,No,33,app not working,1
9600-DDDCP,2023-12-02,No,28,guidance to renew,1
9563-BDLXX,2023-12-02,Yes,73,service issue,1
1279-SJOJG,2023-12-02,Yes,92,billing complaint,2
5544-HMSTD,2023-12-02,Yes,89,happy with service,1
0825-VDSAH,2023-12-02,No,83,happy with service,1
7775-OCHRR,2023-12-02,Yes,53,billing complaint,1
4501-ZGRMQ,2023-12-02,Yes,94,happy with service,1
8831-YVDXR,2023-12-02,Yes,60,demaned refund,1
0827-DRYYC,2023-12-02,Unknown,68,billing complaint,1
1944-TDDVD,2023-12-02,Yes,43,guidance to renew,1
0135-PWLSA,2023-12-03,Unknown,33,billing complaint,1
8452-LACTB,2023-12-03,Yes,6,happy with service,1
2515-FWPEQ,2023-12-03,Yes,15,requested callback,2
2517-FBNMZ,2023-12-03,Yes,72,guidance to renew,1
6176-PKGDW,2023-12-03,Yes,28,guidance to renew,1
0435-VHUAW,2023-12-03,Yes,84,No comment,1
8430-MKSDO,2023-12-03,Yes,26,billing complaint,1
0836-YTCQW,2023-12-03,Yes,66,No comment,1
2149-DXISL,2023-12-03,Yes,58,No comment,2
4314-ZNQKH,2023-12-03,No,88,received refund,1
2749-LSBZR,2023-12-03,No,24,app not working,1
9670-GCAAU,2023-12-03,Yes,20,demaned refund,2
1000-CQMCU,2023-12-03,Yes,10,happy with service,2
0778-XSTCQ,2023-12-03,Yes,76,No comment,1
9571-AKZZY,2023-12-03,No,97,No comment,1
9714-JQEUM,2023-12-03,Yes,13,happy with service,1
0686-BKTDX,2023-12-03,Yes,47,requested callback,2
4200-ALKDR,2023-12-03,Unknown,15,paymnt failed,1
7856-TSSHV,2023-12-04,Yes,98,demaned refund,1
1861-LYLRI,2023-12-04,No,15,guidance to renew,1
6799-SZVNF,2023-12-04,No,1,guidance to renew,1
2574-MLWAP,2023-12-04,Yes,66,received refund,1
8436-OFJYS,2023-12-04,Unknown,2,guidance to renew,1
0373-BCENI,2023-12-04,Yes,5,service issue,1
8130-BWINK,2023-12-04,Yes,67,No comment,1
9446-EMTEE,2023-12-04,No,64,No comment,1
6726-QWBXW,2023-12-04,Yes,10,requested callback,2
0389-HZRMS,2023-12-04,Yes,50,billing complaint,1
2697-KRDZK,2023-12-04,No,95,requested callback,1
7731-LFFFV,2023-12-04,Yes,56,billing complaint,1
7154-EQCAN,2023-12-04,No,95,No comment,3
1720-GLJVV,2023-12-04,No,94,paymnt failed,1
2437-QCXIF,2023-12-04,No,17,No comment,1
3202-PWOME,2023-12-04,Yes,18,No comment,1
4446-NMBHU,2023-12-05,Unknown,60,No comment,1
6027-EJEMK,2023-12-05,Unknown,53,received refund,1
3987-CCNKT,2023-12-05,No,71,app not working,2
6593-WOEHQ,2023-12-05,Yes,74,requested callback,1
1189-OMAMT,2023-12-05,No,49,requested callback,1
2614-IDORE,2023-12-05,Yes,12,No comment,2
6768-EUUSF,2023-12-05,No,98,happy with service,1
8846-ONDBJ,2023-12-05,No,7,paymnt failed,1
1229-QIDXP,2023-12-05,No,87,service issue,2
8843-CZIOE,2023-12-05,No,49,app not working,2
1995-IUXZV,2023-12-06,No,26,paymnt failed,1
7792-BISVG,2023-12-06,No,83,No comment,1
1746-SWMIR,2023-12-06,No,34,billing complaint,1
2828-SBDQP,2023-12-06,No,62,app not working,1
4614-OAIZG,2023-12-06,Yes,89,demaned refund,1
7775-SKIKZ,2023-12-06,Unknown,20,requested callback,1
4375-FSAVP,2023-12-06,Yes,91,demaned refund,1
5847-SUKUR,2023-12-06,No,1,billing complaint,2
1424-QOWYN,2023-12-06,No,41,billing complaint,1
1062-SDCGX,2023-12-06,No,83,No comment,1
2127-LSIHA,2023-12-06,No,62,service issue,1
4539-VOHQS,2023-12-06,No,98,app not working,1
3999-OVRPS,2023-12-07,No,55,No comment,1
6669-UEPSQ,2023-12-07,Yes,31,billing complaint,1
5882-NEGYP,2023-12-07,Unknown,51,demaned refund,1
7350-PISYA,2023-12-07,Unknown,96,No comment,2
1065-MANSZ,2023-12-07,No,58,received refund,1
0357-OPAMV,2023-12-07,No,28,guidance to renew,2
4565-TKZOU,2023-12-07,No,82,received refund,1
9324-ELJYK,2023-12-07,No,91,No comment,2
5034-XIOBI,2023-12-07,Yes,30,service issue,1
7162-YGRWF,2023-12-07,No,99,received refund,2
7659-KSTWQ,2023-12-07,No,81,No comment,1
0541-CPDRP,2023-12-07,Yes,93,demaned refund,1
8884-ZATDM,2023-12-07,Yes,9,happy with service,1
5364-QSZWD,2023-12-07,Yes,84,requested callback,1
7910-IXPID,2023-12-08,No,3,guidance to renew,1
5595-BJQHY,2023-12-08,No,23,service issue,1
1967-RTMDP,2023-12-08,No,46,received refund,1
6620-XBWXN,2023-12-08,Yes,15,guidance to renew,1
7411-QDQGW,2023-12-08,Yes,43,requested callback,1
7835-QSBAU,2023-12-08,No,30,received refund,1
3321-NRQJT,2023-12-08,No,80,billing complaint,1
9572-ACCFJ,2023-12-08,Yes,41,happy with service,1
0926-EJLUR,2023-12-08,Yes,84,service issue,1
9551-ZQFFC,2023-12-08,Yes,34,service issue,1
5183-QJXXV,2023-12-08,Yes,68,No comment,1
3723-TKWHL,2023-12-08,Yes,19,requested callback,1
0246-FZFNY,2023-12-08,Yes,30,happy with service,2
0517-GJHDJ,2023-12-08,No,22,billing complaint,1
3635-MJVMJ,2023-12-08,No,34,demaned refund,2
0550-LKLOJ,2023-12-08,No,49,app not working,3
8150-OBGOD,2023-12-09,Yes,49,happy with service,1
7105-KIOUQ,2023-12-09,Yes,34,paymnt failed,1
3811-OXFDN,2023-12-09,No,29,happy with service,1
1714-KKBQP,2023-12-09,Yes,4,received refund,1
6104-LCQZM,2023-12-09,Yes,26,No comment,1
8623-JALOU,2023-12-09,Unknown,26,happy with service,1
9628-CJODE,2023-12-09,No,92,demaned refund,1
1383-AHAUS,2023-12-09,Yes,77,app not working,1
4713-YRFQB,2023-12-09,Yes,50,happy with service,1
7051-AUFZI,2023-12-09,No,98,No comment,1
2906-OSDIF,2023-12-09,Yes,42,paymnt failed,2
4088-NLACV,2023-12-09,Yes,41,No comment,2
6120-NKVKS,2023-12-09,Unknown,89,No comment,2
5098-NBBHS,2023-12-09,No,16,paymnt failed,1
4403-YTKWC,2023-12-09,Yes,58,billing complaint,1
0942-ZIQTF,2023-12-10,No,11,service issue,1
7222-MUTVW,2023-12-10,No,7,No comment,1
8305-TCFSW,2023-12-10,Yes,14,demaned refund,1
5716-MMMIN,2023-12-10,Yes,3,demaned refund,1
9905-XJGTQ,2023-12-10,Yes,25,No comment,1
6351-ACGXI,2023-12-10,Unknown,58,No comment,1
9931-JKZGC,2023-12-10,No,14,app not working,1
4111-SGWXQ,2023-12-10,Yes,40,billing complaint,1
9018-YVISK,2023-12-10,Yes,68,happy with service,1
7216-KILDE,2023-12-10,No,67,requested callback,2
9815-KFHPJ,2023-12-10,Unknown,39,requested callback,1
5831-BQGGC,2023-12-10,No,91,billing complaint,1
6826-FCCNC,2023-12-10,Yes,98,billing complaint,1
3555-SBVKN,2023-12-10,No,28,app not working,2
1705-PVGWF,2023-12-10,No,59,No comment,1
6700-PKFXE,2023-12-10,Unknown,94,billing complaint,1
6687-PGVXO,2023-12-10,No,95,received refund,2
1720-QXAVU,2023-12-11,No,49,No comment,1
8203-KPYYM,2023-12-11,Yes,70,paymnt failed,1
6870-IPHUS,2023-12-11,No,51,service issue,1
9400-PLESG,2023-12-11,No,1,app not working,2
5067-JVDZO,2023-12-11,Yes,32,paymnt failed,1
3014-NBBDG,2023-12-11,Yes,8,service issue,1
4029-FEPLD,2023-12-11,No,88,No comment,1
8042-ZOTWD,2023-12-11,No,81,No comment,1
3133-XAWII,2023-12-11,No,47,app not working,2
8665-OMKET,2023-12-11,Yes,55,demaned refund,1
7230-PODOS,2023-12-11,Yes,27,No comment,1
5645-GYRTH,2023-12-11,No,11,No comment,1
9273-PZSTH,2023-12-11,Yes,86,demaned refund,1
2487-MHPQD,2023-12-11,Unknown,85,No comment,1
4202-DABSQ,2023-12-11,Yes,62,app not working,1
5180-BVVRF,2023-12-11,Yes,49,No comment,1
4161-LKEAN,2023-12-12,Yes,78,demaned refund,1
7111-SSEUV,2023-12-12,Yes,75,paymnt failed,1
1764-VKHJB,2023-12-12,Yes,85,requested callback,1
3190-CJWMG,2023-12-12,No,25,requested callback,2
1796-QWPQY,2023-12-12,Yes,54,received refund,1
5977-SMZQW,2023-12-12,Yes,49,guidance to renew,1
8508-BFMKK,2023-12-12,No,21,service issue,2
2361-CXBVO,2023-12-12,Yes,36,service issue,1
9287-IRWXD,2023-12-12,Yes,21,demaned refund,2
8523-FRNYE,2023-12-12,No,56,paymnt failed,2
4736-LOZAZ,2023-12-12,Yes,42,paymnt failed,2
3003-SFFUU,2023-12-12,No,99,billing complaint,1
8247-KWGAB,2023-12-12,No,6,happy with service,2
5125-KTVHJ,2023-12-13,Yes,26,billing complaint,1
2703-TGDLQ,2023-12-13,No,99,demaned refund,1
0611-TBOOU,2023-12-13,Yes,38,requested callback,1
2752-NOKDF,2023-12-13,No,12,guidance to renew,1
2450-TGHJY,2023-12-13,Yes,73,requested callback,1
6057-ACGWD,2023-12-13,Yes,15,guidance to renew,1
2098-WHYBW,2023-12-13,Yes,44,demaned refund,1
4417-LNTWV,2023-12-13,Yes,43,service issue,1
6384-FMTWE,2023-12-13,Yes,60,billing complaint,1
0816-CBORG,2023-12-13,No,88,received refund,1
4975-NQNYT,2023-12-13,Yes,18,demaned refund,2
6182-MTDCD,2023-12-13,Yes,61,No comment,1
1620-QZDEA,2023-12-14,Unknown,11,demaned refund,1
6152-UCTTK,2023-12-14,No,0,No comment,1
5137-VWMDG,2023-12-14,Yes,18,received refund,1
9658-XBEDH,2023-12-14,Yes,39,app not working,1
7304-UVSTX,2023-12-14,No,85,demaned refund,1
8638-INUCV,2023-12-14,Yes,42,No comment,1
5125-WSXKO,2023-12-14,Yes,11,received refund,1
6646-RUVYT,2023-12-14,No,9,paymnt failed,2
4680-OKIXE,2023-12-14,No,45,demaned refund,1
4002-BDPWK,2023-12-14,Yes,61,guidance to renew,1
6554-RSIIT,2023-12-14,No,53,billing complaint,1
3398-CBHKP,2023-12-14,Yes,7,billing complaint,1
9791-AMMAC,2023-12-14,Yes,96,demaned refund,1
4447-SVKPH,2023-12-14,Yes,19,No comment,1
4889-JWDOD,2023-12-14,No,58,billing complaint,1
2767-FLWDG,2023-12-14,No,50,happy with service,1
5966-NLWZJ,2023-12-14,No,81,No comment,2
5435-LUESS,2023-12-15,No,49,No comment,1
3931-LCGGM,2023-12-15,No,80,paymnt failed,1
6326-LXGZQ,2023-12-15,Unknown,49,guidance to renew,1
3517-PEXZU,2023-12-15,Unknown,49,happy with service,2
3565-AGTGD,2023-12-15,Unknown,45,No comment,2
0513-VNILF,2023-12-15,No,71,No comment,1
1587-BPFOG,2023-12-15,No,41,No comment,1
6333-OUPGW,2023-12-15,Yes,63,service issue,1
7227-MOLLC,2023-12-16,Yes,90,received refund,1
5802-PQTBZ,2023-12-16,Yes,65,requested callback,1
1828-KPAUI,2023-12-16,No,66,No comment,1
5893-UYZSV,2023-12-16,Yes,60,guidance to renew,1
6642-LPXVS,2023-12-16,No,95,requested callback,1
8298-BQLIC,2023-12-16,Yes,16,No comment,2
4743-ZZUFO,2023-12-16,No,94,received refund,2
1990-TPPBJ,2023-12-16,Yes,12,service issue,1
9977-MXYRY,2023-12-16,No,49,app not working,2
7463-HJONR,2023-12-16,Yes,62,guidance to renew,2
6714-ZVVIE,2023-12-16,Yes,31,No comment,1
4749-LNRRM,2023-12-16,No,14,received refund,1
6890-HEQVL,2023-12-16,Yes,17,happy with service,3
6646-STVXX,2023-12-16,Unknown,61,guidance to renew,1
2443-MDPIE,2023-12-16,Yes,37,demaned refund,1
3436-PTWHV,2023-12-16,Yes,54,paymnt failed,2
1681-JKJBC,2023-12-16,No,16,requested callback,1
8472-OZDRQ,2023-12-17,No,39,paymnt failed,1
7821-LEUYS,2023-12-17,No,75,app not working,1
7260-HLFRT,2023-12-17,No,23,guidance to renew,1
9862-VWKLI,2023-12-17,No,18,No comment,1
0496-MCULE,2023-12-17,Yes,61,requested callback,1
9710-DDGIT,2023-12-17,Yes,94,received refund,2
2800-HSBHX,2023-12-17,No,64,paymnt failed,1
8972-IUKWT,2023-12-17,No,65,service issue,1
8140-HHKFU,2023-12-17,Yes,12,received refund,1
7368-GJDTN,2023-12-17,Yes,36,billing complaint,2
6850-OQHBV,2023-12-17,Yes,52,No comment,1
0652-YHLXF,2023-12-17,Unknown,52,happy with service,1
6408-MRQHC,2023-12-18,Unknown,83,No comment,1
6051-VLOBE,2023-12-18,Yes,20,requested callback,1
4330-ZPUXI,2023-12-18,Yes,43,demaned refund,1
4934-UODZI,2023-12-18,No,63,demaned refund,1
3004-YMCOD,2023-12-18,No,9,No comment,2
0289-WYSTR,2023-12-18,No,73,happy with service,1
5936-FBDKD,2023-12-18,No,97,billing complaint,1
0845-AHQKC,2023-12-18,No,72,billing complaint,1
2765-YQAUR,2023-12-18,Yes,74,billing complaint,1
6814-XLHSU,2023-12-18,Yes,58,paymnt failed,1
2955-WMVNF,2023-12-19,No,44,service issue,1
9427-XSJJF,2023-12-19,No,39,received refund,1
3979-KDOBH,2023-12-19,Unknown,65,received refund,1
2669-RMTFH,2023-12-19,Yes,5,requested callback,1
5036-VAHFK,2023-12-19,Unknown,77,demaned refund,1
1339-PRXWL,2023-12-19,Yes,11,billing complaint,2
7781-ZXESS,2023-12-19,Yes,45,requested callback,1
7451-RKXRH,2023-12-19,Yes,57,demaned refund,1
9159-XTTGG,2023-12-19,No,66,received refund,2
4673-FXEPY,2023-12-19,No,19,received refund,1
3407-PBYCM,2023-12-19,No,64,requested callback,2
2404-NTKCI,2023-12-20,Yes,29,service issue,1
7624-JECSC,2023-12-20,No,41,received refund,1
6025-VMUWJ,2023-12-20,Yes,68,app not working,1
6114-MNKFS,2023-12-20,Yes,70,No comment,1
0772-SVNIU,2023-12-20,No,9,No comment,2
2693-YERGG,2023-12-20,No,13,demaned refund,1
5424-WMZLC,2023-12-20,No,96,No comment,1
2815-ZJDNC,2023-12-20,No,69,billing complaint,2
2157-OEWKP,2023-12-20,Yes,57,happy with service,1
1776-WHOLD,2023-12-20,No,79,received refund,2
4646-OVMNT,2023-12-20,Yes,18,guidance to renew,1
1385-FINZR,2023-12-20,No,26,billing complaint,1
8842-ZKGHL,2023-12-20,No,95,guidance to renew,1
5537-WYJSC,2023-12-20,Yes,83,paymnt failed,1
8078-MOEGF,2023-12-20,Yes,74,No comment,1
7320-RSUQN,2023-12-21,Unknown,50,received refund,1
7663-RGQGT,2023-12-21,No,91,received refund,1
9151-ETTAM,2023-12-21,Yes,2,billing complaint,1
0259-UIFDW,2023-12-21,Yes,68,No comment,1
7530-GSRXT,2023-12-21,No,78,happy with service,1
1183-EXXRG,2023-12-21,Yes,9,demaned refund,1
9747-VPVNK,2023-12-21,No,72,guidance to renew,1
1797-DBGBZ,2023-12-21,Unknown,31,demaned refund,1
4450-BMIMR,2023-12-21,Yes,4,received refund,1
7239-AVUMJ,2023-12-21,No,38,demaned refund,1
3376-NOJGA,2023-12-21,No,44,No comment,1
1678-CEFOS,2023-12-21,No,84,received refund,1
0531-TQOZM,2023-12-21,No,57,paymnt failed,1
3503-UWYXX,2023-12-21,No,38,happy with service,1
9684-XDLEX,2023-12-21,Yes,52,happy with service,2
4787-CIXIN,2023-12-21,No,17,happy with service,1
2034-ONAUS,2023-12-21,Yes,61,demaned refund,1
5581-WXLWY,2023-12-22,Unknown,89,requested callback,1
7504-NCMCR,2023-12-22,Yes,86,demaned refund,1
0425-UBQAG,2023-12-22,Yes,86,service issue,1
4300-SSIBR,2023-12-22,Yes,96,No comment,1
3572-MWZYA,2023-12-22,Yes,41,received refund,1
1515-HXDNE,2023-12-22,Yes,54,No comment,1
8591-UOUQF,2023-12-22,No,65,No comment,1
8744-VWQDC,2023-12-22,Yes,68,demaned refund,2
8710-YGCQO,2023-12-22,No,27,paymnt failed,1
6365-QMHJE,2023-12-22,No,70,No comment,1
0559-SPBCL,2023-12-22,Unknown,13,paymnt failed,1
7839-YODHR,2023-12-23,No,76,No comment,1
1809-RYEWM,2023-12-23,No,97,happy with service,1
3219-UHKKF,2023-12-23,No,27,No comment,1
1495-DCPCK,2023-12-23,No,25,demaned refund,1
5945-ZQXUZ,2023-12-23,Yes,48,No comment,1
5943-MRUCM,2023-12-23,Yes,59,guidance to renew,1
2583-VTJHP,2023-12-23,No,70,app not working,1
0290-CCPAB,2023-12-23,Unknown,59,service issue,1
3083-MFMQS,2023-12-23,Yes,83,guidance to renew,2
2189-AVUVD,2023-12-23,Yes,26,guidance to renew,2
0804-DHBSC,2023-12-24,Yes,31,received refund,1
0379-XZNWE,2023-12-24,Unknown,11,app not working,1
4108-PKQJI,2023-12-24,Yes,2,service issue,1
5056-MCCIG,2023-12-24,Unknown,91,demaned refund,1
4110-QLTRK,2023-12-24,No,26,No comment,1
4246-ELVSN,2023-12-24,No,17,billing complaint,2
6884-GIWTD,2023-12-24,No,27,happy with service,1
7397-RLFQY,2023-12-24,Unknown,64,service issue,1
2963-ASOLR,2023-12-24,Yes,89,requested callback,2
2063-NPJSZ,2023-12-24,No,86,happy with service,1
0751-GCQOU,2023-12-24,Yes,10,service issue,2
5079-OFQKD,2023-12-24,Yes,15,No comment,1
3657-MSGQX,2023-12-24,Unknown,25,service issue,2
2528-EZYPA,2023-12-24,Yes,41,app not working,1
2599-RAHDC,2023-12-24,Yes,76,No comment,1
9366-BLWTD,2023-12-25,Yes,35,demaned refund,1
9490-WDHAP,2023-12-25,No,53,received refund,1
6322-TUTWL,2023-12-25,Yes,90,received refund,1
7167-JQBGZ,2023-12-25,Yes,39,happy with service,1
5981-VABAO,2023-12-25,Yes,67,paymnt failed,1
6298-XOIHM,2023-12-25,No,85,No comment,1
8919-CLZBG,2023-12-25,No,22,service issue,2
0739-CRGJW,2023-12-25,Yes,85,requested callback,1
0744-LXWYN,2023-12-25,No,8,No comment,1
0268-FQHCU,2023-12-25,Unknown,93,paymnt failed,1
0487-ESSLH,2023-12-25,Yes,93,billing complaint,2
0997-GKBKT,2023-12-25,Yes,53,service issue,1
7403-GBLNZ,2023-12-25,Yes,49,received refund,2
9747-NIPAB,2023-12-25,Yes,49,No comment,1
9624-EUCFM,2023-12-26,No,38,app not working,1
4287-UZJDH,2023-12-26,No,44,No comment,1
9052-SEYJD,2023-12-26,No,28,paymnt failed,1
4986-BJSNB,2023-12-26,No,34,app not working,1
9132-EMPEF,2023-12-26,No,61,demaned refund,1
1620-HAIKI,2023-12-26,No,17,requested callback,1
8389-XSSXY,2023-12-26,No,9,No comment,2
6446-QMWOB,2023-12-26,No,67,No comment,1
7882-TCMMV,2023-12-26,No,4,service issue,2
1356-AUCFA,2023-12-26,No,68,billing complaint,1
5348-WEWLW,2023-12-26,Yes,37,app not working,1
2152-IOHAF,2023-12-26,No,66,demaned refund,1
3275-TPLBY,2023-12-26,Yes,53,No comment,1
8919-BGEEE,2023-12-27,Yes,49,billing complaint,1
8881-IEWPL,2023-12-27,Unknown,43,billing complaint,1
0294-UJLXY,2023-12-27,No,5,No comment,1
3922-JHTYA,2023-12-27,No,63,app not working,2
8577-BGFCN,2023-12-27,Unknown,34,billing complaint,1
3194-GYHLM,2023-12-27,No,93,paymnt failed,2
5106-OYFRP,2023-12-27,Yes,83,received refund,1
2419-TMPHG,2023-12-27,Yes,15,No comment,2
9495-AFSAU,2023-12-27,No,69,guidance to renew,1
9237-KDELI,2023-12-27,Yes,22,No comment,1
3646-DAJQB,2023-12-27,Yes,35,demaned refund,1
9544-FMJIZ,2023-12-27,Yes,2,happy with service,2
8093-FLCQP,2023-12-27,No,49,demaned refund,2
9854-BIOPL,2023-12-27,Yes,44,requested callback,2
9646-OQUCP,2023-12-27,No,36,No comment,1
3023-XUUSB,2023-12-27,No,41,No comment,1
5976-GNQLL,2023-12-27,Yes,67,service issue,1
3852-KLZYE,2023-12-27,No,69,happy with service,2
9441-VZHRQ,2023-12-27,Yes,11,demaned refund,1
5785-ETBSO,2023-12-27,No,99,service issue,2
5381-FMEVU,2023-12-27,Yes,94,received refund,1
6006-MGLCE,2023-12-27,No,3,received refund,1
8449-RNOHF,2023-12-27,No,24,guidance to renew,2
8704-SQAWG,2024-01-01,Yes,16,billing complaint,1
9269-AOUSQ,2024-01-01,No,13,app not working,1
5588-VXNCR,2024-01-01,Unknown,77,happy with service,1
5780-RKLOL,2024-01-01,Yes,16,received refund,1
4139-NTGLB,2024-01-01,No,66,guidance to renew,1
0357-LZZVJ,2024-01-01,Yes,22,No comment,1
4970-XUOFX,2024-01-01,Yes,85,service issue,1
8014-RQJYF,2024-01-01,No,89,demaned refund,1
7008-SAPSI,2024-01-01,No,80,guidance to renew,1
5957-ICYPR,2024-01-01,Yes,11,paymnt failed,2
9836-TJMHG,2024-01-01,No,44,app not working,1
8603-LCHLB,2024-01-01,No,25,No comment,1
8332-MDBHS,2024-01-01,No,89,received refund,1
4621-ACQMJ,2024-01-01,No,94,guidance to renew,2
3357-FJGQH,2024-01-01,Yes,6,guidance to renew,2
7074-XMQFW,2024-01-02,Yes,14,billing complaint,1
7390-CJCFO,2024-01-02,No,65,No comment,1
5145-UTQPD,2024-01-02,Unknown,71,service issue,1
4195-IPYUY,2024-01-02,No,80,guidance to renew,1
5648-GZUMR,2024-01-02,No,99,No comment,1
8406-EDVHA,2024-01-02,Yes,6,No comment,1
3489-XYEAE,2024-01-02,No,13,demaned refund,1
5649-GRMGK,2024-01-02,Yes,45,No comment,2
9959-ZEHFH,2024-01-02,Yes,69,No comment,1
0641-ZGAFE,2024-01-02,No,34,guidance to renew,1
6771-AYZET,2024-01-02,No,27,demaned refund,1
1777-IBCMS,2024-01-02,No,96,service issue,2
1920-TDTNE,2024-01-02,Yes,49,requested callback,1
1536-FJWGA,2024-01-02,Yes,70,billing complaint,1
0172-OOOLS,2024-01-02,No,42,No comment,2
9344-TSCNN,2024-01-02,No,96,No comment,1
7010-SMSBM,2024-01-03,Yes,23,service issue,1
4183-PJBQH,2024-01-03,No,78,demaned refund,1
2472-AXYAA,2024-01-03,No,31,demaned refund,1
3446-GYHJU,2024-01-03,Yes,66,demaned refund,1
7250-MJXCH,2024-01-03,No,59,app not working,1
2260-QTEMB,2024-01-03,Yes,61,No comment,2
9441-HPHTW,2024-01-03,No,13,No comment,2
8384-YHMPD,2024-01-03,No,40,received refund,1
8396-KSGSY,2024-01-03,No,21,app not working,1
2818-GPDCY,2024-01-03,No,6,billing complaint,1
9875-RUMJP,2024-01-03,Yes,26,paymnt failed,2
7326-KWHXU,2024-01-03,Yes,48,No comment,2
3691-YYBTX,2024-01-03,Yes,20,No comment,1
4359-VOEUM,2024-01-03,Yes,59,demaned refund,1
6327-MSRRO,2024-01-04,Unknown,94,happy with service,2
4228-DECMO,2024-01-04,Unknown,66,happy with service,1
5455-BISYI,2024-01-04,Yes,83,requested callback,1
6100-UESQF,2024-01-04,No,1,No comment,1
3046-MHKLX,2024-01-04,No,5,guidance to renew,1
6050-FBBOW,2024-01-04,No,84,paymnt failed,1
7474-ZQZLY,2024-01-04,Yes,47,No comment,2
2656-THNIY,2024-01-04,Yes,25,received refund,2
4854-AAVEX,2024-01-04,No,19,paymnt failed,2
8670-FSHPP,2024-01-04,Unknown,76,app not working,1
8284-JBLAW,2024-01-05,Yes,63,happy with service,1
4187-DTWNA,2024-01-05,Yes,46,No comment,1
1865-WICRN,2024-01-05,Yes,95,happy with service,2
1570-RGDPP,2024-01-05,Yes,60,demaned refund,1
0474-PICNO,2024-01-05,No,42,paymnt failed,1
0528-LVDCL,2024-01-05,No,91,service issue,1
3211-LUIWK,2024-01-05,No,94,paymnt failed,2
7627-SEIMD,2024-01-05,Unknown,66,billing complaint,1
0114-WFNXT,2024-01-05,Unknown,11,No comment,2
1640-KYTJG,2024-01-05,Yes,92,received refund,1
6085-KPKEE,2024-01-05,Yes,60,paymnt failed,1
9670-XLXNC,2024-01-05,No,16,No comment,2
8394-KYZVK,2024-01-05,Unknown,62,paymnt failed,1
8791-WIOCJ,2024-01-05,Yes,34,received refund,1
9248-BGSHD,2024-01-05,Yes,9,No comment,2
6866-YCFXM,2024-01-05,Yes,22,guidance to renew,2
3217-FRFYK,2024-01-05,No,40,service issue,2
7069-FSKSZ,2024-01-05,Yes,98,No comment,2
8779-SCRQX,2024-01-05,No,84,paymnt failed,1
6108-JEAVT,2024-01-05,No,80,guidance to renew,1
3363-VCSRP,2024-01-05,No,62,demaned refund,1
6223-ZJYNG,2024-01-05,Yes,77,happy with service,1
2888-ZGUSD,2024-01-06,Yes,48,No comment,1
1618-FPGMH,2024-01-06,No,37,billing complaint,1
3966-BIVCI,2024-01-06,Yes,34,received refund,1
6547-TFTLA,2024-01-06,Yes,18,app not working,1
1136-QIEKS,2024-01-06,No,27,No comment,1
2917-XHVZQ,2024-01-06,No,35,demaned refund,1
4583-FINXF,2024-01-06,No,47,app not working,2
6256-VTRUO,2024-01-06,Yes,6,No comment,1
0638-BWVBJ,2024-01-06,Yes,14,paymnt failed,2
4130-SPDHT,2024-01-06,No,22,requested callback,1
5132-VHNIV,2024-01-06,Yes,15,billing complaint,2
0239-FBHMI,2024-01-06,Yes,7,demaned refund,2
2704-PIGGO,2024-01-06,Yes,12,requested callback,1
6042-ZCTXH,2024-01-07,No,85,No comment,1
9899-SWGYJ,2024-01-07,Yes,66,No comment,1
7388-MTUPO,2024-01-07,Yes,42,received refund,1
3510-GYVCK,2024-01-07,No,76,app not working,1
2689-EPPKZ,2024-01-07,No,62,demaned refund,1
8380-WFBOX,2024-01-07,No,96,demaned refund,1
7906-BLZJD,2024-01-07,No,59,requested callback,1
9281-MTOAI,2024-01-07,No,33,guidance to renew,1
4857-VTNJW,2024-01-07,No,73,app not working,1
5773-LDSVI,2024-01-07,No,35,guidance to renew,2
2054-JUPZY,2024-01-07,Yes,4,received refund,2
0493-NXCQR,2024-01-07,No,76,happy with service,1
4934-WUHJC,2024-01-08,Unknown,96,requested callback,1
6492-NKLMJ,2024-01-08,Yes,81,app not working,1
8292-EMAPG,2024-01-08,Yes,0,No comment,1
1744-LNHUG,2024-01-08,Yes,80,demaned refund,1
8184-DIGYI,2024-01-08,Yes,66,received refund,1
8650-GFCUR,2024-01-08,Yes,80,service issue,1
3865-BTMJH,2024-01-08,Unknown,31,received refund,2
0389-JABGI,2024-01-08,Yes,13,billing complaint,1
7388-BRAQP,2024-01-08,No,62,requested callback,1
5649-KNJLM,2024-01-08,Unknown,91,No comment,1
3317-JYUNT,2024-01-08,Unknown,3,guidance to renew,1
0325-KOCSV,2024-01-08,No,91,received refund,2
7222-SPYHO,2024-01-08,No,28,service issue,2
3507-VRTUF,2024-01-08,No,32,received refund,2
4080-IKOTQ,2024-01-08,No,23,service issue,2
1358-TLISP,2024-01-08,No,20,requested callback,2
7017-NDLAH,2024-01-08,No,3,received refund,1
7919-TCMOR,2024-01-08,Yes,70,requested callback,2
6887-QFZVF,2024-01-08,No,63,requested callback,2
9593-OASSD,2024-01-09,No,24,No comment,1
6944-TQBKF,2024-01-09,Yes,27,billing complaint,1
7779-VNOMV,2024-01-09,Yes,86,received refund,1
3266-TFDZF,2024-01-09,No,8,happy with service,1
8853-HPXQF,2024-01-09,No,51,service issue,1
3913-EZFAK,2024-01-09,No,94,requested callback,2
8434-VQMND,2024-01-09,Yes,21,guidance to renew,2
2505-JTJPW,2024-01-10,Yes,78,No comment,1
6762-WFKFM,2024-01-10,No,53,No comment,1
7527-VJJBG,2024-01-10,No,33,paymnt failed,1
6730-SNGID,2024-01-10,Yes,12,app not working,2
2907-RLOUN,2024-01-10,No,59,billing complaint,1
6492-RIOGF,2024-01-10,No,67,guidance to renew,2
2570-MNUBT,2024-01-10,No,16,No comment,1
3347-CCYLM,2024-01-10,No,42,happy with service,1
9752-NEHEL,2024-01-10,Yes,49,app not working,1
3417-BCXSK,2024-01-10,Yes,97,demaned refund,2
6739-AGWSV,2024-01-10,No,47,service issue,1
4613-OQSVI,2024-01-10,No,50,app not working,1
8596-CMUBI,2024-01-10,Yes,31,billing complaint,1
9855-EJVZI,2024-01-10,No,33,requested callback,3
2454-RELRG,2024-01-10,Yes,90,billing complaint,2
0213-UAZQS,2024-01-10,No,79,happy with service,1
8652-SUKQV,2024-01-10,No,25,billing complaint,2
2140-QEISW,2024-01-11,Yes,80,happy with service,1
8714-FBWPS,2024-01-11,Yes,63,demaned refund,1
9941-ONSAX,2024-01-11,No,95,app not working,1
5784-LUSMV,2024-01-11,Yes,91,service issue,1
6124-LKLFQ,2024-01-11,No,31,service issue,1
9296-PSDVN,2024-01-11,Yes,62,service issue,1
4393-QKXHW,2024-01-11,No,42,No comment,2
1383-UPUZY,2024-01-11,Unknown,6,paymnt failed,1
7966-FEXBD,2024-01-11,Yes,55,guidance to renew,1
7780-LAGUD,2024-01-11,No,49,demaned refund,1
8797-PVHJV,2024-01-11,No,20,guidance to renew,1
9700-GPQWC,2024-01-11,Yes,18,billing complaint,1
7437-VSKTG,2024-01-11,No,77,paymnt failed,1
6308-ENFAN,2024-01-11,No,20,service issue,1
1482-HQDLZ,2024-01-11,No,25,received refund,1
4255-FPPVF,2024-01-12,Yes,0,paymnt failed,1
5614-WUKNZ,2024-01-12,Yes,65,paymnt failed,1
3699-PDYZG,2024-01-12,Yes,58,app not working,1
0643-QRZCH,2024-01-12,Yes,96,demaned refund,1
5638-DJHYW,2024-01-12,Yes,81,paymnt failed,1
5639-WCSFC,2024-01-12,Yes,72,happy with service,1
8253-WXJLN,2024-01-12,Yes,70,No comment,1
6684-NFRHW,2024-01-12,No,6,happy with service,1
8940-WOCRX,2024-01-12,No,98,guidance to renew,2
6497-FPYMG,2024-01-12,No,34,received refund,1
0904-CMIWJ,2024-01-12,No,40,No comment,2
5104-YUSCU,2024-01-12,Yes,65,guidance to renew,1
8528-CMGQB,2024-01-12,Yes,63,paymnt failed,1
9623-YBYLC,2024-01-12,No,42,paymnt failed,1
5313-PFLSX,2024-01-12,Yes,20,guidance to renew,1
4905-YCZBE,2024-01-12,No,22,billing complaint,1
6543-IEQAH,2024-01-12,Yes,2,app not working,1
2274-NFWHW,2024-01-12,No,13,billing complaint,1
3057-EANTU,2024-01-12,Yes,41,No comment,1
1746-USTAF,2024-01-12,No,28,No comment,1
5030-DAOXL,2024-01-12,No,9,guidance to renew,2
9112-XEPEM,2024-01-12,No,4,app not working,2
8552-KCKSH,2024-01-13,No,97,happy with service,1
0620-JSCBR,2024-01-13,Yes,58,No comment,1
7848-PTQTP,2024-01-13,Yes,49,No comment,1
1396-WTUJE,2024-01-13,Yes,88,guidance to renew,1
0369-AHAWG,2024-01-13,Unknown,46,No comment,1
4162-CBUDS,2024-01-13,Yes,6,guidance to renew,1
1736-VKZFK,2024-01-13,Unknown,82,demaned refund,1
1329-AGOAI,2024-01-13,No,42,received refund,1
0216-LAFTC,2024-01-13,Yes,3,app not working,1
4806-CZXXG,2024-01-13,No,8,paymnt failed,2
3554-RHVKC,2024-01-13,Yes,40,service issue,1
9735-QVEWA,2024-01-13,Yes,19,No comment,1
9915-BTNPA,2024-01-13,Unknown,60,No comment,1
1869-LGJYA,2024-01-13,No,10,paymnt failed,1
0333-BFEUD,2024-01-13,No,8,paymnt failed,1
9156-CXAWX,2024-01-14,No,11,service issue,1
0786-SYKTJ,2024-01-14,Yes,72,guidance to renew,1
2670-MJYZQ,2024-01-14,Unknown,77,guidance to renew,1
8792-UASLN,2024-01-14,Unknown,49,app not working,1
3247-RNLWB,2024-01-14,Yes,40,requested callback,1
1518-PGOKE,2024-01-14,Yes,49,guidance to renew,1
6629-LKTUP,2024-01-14,No,48,happy with service,1
0638-AUXMG,2024-01-14,Yes,32,No comment,1
7175-KPOUY,2024-01-14,No,72,happy with service,1
7236-YCDDU,2024-01-14,No,55,happy with service,1
1406-UFOAN,2024-01-14,Yes,10,paymnt failed,1
3157-YNXER,2024-01-14,No,53,No comment,1
8487-EUFXD,2024-01-15,Unknown,60,requested callback,1
7730-YVNVM,2024-01-15,No,40,No comment,1
3731-CLIUA,2024-01-15,Yes,40,billing complaint,1
5344-JXUUQ,2024-01-15,No,64,No comment,1
5889-WLHGN,2024-01-15,Yes,43,No comment,1
5619-WXKGO,2024-01-15,No,85,No comment,1
7615-MGUGN,2024-01-15,Yes,87,received refund,1
5159-FVIXT,2024-01-15,Yes,16,No comment,1
7746-UOTYG,2024-01-15,Yes,63,received refund,1
7003-CESSF,2024-01-15,No,70,paymnt failed,1
1569-HVWAV,2024-01-15,Unknown,99,service issue,1
5709-VTNPA,2024-01-15,Yes,49,service issue,1
4390-NVTNT,2024-01-15,Yes,0,happy with service,1
2192-RCJJR,2024-01-15,Yes,49,paymnt failed,1
3974-ORUHR,2024-01-15,Yes,33,received refund,2
1567-TCHUO,2024-01-15,No,66,requested callback,1
9582-BOEDN,2024-01-15,No,24,service issue,2
2483-DEIWS,2024-01-15,Yes,74,app not working,1
0303-YWQMX,2024-01-15,Unknown,58,happy with service,1
3426-LJBUD,2024-01-15,No,49,No comment,1
9743-IQBIC,2024-01-15,No,60,happy with service,2
2851-YHEHT,2024-01-16,Yes,22,demaned refund,1
2944-WFECR,2024-01-16,No,20,happy with service,1
8109-MZCKL,2024-01-16,No,87,received refund,1
5811-EKWHJ,2024-01-16,Yes,66,received refund,1
6657-GSUZR,2024-01-16,No,26,happy with service,1
7928-QMCBT,2024-01-16,Yes,43,requested callback,2
6971-BYVIX,2024-01-16,Yes,77,No comment,1
3729-MFREX,2024-01-16,No,4,billing complaint,1
6065-IRGIC,2024-01-16,No,15,happy with service,1
2964-JDRXZ,2024-01-16,Yes,13,service issue,1
2405-FEQTZ,2024-01-16,Yes,25,No comment,1
5310-VPHLI,2024-01-16,Yes,95,No comment,1
7501-ZEFLK,2024-01-16,Yes,89,billing complaint,1
0969-SBACI,2024-01-17,Yes,41,demaned refund,1
7153-AOZNA,2024-01-17,No,4,No comment,1
3775-BNJHN,2024-01-17,No,98,billing complaint,1
7606-OKEQJ,2024-01-17,Yes,53,service issue,1
0140-IVMHJ,2024-01-17,No,69,demaned refund,1
3415-BHCBA,2024-01-17,No,13,No comment,1
2579-LZFEN,2024-01-17,No,84,demaned refund,1
7493-SQMWD,2024-01-17,No,77,app not working,1
1474-ICMKO,2024-01-17,Yes,27,guidance to renew,1
4382-HOMDM,2024-01-17,No,32,No comment,1
4042-YYGQA,2024-01-17,No,38,No comment,1
6672-OUGYD,2024-01-17,Yes,49,No comment,1
9856-ZROGD,2024-01-17,Unknown,49,billing complaint,2
5812-ADTQL,2024-01-17,Yes,96,happy with service,1
4378-LJLGV,2024-01-17,Unknown,96,service issue,1
8268-EKNWO,2024-01-17,Unknown,94,billing complaint,1
4055-YIHYX,2024-01-18,No,29,received refund,1
0278-KXEBM,2024-01-18,Yes,64,happy with service,1
4561-EAZDB,2024-01-18,No,16,guidance to renew,1
5864-EINWV,2024-01-18,No,33,No comment,1
8981-SIVBJ,2024-01-18,Unknown,91,demaned refund,2
6040-URMIL,2024-01-18,No,16,demaned refund,2
2181-ZWJMK,2024-01-18,No,34,app not working,1
7885-CPLEO,2024-01-18,No,63,requested callback,1
0338-RDMAV,2024-01-18,Yes,70,app not working,1
4927-AUWQM,2024-01-18,Yes,20,happy with service,2
3831-OWSHY,2024-01-18,No,7,service issue,1
4380-YELFO,2024-01-18,No,44,received refund,2
6183-YRIVF,2024-01-18,Yes,57,paymnt failed,1
2111-ICGHD,2024-01-18,Unknown,64,billing complaint,1
6771-ORJEP,2024-01-18,Yes,79,app not working,1
7133-DOENF,2024-01-18,Yes,63,No comment,1
0863-ZVVHH,2024-01-18,Yes,71,paymnt failed,1
0459-OOPFB,2024-01-18,Yes,63,service issue,1
5343-FLHJO,2024-01-18,No,23,demaned refund,2
5428-FZEAM,2024-01-19,Yes,34,billing complaint,1
0634-YMUNU,2024-01-19,No,66,No comment,1
3848-CNYSB,2024-01-19,No,51,service issue,1
2817-ZYDQV,2024-01-19,Yes,60,service issue,2
6369-JMYHY,2024-01-19,No,8,No comment,1
4077-SQBQR,2024-01-19,Yes,14,demaned refund,1
3232-VOAMO,2024-01-19,No,49,requested callback,1
9933-SAAJZ,2024-01-19,Yes,10,requested callback,1
4886-GUQSN,2024-01-19,Yes,82,app not working,1
3185-DUTYM,2024-01-19,No,38,service issue,1
4271-XUQKX,2024-01-19,No,26,app not working,1
7041-JBIEC,2024-01-19,Yes,52,requested callback,1
2022-NGCJJ,2024-01-19,No,12,No comment,1
8950-CYBEL,2024-01-19,Yes,75,service issue,2
2704-CBYBJ,2024-01-20,Yes,74,guidance to renew,1
1834-YOGEP,2024-01-20,Yes,47,received refund,1
9854-LUMVK,2024-01-20,No,63,paymnt failed,1
9620-QKNOE,2024-01-20,Yes,18,No comment,1
4613-ZFROF,2024-01-20,No,67,No comment,2
5999-FPZDX,2024-01-20,No,43,No comment,1
4516-KHXBG,2024-01-20,No,84,demaned refund,1
1644-AGVNT,2024-01-20,No,14,happy with service,1
6171-MLHMZ,2024-01-20,Yes,38,happy with service,1
6179-HSSFQ,2024-01-20,No,95,billing complaint,2
0013-EXCHZ,2024-01-20,Yes,20,No comment,1
3694-LLJCT,2024-01-20,Yes,81,No comment,1
4325-CAUTY,2024-01-21,No,85,happy with service,1
3998-YVVKN,2024-01-21,No,2,No comment,2
0878-ZOWGK,2024-01-21,Yes,52,received refund,2
2951-MNJXV,2024-01-21,No,34,requested callback,1
2212-XJXXF,2024-01-21,Yes,96,paymnt failed,2
8782-DQXFP,2024-01-21,No,83,guidance to renew,1
3980-HROGC,2024-01-21,No,97,No comment,1
2567-DTCYK,2024-01-21,No,68,No comment,1
3120-XXQUL,2024-01-21,No,78,guidance to renew,1
6234-JELXE,2024-01-21,Yes,58,paymnt failed,1
0294-RNWBM,2024-01-21,Unknown,58,paymnt failed,2
3272-JSUOO,2024-01-21,No,83,service issue,1
0326-ZOMVO,2024-01-22,No,21,demaned refund,1
3713-CRCJO,2024-01-22,No,36,paymnt failed,1
9674-PGWDL,2024-01-22,Unknown,16,paymnt failed,1
3632-SGNDC,2024-01-22,No,48,service issue,1
8675-WZOTU,2024-01-22,No,93,happy with service,1
3610-VJLRF,2024-01-22,No,2,requested callback,1
0468-HAECI,2024-01-22,Yes,86,happy with service,1
9234-ZOSBX,2024-01-22,Yes,76,No comment,1
4999-BXXPD,2024-01-22,Yes,36,No comment,1
0405-BNNOS,2024-01-22,Yes,12,No comment,2
1294-MKHMQ,2024-01-22,Unknown,49,guidance to renew,2
8905-RXUNZ,2024-01-22,No,65,billing complaint,1
3752-QSWGX,2024-01-22,No,25,No comment,2
7932-MPQAC,2024-01-22,No,52,paymnt failed,1
5411-NVUFY,2024-01-22,Yes,13,guidance to renew,1
5309-LNAUU,2024-01-22,Yes,17,billing complaint,1
8091-NWDJE,2024-01-22,No,49,requested callback,1
8083-OBSDO,2024-01-23,Unknown,30,app not working,1
9469-IWORB,2024-01-23,No,0,No comment,1
7799-PCCGM,2024-01-23,No,37,happy with service,1
6375-FIHYC,2024-01-23,No,12,demaned refund,1
7618-HXVPO,2024-01-23,No,10,guidance to renew,1
6978-SULJN,2024-01-23,Unknown,25,guidance to renew,1
7949-CQAXF,2024-01-23,No,90,No comment,1
0318-CMQBM,2024-01-23,Unknown,24,No comment,1
3636-QRIJZ,2024-01-23,No,54,guidance to renew,1
0336-UEDXL,2024-01-23,Yes,76,guidance to renew,2
8853-WLTHR,2024-01-23,No,45,requested callback,1
3707-AXSJK,2024-01-23,Yes,27,No comment,1
1672-BUWDD,2024-01-24,Yes,44,happy with service,1
3318-MPRBI,2024-01-24,Unknown,18,happy with service,1
1509-WMBTC,2024-01-24,Yes,28,No comment,1
7895-PPBOR,2024-01-24,Yes,27,paymnt failed,1
1494-OOBHR,2024-01-24,Yes,17,happy with service,1
3839-KNRHH,2024-01-24,Yes,65,happy with service,2
4426-UQUQG,2024-01-24,Yes,23,No comment,1
3107-NLBME,2024-01-24,No,14,app not working,1
2803-CSTQU,2024-01-24,Yes,14,paymnt failed,1
2987-HBFBK,2024-01-24,No,27,No comment,1
8939-LQUEW,2024-01-24,No,99,happy with service,1
8651-SDILJ,2024-01-24,Yes,36,requested callback,1
9981-DCNYV,2024-01-24,No,74,service issue,1
3319-YQYYX,2024-01-24,Yes,69,No comment,2
7552-UUKOM,2024-01-24,No,35,happy with service,1
0539-SWHHA,2024-01-25,Yes,11,No comment,1
0543-ZCTJE,2024-01-25,Yes,82,received refund,1
8511-OEXBN,2024-01-25,No,93,No comment,1
6022-AGTRU,2024-01-25,Yes,49,No comment,1
2335-INOYE,2024-01-25,Yes,79,app not working,1
1027-AKINF,2024-01-25,Yes,68,guidance to renew,2
2897-ILTIL,2024-01-25,No,82,No comment,1
5616-PWUPS,2024-01-25,Yes,81,received refund,1
4118-MSLBK,2024-01-25,No,30,No comment,1
5813-RHSEY,2024-01-25,Unknown,49,app not working,2
6412-TMLVD,2024-01-25,Unknown,65,No comment,1
6857-JYNHZ,2024-01-25,No,51,received refund,1
0100-JRPBZ,2024-01-25,No,78,No comment,1
7636-DCXSM,2024-01-25,Yes,32,guidance to renew,1
5868-VQORV,2024-01-25,Unknown,3,paymnt failed,1
1358-FDNFU,2024-01-25,Yes,88,happy with service,1
1179-DEVTN,2024-01-25,Yes,91,requested callback,2
2261-KUPHA,2024-01-25,No,78,paymnt failed,1
2414-ODGGI,2024-01-25,Yes,51,No comment,1
1299-OZWJZ,2024-01-25,No,33,guidance to renew,2
4145-OLTMD,2024-01-26,Yes,21,requested callback,1
3537-QFDBB,2024-01-26,No,38,service issue,1
7091-TARMQ,2024-01-26,Yes,88,demaned refund,1
2171-BTWJP,2024-01-26,Yes,38,happy with service,1
8271-XXYNY,2024-01-26,No,55,guidance to renew,1
2273-FZPHQ,2024-01-26,Unknown,63,paymnt failed,1
2246-SKCLD,2024-01-26,Yes,17,service issue,2
3408-APFLR,2024-01-26,No,46,No comment,1
6580-UROJX,2024-01-26,No,88,guidance to renew,1
8065-BCQIR,2024-01-26,No,53,No comment,1
0717-MVAPR,2024-01-26,No,49,demaned refund,1
2293-FSNDO,2024-01-26,No,19,No comment,2
8016-XLMGH,2024-01-27,No,82,No comment,1
6131-CTMTG,2024-01-27,No,49,No comment,1
7182-OTWWI,2024-01-27,No,61,No comment,1
0308-CVKUC,2024-01-27,Yes,9,app not working,1
1246-PRYKY,2024-01-27,Yes,15,No comment,1
6692-ZJOUI,2024-01-27,No,56,app not working,1
8755-ROISB,2024-01-27,No,76,received refund,1
9470-TLYZR,2024-01-27,Yes,48,billing complaint,2
7899-FXZRZ,2024-01-27,No,94,service issue,1
6045-PMPUZ,2024-01-27,No,10,happy with service,1
7992-GFCAG,2024-01-27,Yes,4,guidance to renew,2
1722-XYVCH,2024-01-27,Yes,52,service issue,1
0025-ELJEU,2024-01-27,Yes,25,No comment,1
8448-UNUYJ,2024-01-27,Unknown,92,billing complaint,1
4589-RNCGH,2024-02-01,Yes,78,No comment,1
8838-SUGKE,2024-02-01,Yes,97,happy with service,1
1145-SLGXT,2024-02-01,No,80,app not working,1
2545-IASIE,2024-02-01,No,62,No comment,1
3460-XOCWG,2024-02-01,Yes,44,paymnt failed,1
6820-MCARY,2024-02-01,Yes,21,guidance to renew,1
4843-MHGQI,2024-02-01,Unknown,12,received refund,1
2541-ZYVVZ,2024-02-01,No,47,received refund,1
3648-PMSCO,2024-02-01,Yes,56,No comment,1
0389-VIHZT,2024-02-01,No,71,No comment,1
3460-OGCIA,2024-02-01,No,53,received refund,1
4642-NMCUF,2024-02-01,Unknown,24,received refund,1
2340-ISNVA,2024-02-01,No,94,No comment,1
2940-XVPVK,2024-02-01,Yes,76,demaned refund,1
7553-ZWDPU,2024-02-01,Yes,65,No comment,1
4199-LVXQN,2024-02-01,No,30,happy with service,2
1756-MAGXL,2024-02-02,Unknown,36,No comment,1
3682-MLGWL,2024-02-02,Yes,34,happy with service,1
7013-DALLZ,2024-02-02,No,68,app not working,1
5425-TJIMK,2024-02-02,No,58,No comment,1
0340-ZNDCX,2024-02-02,No,81,billing complaint,1
7859-APJTB,2024-02-02,No,31,billing complaint,2
2829-GVWCL,2024-02-02,No,29,billing complaint,1
0165-IUDFU,2024-02-02,No,58,demaned refund,1
9466-YGPCR,2024-02-02,Unknown,78,happy with service,1
4170-WHYFF,2024-02-02,No,23,guidance to renew,2
0169-FMZTB,2024-02-02,No,92,guidance to renew,1
3230-FPRCX,2024-02-02,No,39,happy with service,1
7140-PIBBS,2024-02-02,No,4,requested callback,1
9367-XOIBO,2024-02-02,Unknown,4,service issue,2
3596-VRIIW,2024-02-03,No,60,billing complaint,1
9801-PBIGU,2024-02-03,No,95,happy with service,1
7927-PCUSG,2024-02-03,No,3,guidance to renew,1
5600-FGXOE,2024-02-03,Yes,10,service issue,1
7274-TBJMF,2024-02-03,No,17,billing complaint,1
3622-QMUAX,2024-02-03,Yes,22,No comment,1
9635-IPGRK,2024-02-03,No,77,billing complaint,1
0783-KQOYB,2024-02-03,Yes,0,app not working,1
9509-HKROL,2024-02-03,No,98,service issue,2
9903-QMIEI,2024-02-03,No,86,happy with service,1
5779-HZHQJ,2024-02-03,Yes,43,No comment,1
2230-WSPAK,2024-02-03,Yes,1,demaned refund,1
5379-EJGQF,2024-02-03,Yes,51,received refund,2
0923-CAMTY,2024-02-03,No,79,received refund,1
6355-UZWMQ,2024-02-03,Yes,40,paymnt failed,1
4456-ULCDN,2024-02-03,Yes,83,No comment,1
7233-NWXND,2024-02-04,Yes,54,billing complaint,1
3132-KTXSQ,2024-02-04,Yes,79,No comment,1
9961-GJGVE,2024-02-04,Yes,70,No comment,1
9282-SQJSR,2024-02-04,No,84,demaned refund,1
1168-RLKIJ,2024-02-04,Unknown,77,guidance to renew,2
1871-MVBIR,2024-02-04,Yes,32,guidance to renew,1
0680-RMPOL,2024-02-04,Yes,62,No comment,1
7074-DAJXL,2024-02-04,No,17,happy with service,1
0126-TEZUB,2024-02-04,No,18,received refund,1
5599-HPVKE,2024-02-04,No,14,No comment,1
2485-OLLJN,2024-02-04,Yes,50,guidance to renew,1
7156-CXVUR,2024-02-04,No,3,guidance to renew,1
1509-XXPYQ,2024-02-04,Yes,55,app not working,1
1021-KJDWW,2024-02-04,No,36,guidance to renew,2
8292-XCPMC,2024-02-04,Yes,9,billing complaint,2
2528-BXGOS,2024-02-05,No,19,service issue,1
7840-XVKNK,2024-02-05,No,36,No comment,1
4488-JELXR,2024-02-05,No,19,happy with service,1
7203-JBYTJ,2024-02-05,Yes,88,No comment,1
3777-SGROE,2024-02-05,Yes,85,service issue,2
5589-WMMSI,2024-02-05,Unknown,0,app not working,1
7142-BVVAA,2024-02-05,Yes,81,paymnt failed,1
4649-DOLTU,2024-02-05,Unknown,2,received refund,2
7009-AHUTH,2024-02-05,No,42,app not working,1
6001-GDASE,2024-02-05,Yes,7,app not working,1
3424-HWLJJ,2024-02-05,Unknown,58,happy with service,1
6788-FGOSZ,2024-02-05,Yes,88,No comment,1
4256-WVTFC,2024-02-05,Unknown,44,billing complaint,2
9838-DLUZZ,2024-02-05,Yes,55,received refund,1
8592-ZUVWK,2024-02-05,Yes,59,billing complaint,1
0966-DOLSY,2024-02-05,Yes,7,guidance to renew,1
6763-NCOOB,2024-02-05,Yes,37,No comment,1
3113-RXLND,2024-02-05,Yes,21,No comment,1
9161-DRDGO,2024-02-05,No,87,No comment,2
9724-INQFE,2024-02-05,No,91,app not working,1
9251-NLXMC,2024-02-05,Yes,57,No comment,2
5763-QIYLC,2024-02-05,No,0,No comment,1
5008-HURQO,2024-02-05,No,67,demaned refund,1
2782-INAMC,2024-02-06,Yes,37,requested callback,1
3132-BVNEN,2024-02-06,Yes,4,requested callback,1
0373-ZVWSA,2024-02-06,No,38,paymnt failed,1
4895-XOICJ,2024-02-06,No,49,guidance to renew,1
4969-XSWRV,2024-02-06,Yes,22,demaned refund,1
8647-NYYXV,2024-02-06,No,61,requested callback,1
3588-AJEQX,2024-02-06,Yes,38,billing complaint,2
8353-PMLYT,2024-02-06,Yes,16,received refund,2
8908-XQWCY,2024-02-06,No,15,paymnt failed,1
8777-CQFZU,2024-02-06,No,48,No comment,3
2093-EYBTM,2024-02-06,No,43,guidance to renew,3
7958-QJQKJ,2024-02-06,No,4,guidance to renew,2
6868-BJLXV,2024-02-07,No,37,No comment,1
7211-KAOXW,2024-02-07,No,37,demaned refund,1
6251-BXOPQ,2024-02-07,Yes,74,demaned refund,1
5212-MMCAA,2024-02-07,Yes,87,No comment,1
9835-XCSLS,2024-02-07,Yes,34,received refund,1
8915-PVDSC,2024-02-07,No,60,service issue,1
9843-VCBAN,2024-02-07,No,54,No comment,1
0224-PFTUQ,2024-02-07,Yes,27,guidance to renew,1
1897-XEIXN,2024-02-07,No,40,No comment,1
7239-ZMSIM,2024-02-07,No,41,No comment,1
6805-ULVFN,2024-02-07,No,19,demaned refund,2
9838-REZCK,2024-02-07,No,55,happy with service,1
8445-ODVEN,2024-02-07,No,46,No comment,1
8310-HJIYW,2024-02-08,Unknown,63,received refund,1
3405-TCKEH,2024-02-08,No,73,billing complaint,1
3435-JBRPP,2024-02-08,Unknown,46,received refund,1
5994-RQSBF,2024-02-08,No,53,paymnt failed,1
4071-TMBSP,2024-02-08,Yes,72,guidance to renew,1
7400-FGWJX,2024-02-08,No,88,paymnt failed,1
0161-OFVBH,2024-02-08,Yes,2,service issue,1
9646-AXXAM,2024-02-08,Unknown,51,received refund,1
2836-TZDTB,2024-02-08,No,1,No comment,1
3577-QTAHD,2024-02-08,Yes,72,paymnt failed,1
3024-FYSBO,2024-02-08,No,81,No comment,1
1738-QAIHH,2024-02-08,No,52,No comment,1
2169-PIDUH,2024-02-08,Yes,52,demaned refund,1
7001-EEFBQ,2024-02-08,Yes,7,No comment,1
8773-OXMUV,2024-02-08,Yes,43,app not working,1
8420-IZLVS,2024-02-08,No,73,paymnt failed,1
6967-CMQZY,2024-02-09,No,0,service issue,1
6640-JXXHX,2024-02-09,No,47,service issue,1
7624-FUIXJ,2024-02-09,No,58,service issue,1
1669-SPIOC,2024-02-09,No,27,billing complaint,1
6929-UISJP,2024-02-09,Yes,72,guidance to renew,1
9234-HDKGJ,2024-02-09,No,88,demaned refund,1
1923-UTRMG,2024-02-09,Yes,37,paymnt failed,1
2729-GOQZK,2024-02-09,Yes,93,No comment,2
8757-XVGKB,2024-02-09,No,27,guidance to renew,1
5539-PVDSK,2024-02-09,No,83,requested callback,1
5079-GGJPL,2024-02-09,Yes,48,app not working,1
4249-IIOWU,2024-02-09,Yes,43,app not working,1
6593-QEEFF,2024-02-09,No,72,happy with service,2
7285-SGCKO,2024-02-09,No,99,demaned refund,1
7321-ZDPUU,2024-02-09,Yes,89,received refund,1
6941-WHIJC,2024-02-09,Yes,54,billing complaint,1
6822-UAFLV,2024-02-09,Yes,60,service issue,1
3162-BZCAM,2024-02-09,Yes,40,No comment,1
6796-RIOTC,2024-02-10,Yes,31,No comment,1
9107-CEWXB,2024-02-10,Yes,99,No comment,1
0659-JECUO,2024-02-10,Yes,92,No comment,2
4035-KXLFU,2024-02-10,Yes,17,No comment,1
6425-PAIFZ,2024-02-10,No,54,billing complaint,1
7579-FTCAD,2024-02-10,Yes,53,demaned refund,2
6650-CMYIN,2024-02-10,Yes,49,received refund,1
1231-ODFTK,2024-02-10,No,49,No comment,1
6029-QKQUW,2024-02-10,No,70,guidance to renew,1
7347-ZKAAP,2024-02-10,No,39,No comment,1
2344-UIQWS,2024-02-10,No,4,billing complaint,1
2669-SRZDL,2024-02-11,Yes,89,No comment,1
1640-FJYTJ,2024-02-11,No,34,No comment,1
2073-YLRCU,2024-02-11,Yes,75,guidance to renew,1
7303-CAWEJ,2024-02-11,Yes,53,happy with service,1
8247-PNLFS,2024-02-11,No,48,paymnt failed,1
4743-NVXRF,2024-02-11,No,90,happy with service,2
5760-IUPKH,2024-02-11,Yes,56,requested callback,2
0665-GROSH,2024-02-11,No,84,No comment,1
9061-LCIQZ,2024-02-11,Yes,68,app not working,1
3656-CYRRV,2024-02-11,No,38,paymnt failed,1
4990-AVPRP,2024-02-11,No,59,app not working,1
0266-IWUAN,2024-02-11,No,21,service issue,1
9594-AMGAX,2024-02-11,Yes,47,received refund,2
8904-MITHW,2024-02-12,Yes,44,No comment,1
1181-GTMDR,2024-02-12,No,86,No comment,1
9270-NSWTB,2024-02-12,No,59,No comment,1
7963-QQMPQ,2024-02-12,No,43,billing complaint,1
3787-UXIVQ,2024-02-12,Yes,8,No comment,1
6941-BRBND,2024-02-12,Yes,4,happy with service,1
7828-VPRBR,2024-02-12,Yes,72,paymnt failed,1
8785-NKGVI,2024-02-12,Yes,26,demaned refund,1
9071-PUTWP,2024-02-12,Yes,97,No comment,1
6138-NXERB,2024-02-12,No,88,requested callback,2
5766-UAXVV,2024-02-12,No,76,service issue,2
6060-OILVE,2024-02-12,Yes,17,No comment,1
3777-RYEDR,2024-02-12,No,71,guidance to renew,1
7210-WBEDQ,2024-02-13,Yes,43,billing complaint,1
6510-LRGYL,2024-02-13,No,86,service issue,1
0067-WWLHP,2024-02-13,Yes,90,paymnt failed,2
4338-JXFON,2024-02-13,Yes,66,demaned refund,1
7009-MFCYA,2024-02-13,Yes,84,billing complaint,1
0109-TWXSA,2024-02-13,Yes,60,paymnt failed,1
8434-PYRGU,2024-02-13,Yes,3,billing complaint,1
4867-YSQTJ,2024-02-14,Yes,76,happy with service,2
9278-XJYYR,2024-02-14,Yes,98,app not working,1
2651-YOMEM,2024-02-14,No,24,app not working,1
2947-RINTE,2024-02-14,Yes,71,paymnt failed,1
8155-GBIGH,2024-02-14,Yes,10,billing complaint,2
9925-LACGX,2024-02-14,Unknown,88,No comment,2
3393-AEQDG,2024-02-14,No,59,guidance to renew,1
7155-QMPUI,2024-02-14,Yes,22,service issue,2
5350-CFXSJ,2024-02-14,Yes,24,guidance to renew,1
2411-UXGQH,2024-02-14,Yes,99,paymnt failed,1
9977-ISRAP,2024-02-14,Unknown,82,guidance to renew,1
0463-YJFSS,2024-02-15,Yes,35,demaned refund,1
7277-PELLB,2024-02-15,Yes,65,app not working,1
6798-ELCRJ,2024-02-15,Yes,53,requested callback,1
4928-QCJCX,2024-02-15,No,86,No comment,1
4304-VCOXQ,2024-02-15,Yes,21,No comment,1
9098-XZZRX,2024-02-15,No,76,requested callback,1
2728-GSEWW,2024-02-15,Yes,1,demaned refund,1
8365-PIGBK,2024-02-15,Unknown,83,guidance to renew,1
1587-GMZLT,2024-02-15,Unknown,78,happy with service,1
4588-XHVQM,2024-02-15,No,70,app not working,1
6662-LNXKK,2024-02-15,Unknown,74,billing complaint,1
1977-RSQZU,2024-02-15,Unknown,98,guidance to renew,2
7308-SOKWF,2024-02-15,Unknown,52,No comment,2
9211-KSPXH,2024-02-15,Unknown,6,No comment,1
5924-PWOUS,2024-02-15,No,11,requested callback,1
9771-CVWDP,2024-02-15,No,73,paymnt failed,2
8882-PKRLR,2024-02-16,Yes,84,billing complaint,1
9901-BQOSY,2024-02-16,No,27,service issue,1
5925-YRHLL,2024-02-16,Unknown,54,guidance to renew,1
3175-CIWGN,2024-02-16,No,75,requested callback,1
9624-QAMHA,2024-02-16,No,55,No comment,2
0593-CBPTI,2024-02-16,Unknown,82,app not working,1
6154-AWVFD,2024-02-16,No,81,No comment,2
4792-VJZWL,2024-02-16,Yes,48,No comment,1
3428-XWTVE,2024-02-16,No,34,guidance to renew,2
8340-SKZVA,2024-02-16,Yes,11,No comment,1
5605-DEXUC,2024-02-16,No,43,No comment,1
7562-SXCSK,2024-02-16,Yes,66,received refund,1
6390-TAROD,2024-02-16,No,3,paymnt failed,3
5207-LMBOV,2024-02-16,Yes,0,No comment,2
8379-KQERB,2024-02-17,Yes,19,app not working,1
4386-JOPOT,2024-02-17,Yes,73,received refund,2
0906-FQOHA,2024-02-17,Yes,90,demaned refund,1
4163-NPZHS,2024-02-17,No,91,guidance to renew,1
5421-VQPRT,2024-02-17,No,60,received refund,1
8265-UJAIM,2024-02-17,No,3,No comment,1
4917-ZKTJY,2024-02-17,No,82,No comment,1
8558-JTEPO,2024-02-17,Yes,95,service issue,1
5049-QUUID,2024-02-17,No,83,demaned refund,2
6124-PEQVF,2024-02-17,No,89,paymnt failed,1
4669-HNRZF,2024-02-17,Yes,87,app not working,1
4367-OWOEE,2024-02-17,Yes,67,demaned refund,1
1319-XGFSU,2024-02-17,No,5,No comment,1
4871-FRDJI,2024-02-18,Yes,20,billing complaint,1
1043-IDCIH,2024-02-18,Yes,8,requested callback,2
4350-LDZRB,2024-02-18,No,36,No comment,1
9288-USWMB,2024-02-18,Yes,97,demaned refund,1
3364-UVERY,2024-02-18,No,21,No comment,1
0253-ZHGBF,2024-02-18,Yes,49,received refund,1
4701-APGGJ,2024-02-18,Yes,93,paymnt failed,1
7391-DTAMY,2024-02-18,Yes,27,demaned refund,1
3715-SSTEJ,2024-02-18,No,59,billing complaint,2
6111-HFLVC,2024-02-18,Yes,6,service issue,1
9718-GOBGY,2024-02-19,Unknown,37,received refund,1
6099-JIWEY,2024-02-19,Yes,52,billing complaint,1
0672-VILPU,2024-02-19,No,91,received refund,1
8400-WESHH,2024-02-19,Yes,30,service issue,1
7623-LHBQE,2024-02-19,Yes,24,service issue,1
0800-LCASI,2024-02-19,No,31,paymnt failed,1
5741-BPDXQ,2024-02-19,No,37,demaned refund,1
0211-CLWZV,2024-02-19,Yes,99,billing complaint,1
9191-WCSSZ,2024-02-19,No,12,service issue,1
3638-PBHIN,2024-02-19,Yes,58,billing complaint,1
6124-NPUDA,2024-02-19,Yes,86,received refund,1
5957-PFTSU,2024-02-19,Unknown,55,demaned refund,1
9536-MKFKH,2024-02-19,No,6,paymnt failed,2
6264-MAGYV,2024-02-19,No,11,requested callback,3
5667-UNKCF,2024-02-19,No,71,No comment,1
7980-ZSMIA,2024-02-19,Yes,65,received refund,1
8406-UHCBP,2024-02-19,Yes,74,service issue,2
6221-ITQVU,2024-02-19,Yes,1,happy with service,1
6557-QQTIW,2024-02-19,No,91,service issue,2
6281-CVLXY,2024-02-20,Yes,47,happy with service,1
5082-BFWXV,2024-02-20,No,90,billing complaint,1
2937-SJTQH,2024-02-20,No,58,happy with service,2
3614-QPAYN,2024-02-20,No,4,requested callback,1
2929-AKJFB,2024-02-20,Yes,77,No comment,2
0064-YVCBJ,2024-02-20,No,8,app not working,1
1328-YQBGL,2024-02-20,No,93,No comment,1
3881-KZDIR,2024-02-20,Yes,85,service issue,1
4280-YKYWW,2024-02-20,Yes,3,requested callback,1
1194-YKSFD,2024-02-20,No,87,received refund,1
2348-ATLZD,2024-02-20,Yes,76,app not working,2
3332-CILLL,2024-02-20,Yes,25,paymnt failed,1
6586-UWFYC,2024-02-20,No,58,demaned refund,2
7498-TQBAS,2024-02-20,Yes,83,service issue,1
9030-OWIOQ,2024-02-20,No,24,received refund,1
8944-YVAEJ,2024-02-20,Yes,76,No comment,2
3606-BUOYZ,2024-02-20,Yes,49,guidance to renew,1
6538-XWBFY,2024-02-20,Yes,62,No comment,2
5258-KWATT,2024-02-20,No,24,guidance to renew,2
4467-LNHEF,2024-02-20,No,44,paymnt failed,2
0788-ZRVKJ,2024-02-20,Yes,80,paymnt failed,2
3653-YDPJP,2024-02-21,Yes,34,guidance to renew,1
2583-IKWUC,2024-02-21,Yes,92,service issue,1
8055-BCSJP,2024-02-21,No,95,happy with service,1
7564-RPZYA,2024-02-21,Unknown,17,received refund,1
2267-XQYSG,2024-02-21,Yes,99,requested callback,1
7342-QGCBN,2024-02-21,No,53,No comment,1
8372-EGFDZ,2024-02-21,Unknown,11,demaned refund,1
7949-PLHOQ,2024-02-21,No,64,No comment,1
5012-KHCPL,2024-02-21,Yes,67,guidance to renew,1
3158-NRUMA,2024-02-21,Yes,96,app not working,1
1569-UYYRI,2024-02-21,Yes,20,No comment,1
6618-BILIM,2024-02-21,No,80,demaned refund,2
5220-IENZU,2024-02-21,Yes,43,guidance to renew,1
7135-CTDHI,2024-02-21,Yes,86,guidance to renew,1
8248-PTGOX,2024-02-21,No,33,guidance to renew,2
2522-YIFTN,2024-02-21,No,57,No comment,2
9761-QBBQM,2024-02-21,Yes,1,No comment,1
5705-ZALYM,2024-02-21,Yes,49,received refund,1
7786-AFZWK,2024-02-22,No,47,requested callback,1
2017-WFUYF,2024-02-22,No,9,No comment,1
9138-WAZET,2024-02-22,No,67,No comment,1
8652-PKAID,2024-02-22,No,37,demaned refund,1
2567-WGNKB,2024-02-22,No,56,service issue,1
9990-NPGPG,2024-02-22,Yes,49,app not working,1
8792-PLBGC,2024-02-22,Yes,9,No comment,1
7197-JUPJJ,2024-02-22,No,41,guidance to renew,1
0226-JRYCT,2024-02-22,No,23,happy with service,1
4054-BODUR,2024-02-22,Yes,16,No comment,1
7332-LHSHG,2024-02-22,Yes,25,paymnt failed,1
9220-FFBUH,2024-02-22,Unknown,34,app not working,1
5641-ZIUZK,2024-02-22,Unknown,91,paymnt failed,1
0986-XQYMM,2024-02-22,No,88,No comment,1
7919-YKNXJ,2024-02-22,Yes,86,demaned refund,1
0981-UHZKJ,2024-02-22,No,62,guidance to renew,1
4233-IEDFZ,2024-02-22,No,59,paymnt failed,1
0994-FKNUM,2024-02-22,Unknown,55,app not working,1
1973-NRIIZ,2024-02-22,Yes,65,paymnt failed,1
0101-RFCAI,2024-02-22,No,49,app not working,2
3604-INADO,2024-02-22,No,66,paymnt failed,1
0835-PLYEI,2024-02-23,Yes,46,paymnt failed,1
6461-BUEPI,2024-02-23,No,52,app not working,2
3431-HZMCB,2024-02-23,Yes,36,No comment,1
4870-BQMNI,2024-02-23,No,60,billing complaint,1
2711-BYZVY,2024-02-23,No,67,No comment,1
0795-UVKPW,2024-02-23,No,38,No comment,1
0049-HQNOF,2024-02-23,No,53,billing complaint,1
7605-SUVBT,2024-02-23,Unknown,78,guidance to renew,2
5930-KJFIY,2024-02-23,Yes,81,paymnt failed,1
5744-KDWOR,2024-02-23,Yes,42,demaned refund,1
5177-ZALMF,2024-02-23,Unknown,64,billing complaint,1
6604-ZKVPY,2024-02-23,No,33,demaned refund,1
3241-KNRCE,2024-02-23,Yes,98,paymnt failed,1
4440-VRTLF,2024-02-24,Unknown,0,billing complaint,1
8657-QFRDX,2024-02-24,Yes,99,paymnt failed,1
7282-OXEIR,2024-02-24,Yes,85,requested callback,2
3886-DJORN,2024-02-24,No,67,billing complaint,1
1751-REFCH,2024-02-24,Yes,73,No comment,1
7371-HNFPQ,2024-02-24,Unknown,11,guidance to renew,1
8546-QOTYV,2024-02-24,Yes,59,requested callback,1
3883-BECUS,2024-02-24,Unknown,48,guidance to renew,1
7048-XEEAB,2024-02-24,No,34,service issue,1
9327-EXVNY,2024-02-24,Yes,83,happy with service,1
0647-QKADG,2024-02-24,No,66,billing complaint,2
0144-KPYFL,2024-02-24,No,44,billing complaint,2
6378-WUZDJ,2024-02-25,Yes,12,billing complaint,1
8089-MIGED,2024-02-25,No,90,service issue,1
4058-GPQSE,2024-02-25,Unknown,66,received refund,1
6504-ZXCRJ,2024-02-25,No,0,happy with service,1
8841-YXUVR,2024-02-25,Yes,26,billing complaint,1
9712-ELRRT,2024-02-25,No,4,service issue,1
2952-HWNDN,2024-02-25,Yes,5,billing complaint,1
7591-CJJNJ,2024-02-25,No,3,No comment,1
8089-ORZEB,2024-02-25,No,95,service issue,2
0478-SMXFA,2024-02-25,Yes,8,No comment,2
9523-SKBUK,2024-02-25,No,40,guidance to renew,1
1379-FLFZU,2024-02-25,Yes,49,No comment,1
1267-WZSHZ,2024-02-25,Yes,60,billing complaint,1
4266-OBMOT,2024-02-26,No,94,requested callback,1
9912-CZBLG,2024-02-26,No,66,service issue,1
2329-KIHUF,2024-02-26,Unknown,23,paymnt failed,1
1540-OCBMI,2024-02-26,No,43,billing complaint,1
2083-AVWRI,2024-02-26,No,76,received refund,1
2367-QUFMA,2024-02-26,No,77,service issue,1
2429-VRCXW,2024-02-26,No,56,No comment,2
1914-GOTIT,2024-02-26,No,37,service issue,1
0219-BMOEY,2024-02-26,Yes,88,requested callback,1
1890-UJZCX,2024-02-26,Yes,55,received refund,1
1752-PYMEE,2024-02-26,Yes,76,No comment,1
8928-NZSTO,2024-02-26,Unknown,74,No comment,1
4745-GZHUJ,2024-02-26,Yes,81,happy with service,1
3157-OYFWU,2024-02-26,Yes,73,No comment,1
7486-PPFQM,2024-02-26,No,87,No comment,1
4224-OCWUC,2024-02-26,No,27,service issue,1
1964-GBMST,2024-02-26,Yes,4,No comment,1
4150-FOAJI,2024-02-26,No,51,billing complaint,1
6880-KFSZH,2024-02-26,Yes,27,paymnt failed,2
5603-PKGVA,2024-02-26,No,20,app not working,1
4773-KYKLE,2024-02-27,Yes,94,demaned refund,1
9476-VOLMS,2024-02-27,No,13,paymnt failed,1
1751-BVCMB,2024-02-27,No,21,received refund,1
7702-GCLDZ,2024-02-27,No,42,happy with service,1
9775-IEVYT,2024-02-27,Yes,15,No comment,1
4684-KNEGR,2024-02-27,Yes,90,requested callback,1
9861-PUELQ,2024-02-27,Yes,12,No comment,2
2949-YLBWU,2024-02-27,Yes,91,demaned refund,1
3394-LKCAM,2024-02-27,No,16,received refund,2
7177-IAOPL,2024-02-27,Yes,2,No comment,1
3666-AVWOJ,2024-02-27,No,31,app not working,1
8735-JFRMZ,2024-02-27,Yes,41,No comment,1
8409-PTXEW,2024-02-27,Unknown,30,No comment,1
5263-KQXYK,2024-03-01,Yes,4,happy with service,1
1243-BDJAW,2024-03-01,Yes,15,billing complaint,1
9610-INYST,2024-03-01,Yes,13,No comment,1
6956-ACUWR,2024-03-01,Yes,57,happy with service,1
7390-RKCFX,2024-03-01,No,27,requested callback,1
5030-HTVDU,2024-03-01,Unknown,91,requested callback,1
8610-RSDNJ,2024-03-01,No,29,demaned refund,1
3516-QGETJ,2024-03-01,Yes,73,service issue,1
5808-DCYNG,2024-03-01,No,56,guidance to renew,2
5481-QDPWX,2024-03-01,No,87,happy with service,2
7429-KKGBL,2024-03-02,No,23,demaned refund,1
7046-FJERF,2024-03-02,Yes,22,billing complaint,1
4096-FPQUU,2024-03-02,Yes,69,paymnt failed,2
1740-YADLL,2024-03-02,Yes,47,happy with service,1
8532-FLIGF,2024-03-02,Yes,98,No comment,1
9940-UXCKR,2024-03-02,No,77,No comment,2
2077-VVQPU,2024-03-02,No,27,demaned refund,1
8549-QSTMT,2024-03-02,No,25,happy with service,1
6047-KLRKP,2024-03-02,Yes,22,No comment,2
8609-TACBZ,2024-03-02,Yes,43,service issue,2
4184-BUCHU,2024-03-02,No,82,happy with service,1
0802-BOLAP,2024-03-02,Yes,49,demaned refund,1
4687-LMTTK,2024-03-02,Unknown,41,happy with service,1
5278-RYVTJ,2024-03-02,No,31,billing complaint,2
9010-VXQJC,2024-03-02,No,77,No comment,1
4640-IRBCL,2024-03-02,Yes,19,No comment,1
9592-WWOSK,2024-03-03,No,66,guidance to renew,1
8398-VPEHN,2024-03-03,Unknown,49,demaned refund,2
7995-VYMCJ,2024-03-03,No,11,app not working,1
2150-WPZQG,2024-03-03,Unknown,87,No comment,2
1211-LEJDJ,2024-03-03,No,2,guidance to renew,1
9164-YKFJL,2024-03-03,Yes,25,No comment,1
6446-EARMS,2024-03-03,Yes,53,requested callback,1
8354-LMYJJ,2024-03-03,No,19,requested callback,1
5669-SHMZZ,2024-03-03,Yes,4,demaned refund,2
3195-AKKHP,2024-03-03,Yes,50,demaned refund,1
9789-DQAEN,2024-03-03,Unknown,27,paymnt failed,1
0782-BVCLW,2024-03-03,No,48,requested callback,2
2519-JVLVS,2024-03-03,Yes,85,No comment,1
3421-GLILK,2024-03-03,No,94,happy with service,1
9054-JYHNX,2024-03-03,Yes,62,happy with service,1
1777-FIGML,2024-03-03,No,6,demaned refund,1
1135-FCLAL,2024-03-03,Yes,94,No comment,1
8999-AUEHX,2024-03-04,No,1,happy with service,1
8889-PLEJS,2024-03-04,Yes,73,app not working,1
2762-AXEOI,2024-03-04,Yes,49,received refund,1
3291-QMGZR,2024-03-04,Yes,59,paymnt failed,1
6411-DZGOW,2024-03-04,No,28,demaned refund,1
9099-AJKVT,2024-03-04,Yes,52,No comment,1
9103-ITXWU,2024-03-04,Yes,44,No comment,1
8399-HXJHH,2024-03-04,Yes,46,requested callback,1
3682-XGABU,2024-03-04,No,24,guidance to renew,1
9925-ITWFD,2024-03-04,No,24,No comment,1
9310-ZLIRQ,2024-03-04,No,50,paymnt failed,2
0646-KIDMZ,2024-03-04,Yes,48,guidance to renew,1
0720-YPYSZ,2024-03-04,Unknown,58,received refund,2
8548-SNQFJ,2024-03-04,Yes,80,demaned refund,1
3022-SHGQB,2024-03-04,Yes,73,received refund,1
2851-MONDH,2024-03-04,Yes,91,service issue,2
7534-RMOPU,2024-03-04,Yes,95,No comment,1
7504-UDYUP,2024-03-05,No,49,service issue,1
9321-DPDCZ,2024-03-05,Yes,31,No comment,1
5913-AVAHK,2024-03-05,No,4,demaned refund,1
2044-PPPEM,2024-03-05,Yes,8,No comment,1
0523-TUMKY,2024-03-05,No,24,paymnt failed,1
8376-CSUDP,2024-03-05,Yes,57,received refund,1
8904-FFPJS,2024-03-05,Unknown,40,requested callback,1
2070-OJZLX,2024-03-05,Yes,80,guidance to renew,1
7589-AECFE,2024-03-05,Yes,69,paymnt failed,1
4327-PLUSH,2024-03-05,Yes,4,demaned refund,1
7565-QQIIC,2024-03-05,No,29,service issue,1
6015-YRYET,2024-03-05,No,78,app not working,1
1667-ZEJNS,2024-03-05,No,66,received refund,2
8985-BMYBI,2024-03-05,No,55,requested callback,1
4862-FMOCQ,2024-03-05,Yes,28,billing complaint,2
6506-BQFGR,2024-03-05,No,71,No comment,2
1517-EZHAB,2024-03-05,No,23,No comment,1
0026-VSTFQ,2024-03-05,Yes,54,app not working,2
8138-DRPFS,2024-03-06,Yes,77,happy with service,1
8760-RBQCV,2024-03-06,No,78,received refund,1
1371-ZQMAK,2024-03-06,Yes,84,demaned refund,1
0597-SRRKK,2024-03-06,Yes,14,service issue,1
7822-NXLMD,2024-03-06,Unknown,55,paymnt failed,1
7391-BZBXD,2024-03-06,No,63,happy with service,1
2899-HPUCR,2024-03-06,No,84,No comment,1
4973-BSCNM,2024-03-06,No,17,demaned refund,1
3160-HOSYF,2024-03-06,Unknown,79,No comment,1
2717-VPFQJ,2024-03-06,Unknown,87,app not working,1
2544-FHHAH,2024-03-06,Yes,40,No comment,2
2851-EYZIC,2024-03-06,No,20,received refund,1
3663-LCGUE,2024-03-07,Unknown,79,demaned refund,1
5768-SZYHS,2024-03-07,Yes,49,No comment,1
6426-UKSZK,2024-03-07,Unknown,32,demaned refund,1
5127-TAFRZ,2024-03-07,No,49,paymnt failed,1
0880-CJXIN,2024-03-07,No,75,requested callback,1
3227-QBWKQ,2024-03-07,Yes,89,No comment,2
3848-ERVAD,2024-03-07,No,2,demaned refund,1
2966-UNLFO,2024-03-07,No,33,happy with service,1
7742-BMLBD,2024-03-07,Yes,39,service issue,2
8865-HPTHE,2024-03-08,No,16,service issue,1
0751-PRUPO,2024-03-08,No,17,guidance to renew,1
4411-RNNLI,2024-03-08,Yes,2,No comment,1
2060-UBHTR,2024-03-08,Yes,62,app not working,1
4600-FKTZO,2024-03-08,Unknown,3,billing complaint,1
6581-REKDG,2024-03-08,No,86,No comment,1
0052-FMWNS,2024-03-08,Yes,82,guidance to renew,2
9584-OXXNT,2024-03-08,No,18,app not working,1
7761-KDUHU,2024-03-08,No,71,happy with service,1
5560-IHJNV,2024-03-08,No,50,No comment,1
8577-EFTAC,2024-03-08,No,81,No comment,1
8101-PRLWU,2024-03-08,No,63,service issue,1
2582-ODSWU,2024-03-08,Yes,72,paymnt failed,2
8857-JRJNH,2024-03-08,Yes,78,happy with service,1
9806-HEBIY,2024-03-08,Yes,93,billing complaint,1
2194-ILUPG,2024-03-08,Yes,27,requested callback,2
1407-YBVYQ,2024-03-08,Yes,11,demaned refund,1
1319-NGRJR,2024-03-08,No,43,No comment,1
7019-EABGT,2024-03-09,No,32,demaned refund,1
1948-AQACI,2024-03-09,Unknown,16,guidance to renew,1
3461-BDVVR,2024-03-09,No,6,demaned refund,1
6949-QYDJB,2024-03-09,No,60,demaned refund,1
1618-BISKX,2024-03-09,Yes,22,guidance to renew,1
8649-TORRK,2024-03-09,Yes,43,app not working,1
1474-KZEQZ,2024-03-09,Yes,34,demaned refund,1
2397-JUSPB,2024-03-09,Yes,96,guidance to renew,1
3495-WMEAG,2024-03-09,No,5,guidance to renew,1
5540-TGYIQ,2024-03-09,No,44,app not working,1
0088-DBUNW,2024-03-09,Yes,20,billing complaint,1
6259-OCMHE,2024-03-09,Yes,11,service issue,2
7364-FXEDB,2024-03-09,No,63,paymnt failed,1
4333-ZDHVE,2024-03-09,Unknown,32,guidance to renew,1
1529-SHNQU,2024-03-09,No,69,No comment,2
9477-GGCIA,2024-03-10,No,24,requested callback,1
0840-XTYFY,2024-03-10,Yes,77,app not working,1
9683-VXZIT,2024-03-10,Unknown,29,requested callback,1
5360-XNTNW,2024-03-10,No,1,received refund,1
0722-BYLRX,2024-03-10,No,57,guidance to renew,2
4169-WISUR,2024-03-10,Unknown,69,paymnt failed,1
2746-TDUYL,2024-03-10,No,80,demaned refund,1
4223-QLYUL,2024-03-10,No,12,requested callback,1
4323-PMMWP,2024-03-10,Yes,56,billing complaint,1
2345-FHSMR,2024-03-10,No,27,demaned refund,1
2006-JHNCO,2024-03-10,No,51,demaned refund,2
6868-DKTSC,2024-03-10,No,21,service issue,1
3083-ONNVY,2024-03-10,Yes,94,paymnt failed,2
8149-YAXZX,2024-03-10,Yes,34,service issue,1
1627-FNPAT,2024-03-11,No,86,received refund,1
6084-OILLO,2024-03-11,Yes,80,billing complaint,1
2708-FTIKF,2024-03-11,Unknown,20,requested callback,1
7730-IIOGV,2024-03-11,Unknown,26,requested callback,1
7689-DJBKZ,2024-03-11,Yes,58,No comment,1
7566-XVZOJ,2024-03-11,Yes,32,billing complaint,1
4219-WWTKV,2024-03-11,No,12,No comment,1
8777-PASIT,2024-03-11,No,83,guidance to renew,1
6033-LONFK,2024-03-11,Yes,17,received refund,1
1889-EPSNP,2024-03-11,No,34,paymnt failed,2
1269-CWVAY,2024-03-11,Yes,66,paymnt failed,1
2845-RLKTP,2024-03-11,No,44,demaned refund,1
7088-ZOEAE,2024-03-11,Yes,25,happy with service,1
0240-GWQSI,2024-03-12,No,61,service issue,1
4071-SXTZL,2024-03-12,No,43,received refund,1
7318-DXRKE,2024-03-12,Yes,11,received refund,1
7854-YBYYH,2024-03-12,Yes,23,guidance to renew,1
9152-OTNKU,2024-03-12,Yes,78,requested callback,1
0320-BXUCS,2024-03-12,Yes,96,No comment,2
3065-XOMHD,2024-03-12,No,49,guidance to renew,1
7129-CABNB,2024-03-12,No,23,billing complaint,1
1976-FKALN,2024-03-12,Yes,66,service issue,1
7528-YEZFK,2024-03-12,No,13,paymnt failed,1
9267-WSXQJ,2024-03-12,No,29,No comment,1
8279-KZHTK,2024-03-12,Unknown,94,billing complaint,1
3448-ZWDQT,2024-03-12,No,8,No comment,2
0057-NUTBA,2024-03-12,No,88,service issue,2
0488-WUZOA,2024-03-12,Yes,1,billing complaint,1
0197-MGJHR,2024-03-12,No,97,happy with service,1
3331-UVJYS,2024-03-12,No,68,No comment,1
8256-FXMSH,2024-03-12,Unknown,33,received refund,1
9058-JYXKM,2024-03-12,Yes,24,No comment,1
0885-LGDQT,2024-03-12,Yes,74,service issue,1
4901-BBCMH,2024-03-12,No,5,billing complaint,1
0196-VFRUZ,2024-03-12,No,23,No comment,1
8941-OEDNW,2024-03-12,Yes,84,app not working,1
4479-HZQYW,2024-03-12,No,25,guidance to renew,1
4946-MSYMH,2024-03-13,Yes,6,happy with service,1
3476-XZEYP,2024-03-13,Yes,10,service issue,1
2917-NTOSV,2024-03-13,No,60,No comment,1
2619-NFLHT,2024-03-13,No,12,demaned refund,2
4462-EMALD,2024-03-13,No,67,guidance to renew,1
2582-XVDAZ,2024-03-13,No,59,demaned refund,1
8204-VMCZR,2024-03-13,No,13,requested callback,1
0701-EPLYG,2024-03-13,Yes,87,No comment,2
4561-KURGY,2024-03-13,No,82,No comment,1
6784-YCVKB,2024-03-13,No,10,service issue,2
8916-PICVM,2024-03-13,No,49,paymnt failed,2
3709-DGQSH,2024-03-14,Yes,75,demaned refund,1
9320-BGXVK,2024-03-14,Yes,85,No comment,1
1770-BFBYR,2024-03-14,No,35,received refund,1
6600-OOFHQ,2024-03-14,Yes,79,received refund,2
5680-CHVEK,2024-03-14,Yes,75,guidance to renew,1
3405-EJWZS,2024-03-14,No,19,demaned refund,2
7580-BPWTJ,2024-03-14,No,52,requested callback,1
3665-BDANN,2024-03-14,Yes,62,received refund,1
9070-SMNSK,2024-03-14,No,84,paymnt failed,1
8872-HIWSX,2024-03-14,Yes,5,paymnt failed,1
8482-YDRBA,2024-03-14,Yes,60,app not working,2
1307-BNGPI,2024-03-14,No,47,happy with service,2
0912-NFKPE,2024-03-14,Yes,37,happy with service,2
3668-CJWXW,2024-03-14,No,41,received refund,1
8217-TTCNM,2024-03-14,No,51,received refund,1
5990-AZXVD,2024-03-15,No,46,No comment,1
9612-NVETU,2024-03-15,Yes,56,happy with service,1
1835-AITWX,2024-03-15,Yes,96,service issue,1
0753-AJIEV,2024-03-15,Yes,57,service issue,1
6973-SAPQJ,2024-03-15,Yes,96,service issue,1
8191-BCDFF,2024-03-15,Yes,51,app not working,2
6254-UTQPG,2024-03-15,Yes,16,No comment,1
0453-BSYSG,2024-03-16,Yes,65,paymnt failed,1
4565-FCQBU,2024-03-16,Yes,86,service issue,1
2401-UGMAJ,2024-03-16,Yes,59,No comment,1
3093-RKRYK,2024-03-16,No,39,happy with service,2
7810-XJFBX,2024-03-16,No,81,requested callback,2
7267-KDKKF,2024-03-16,No,92,No comment,2
4801-NYGKP,2024-03-16,No,68,demaned refund,1
9475-CFWJY,2024-03-16,No,93,service issue,1
9590-OYLCM,2024-03-16,No,63,paymnt failed,1
5155-ZWQBG,2024-03-16,No,7,No comment,2
3473-UZBNU,2024-03-16,No,76,demaned refund,1
1709-ZLIRD,2024-03-16,No,65,app not working,1
4692-KXPDY,2024-03-16,No,11,happy with service,2
9130-PXUFS,2024-03-17,No,6,happy with service,1
6999-ZZNSP,2024-03-17,No,11,service issue,1
0081-GLGZW,2024-03-17,Unknown,37,app not working,1
4403-BJJUT,2024-03-17,No,21,requested callback,1
7776-YUMJF,2024-03-17,Yes,8,No comment,1
5659-ZIPRB,2024-03-17,Yes,78,service issue,1
0112-GLKOL,2024-03-17,Yes,82,service issue,1
8249-XPLRM,2024-03-17,Yes,84,received refund,1
2080-EDSQR,2024-03-17,Yes,80,No comment,1
6959-VQWZA,2024-03-17,Yes,44,demaned refund,1
3829-MXBTL,2024-03-17,No,81,requested callback,1
2445-ZKFBO,2024-03-17,Yes,42,demaned refund,1
7037-CFYTZ,2024-03-17,Yes,12,No comment,1
9033-JCCCO,2024-03-18,No,3,happy with service,2
1284-LKQAT,2024-03-18,No,49,No comment,1
7805-FPFBN,2024-03-18,No,10,service issue,1
5355-TEVHM,2024-03-18,Yes,47,paymnt failed,1
2912-QDZZJ,2024-03-18,Unknown,43,No comment,1
8650-DZZQW,2024-03-18,Yes,49,received refund,1
5121-IASME,2024-03-18,Yes,81,requested callback,2
1095-POCHW,2024-03-18,No,6,guidance to renew,1
1935-JZCRJ,2024-03-18,Unknown,40,No comment,1
6790-KJWCN,2024-03-18,Yes,84,demaned refund,1
3249-ATKKK,2024-03-18,No,93,happy with service,1
6932-ICLUU,2024-03-18,Yes,88,demaned refund,1
7175-SYJSE,2024-03-18,Yes,98,demaned refund,1
2587-ICKLZ,2024-03-18,Unknown,18,guidance to renew,1
2922-CRBLO,2024-03-18,Unknown,57,happy with service,1
9818-JOYTP,2024-03-18,No,87,guidance to renew,1
8072-UMNXX,2024-03-18,Yes,13,No comment,2
5565-EADTZ,2024-03-18,Yes,88,No comment,1
2859-KEJKB,2024-03-18,Unknown,23,received refund,2
8356-IQPPL,2024-03-19,No,86,happy with service,1
8306-MTVLD,2024-03-19,Unknown,29,paymnt failed,1
2804-UQJYG,2024-03-19,No,30,demaned refund,1
8581-BNZOY,2024-03-19,Yes,78,billing complaint,1
0113-LILJO,2024-03-19,Yes,49,requested callback,1
9985-CMCXF,2024-03-19,Yes,76,service issue,1
6062-JLVKH,2024-03-19,No,14,app not working,1
0100-BSULN,2024-03-19,Yes,51,demaned refund,1
1927-TTXDQ,2024-03-19,No,92,guidance to renew,1
4974-NAPCE,2024-03-19,No,80,No comment,1
5448-CLBXQ,2024-03-19,No,53,demaned refund,2
5006-HFTDU,2024-03-19,Yes,33,No comment,2
8335-PEKZJ,2024-03-19,Yes,28,No comment,1
8667-FXPZU,2024-03-20,No,60,billing complaint,1
5200-OVAVS,2024-03-20,No,32,received refund,1
0485-NUJHW,2024-03-20,Yes,82,guidance to renew,1
4246-KCTIM,2024-03-20,Yes,1,requested callback,1
5369-REOGB,2024-03-20,Yes,79,requested callback,1
7422-NMIBR,2024-03-20,No,11,guidance to renew,2
1604-GLBUJ,2024-03-20,Yes,82,No comment,1
0720-HCCHS,2024-03-20,No,79,requested callback,1
3971-MSAJM,2024-03-20,Yes,40,app not working,2
6645-EERXW,2024-03-20,No,66,guidance to renew,2
0843-SOJQM,2024-03-21,No,82,No comment,1
2463-KGATG,2024-03-21,Unknown,55,happy with service,1
4417-BBKWQ,2024-03-21,Yes,12,paymnt failed,1
0434-EQUYL,2024-03-21,Yes,4,service issue,1
0499-VTSQH,2024-03-21,Yes,14,service issue,1
2106-KBLCP,2024-03-21,Yes,82,paymnt failed,1
1171-EXHWX,2024-03-21,Unknown,83,received refund,1
9371-JITHH,2024-03-21,Yes,49,billing complaint,1
9126-GFSIC,2024-03-21,Yes,34,guidance to renew,1
3375-XAJHF,2024-03-21,No,29,demaned refund,1
1288-CSGTW,2024-03-21,No,89,No comment,1
0550-GXUPN,2024-03-21,Yes,22,guidance to renew,1
5882-QDMIW,2024-03-21,Yes,68,No comment,1
2206-BEVFL,2024-03-21,No,43,paymnt failed,2
9707-QRRSE,2024-03-21,No,23,received refund,1
8607-ZDRBK,2024-03-21,Yes,79,happy with service,1
4843-BMFTU,2024-03-21,No,92,demaned refund,1
0853-ORULM,2024-03-21,No,36,happy with service,1
4625-FDBJJ,2024-03-22,Unknown,25,No comment,1
0695-LADNV,2024-03-22,No,49,requested callback,1
6562-IRWQG,2024-03-22,Yes,14,demaned refund,1
0898-RFIIO,2024-03-22,No,46,No comment,1
9509-EZLCI,2024-03-22,Unknown,49,No comment,1
6314-VGPZA,2024-03-22,Unknown,52,demaned refund,1
2515-EQFEB,2024-03-22,No,39,billing complaint,1
6196-PHRRQ,2024-03-22,Yes,75,paymnt failed,1
1606-SLNDV,2024-03-22,No,43,No comment,1
6256-SQISX,2024-03-22,Unknown,51,service issue,1
3680-PDSKE,2024-03-22,Unknown,25,app not working,1
0404-HVBWV,2024-03-22,No,13,No comment,2
0555-CQFNS,2024-03-22,No,26,service issue,2
2185-HZAYX,2024-03-22,Unknown,35,paymnt failed,3
5628-CFBBU,2024-03-22,No,72,paymnt failed,2
3410-UCHXY,2024-03-22,Unknown,91,guidance to renew,1
7207-FLKMR,2024-03-22,No,9,received refund,2
9370-DYCSY,2024-03-23,Yes,17,service issue,1
0573-XACNJ,2024-03-23,Yes,80,No comment,1
4652-IZNDH,2024-03-23,No,94,guidance to renew,1
7321-FYUQS,2024-03-23,No,52,happy with service,1
6251-IPBFS,2024-03-23,No,98,billing complaint,1
0132-ZJQQG,2024-03-23,No,19,No comment,2
3029-CURLR,2024-03-23,No,51,requested callback,1
8768-KBELV,2024-03-23,No,1,requested callback,2
9392-TJPTJ,2024-03-23,Yes,82,paymnt failed,1
2639-FFUKN,2024-03-23,Yes,26,No comment,2
1165-FRNRZ,2024-03-24,No,48,guidance to renew,1
9800-KRADX,2024-03-24,No,16,app not working,1
1178-BKSYN,2024-03-24,Yes,66,demaned refund,1
6985-WNYUJ,2024-03-24,Yes,41,billing complaint,1
1936-VINMZ,2024-03-24,Yes,7,paymnt failed,2
7447-HRNQN,2024-03-24,No,43,service issue,2
4642-LOCBK,2024-03-24,No,52,billing complaint,3
5588-FJTZH,2024-03-24,No,43,requested callback,1
7346-PQGZS,2024-03-24,Unknown,43,No comment,2
0670-YBEPF,2024-03-24,Unknown,86,No comment,2
0909-QBQTU,2024-03-24,No,89,happy with service,1
2385-CIWZU,2024-03-24,Yes,95,service issue,2
1787-QDZNV,2024-03-24,Yes,69,app not working,1
2724-ASWXO,2024-03-24,No,49,No comment,1
6726-SYJPI,2024-03-24,No,27,received refund,1
0577-JPSON,2024-03-24,No,54,service issue,2
7076-FQMZP,2024-03-25,No,45,demaned refund,1
3979-WDIIH,2024-03-25,No,77,paymnt failed,1
7767-ZEPUD,2024-03-25,Yes,6,No comment,1
3868-TPCUB,2024-03-25,Yes,62,happy with service,1
7050-GMPRP,2024-03-25,No,64,No comment,1
8153-TILTO,2024-03-25,No,18,guidance to renew,1
5862-DLDDS,2024-03-25,Yes,23,No comment,1
5992-KRQXX,2024-03-25,Yes,75,No comment,1
2697-SFPRM,2024-03-25,No,58,happy with service,1
8707-KDHAF,2024-03-25,Yes,75,received refund,1
9301-RDOET,2024-03-25,No,68,service issue,2
0501-DPZQP,2024-03-25,Yes,2,received refund,1
5715-BVGWX,2024-03-25,No,60,No comment,1
1145-RZOFU,2024-03-25,No,91,No comment,1
3004-ZWMYG,2024-03-25,Yes,40,No comment,1
0982-ZURFE,2024-03-25,No,8,happy with service,1
3828-ZCLDX,2024-03-25,No,47,guidance to renew,2
2017-NBNOP,2024-03-25,Yes,23,guidance to renew,1
9276-SCIZS,2024-03-25,Yes,57,No comment,1
0166-TBKBP,2024-03-25,Unknown,75,app not working,2
8323-SBJLW,2024-03-25,Yes,65,No comment,1
3951-PTMCS,2024-03-26,Unknown,59,app not working,1
0900-VHUZS,2024-03-26,Yes,69,app not working,1
1349-LVMXB,2024-03-26,No,55,guidance to renew,1
5107-MPJLM,2024-03-26,No,99,guidance to renew,1
5040-NZDNR,2024-03-26,No,42,No comment,1
8329-CXBZB,2024-03-26,No,35,No comment,1
4883-MTRGL,2024-03-26,Yes,43,No comment,1
4416-TIXKM,2024-03-26,No,91,No comment,1
6570-XOKHS,2024-03-26,Yes,63,received refund,2
3550-QCPAG,2024-03-26,No,5,paymnt failed,1
6761-YUCYE,2024-03-26,No,30,requested callback,1
7547-YFWEQ,2024-03-27,Yes,88,guidance to renew,1
2714-NHWZM,2024-03-27,Yes,89,happy with service,1
4300-QRZNC,2024-03-27,No,85,guidance to renew,1
3397-IGRAO,2024-03-27,No,59,guidance to renew,1
0263-HJKWN,2024-03-27,No,45,received refund,2
1185-DAZDD,2024-03-27,No,93,app not working,1
1718-ICPKA,2024-03-27,Unknown,34,billing complaint,1
1757-QONCM,2024-03-27,No,69,happy with service,1
4222-WPJQT,2024-03-27,No,35,No comment,1
0075-FTWOB,2024-03-27,Yes,81,guidance to renew,2
1224-IIZEP,2024-03-27,Yes,39,demaned refund,1
6770-GKRKD,2024-03-27,Yes,7,service issue,2
5738-AQXVZ,2024-03-27,Yes,82,No comment,1
4051-OJMPQ,2024-04-01,Yes,17,No comment,1
5135-NXPFZ,2024-04-01,Yes,35,paymnt failed,1
4265-BYTLW,2024-04-01,Yes,41,No comment,2
1223-VBRDJ,2024-04-01,Unknown,32,No comment,1
8690-UPJVQ,2024-04-01,No,45,demaned refund,1
7291-ZZRIA,2024-04-01,No,25,No comment,1
5619-BLERZ,2024-04-01,Yes,67,paymnt failed,1
5782-SOGBL,2024-04-01,Yes,97,No comment,1
1377-DWHRB,2024-04-01,No,36,No comment,2
3079-JXNGZ,2024-04-01,Yes,57,app not working,1
7160-ZPSNE,2024-04-01,Yes,44,service issue,1
3117-PAAUY,2024-04-01,Unknown,34,No comment,2
6236-MTFDA,2024-04-01,Yes,13,happy with service,2
9145-JKNZM,2024-04-01,No,13,demaned refund,2
4736-REKNJ,2024-04-01,Yes,45,No comment,3
3561-IBUIC,2024-04-02,No,79,guidance to renew,1
0421-BQNUQ,2024-04-02,Yes,32,guidance to renew,1
6908-AHUFA,2024-04-02,No,94,billing complaint,2
3158-WIMWJ,2024-04-02,No,98,No comment,1
5442-ZMWEJ,2024-04-02,Yes,6,guidance to renew,1
3727-JLAXF,2024-04-02,No,22,requested callback,1
0978-AVYOS,2024-04-02,Yes,69,No comment,1
7002-LGPBV,2024-04-02,Unknown,43,app not working,1
8269-PUKGO,2024-04-02,Yes,43,billing complaint,1
3402-DCZYF,2024-04-03,No,6,paymnt failed,1
4413-ONGKV,2024-04-03,Yes,75,service issue,1
6688-QDQUZ,2024-04-03,Yes,90,demaned refund,1
1839-MAJPF,2024-04-03,No,42,billing complaint,1
9303-YNZPD,2024-04-03,Yes,96,received refund,1
7576-NJUFC,2024-04-03,Yes,99,billing complaint,1
2512-FHMTR,2024-04-03,Yes,94,No comment,2
1351-FDCUC,2024-04-03,Yes,56,No comment,1
3880-BQBQI,2024-04-03,No,83,paymnt failed,1
3970-VKDXU,2024-04-03,Yes,93,requested callback,1
9721-AIKSS,2024-04-03,No,8,app not working,1
6122-HQMQW,2024-04-03,No,94,No comment,1
0501-ETMDC,2024-04-03,Yes,98,received refund,1
7329-ZAWQH,2024-04-04,Yes,0,No comment,1
8104-BNALX,2024-04-04,Yes,84,happy with service,1
1383-QVFJN,2024-04-04,Yes,90,No comment,2
5920-HACSN,2024-04-04,No,63,No comment,1
1354-HMCVF,2024-04-04,Yes,91,No comment,1
3099-KECNR,2024-04-04,No,49,No comment,1
0038-ULXTF,2024-04-04,No,75,paymnt failed,1
0036-AFJOB,2024-04-04,No,0,requested callback,1
7493-MXTKK,2024-04-04,Yes,17,No comment,1
4138-GWWWK,2024-04-04,No,97,happy with service,1
3764-JRYKY,2024-04-04,No,49,guidance to renew,2
5278-IUONJ,2024-04-04,No,23,app not working,1
8659-PWXHS,2024-04-04,Yes,6,No comment,2
4228-YVXIP,2024-04-04,Yes,79,demaned refund,1
1864-OFNSI,2024-04-04,No,86,paymnt failed,2
6186-AQZIZ,2024-04-05,Unknown,8,No comment,1
8139-HSMDQ,2024-04-05,No,33,No comment,1
2038-LYNXD,2024-04-05,Yes,32,guidance to renew,2
8359-XDQXV,2024-04-05,Yes,98,app not working,1
3243-NJLSK,2024-04-05,No,15,requested callback,1
4835-MBJPO,2024-04-05,No,44,No comment,1
4026-XFMAS,2024-04-05,Yes,98,requested callback,2
5994-EIVRB,2024-04-05,Yes,60,No comment,1
1716-HZLCB,2024-04-05,Unknown,59,guidance to renew,1
4230-ENWJG,2024-04-05,Unknown,22,app not working,1
0560-VJQBG,2024-04-05,Yes,82,No comment,2
4703-UGWSN,2024-04-05,No,97,service issue,2
8957-LTQLU,2024-04-05,No,16,service issue,2
8580-UXIFZ,2024-04-05,Yes,78,service issue,1
5143-ZSURN,2024-04-05,No,79,received refund,2
8921-TMEUI,2024-04-06,Yes,53,paymnt failed,1
0938-GDWPT,2024-04-06,Yes,87,service issue,1
0809-UUCNK,2024-04-06,Yes,74,billing complaint,1
8859-EXDRN,2024-04-06,Yes,97,guidance to renew,1
7972-PTYVO,2024-04-06,Yes,44,demaned refund,1
3015-MQVOK,2024-04-06,No,90,demaned refund,1
4966-QGAYF,2024-04-06,No,52,No comment,1
5159-WFHHS,2024-04-06,Yes,0,demaned refund,1
6698-LRGQB,2024-04-06,Yes,49,requested callback,1
6288-PRFHT,2024-04-06,Yes,64,service issue,1
8227-TQOVX,2024-04-06,Yes,12,happy with service,2
1578-OPDXA,2024-04-06,Unknown,78,happy with service,1
0898-CSUPJ,2024-04-06,No,21,No comment,1
9206-UJGWI,2024-04-06,Yes,79,demaned refund,1
8023-WANST,2024-04-06,No,82,demaned refund,2
3779-FCCCO,2024-04-07,Yes,49,received refund,1
6960-NSHKY,2024-04-07,Yes,42,No comment,1
8415-TMCAS,2024-04-07,Yes,8,No comment,1
7742-PFGHP,2024-04-07,Yes,69,service issue,1
8471-REXOI,2024-04-07,Yes,19,received refund,1
1105-TTLKL,2024-04-07,Yes,94,paymnt failed,1
3184-WRBQY,2024-04-07,Unknown,13,No comment,1
6069-YUCAG,2024-04-07,Yes,44,No comment,2
7341-XRBZZ,2024-04-07,Yes,64,happy with service,1
3334-ZTWAL,2024-04-07,Yes,48,app not working,1
8192-PQUZB,2024-04-07,No,56,No comment,1
7109-DLIGB,2024-04-07,No,28,service issue,2
8521-RKTAN,2024-04-07,Yes,1,No comment,2
5223-CTIBJ,2024-04-07,No,75,service issue,1
4064-UDEXC,2024-04-07,No,98,guidance to renew,1
1842-NPZQT,2024-04-07,Unknown,46,demaned refund,1
2316-QJBLZ,2024-04-07,No,86,No comment,1
6744-DHTOP,2024-04-07,No,2,paymnt failed,2
2711-SFSSS,2024-04-07,Yes,86,No comment,1
3243-SKKEC,2024-04-07,No,82,requested callback,2
6778-LSXMV,2024-04-08,Unknown,49,guidance to renew,1
0275-DPOQH,2024-04-08,Yes,90,service issue,1
7260-DAMLU,2024-04-08,Unknown,34,app not working,1
9723-WGKQS,2024-04-08,Yes,98,billing complaint,2
3205-OPQTT,2024-04-08,Yes,96,received refund,1
3122-ORLRM,2024-04-08,No,89,requested callback,2
0475-ONXCS,2024-04-08,Yes,0,received refund,1
4254-QKKEB,2024-04-08,Yes,83,No comment,2
4623-ULUYD,2024-04-08,Unknown,0,app not working,1
6783-OZYCB,2024-04-08,Yes,38,No comment,2
7348-SAMCW,2024-04-09,Yes,39,requested callback,1
7241-FLBQI,2024-04-09,No,49,happy with service,1
2785-BCCFI,2024-04-09,Yes,52,No comment,1
1781-QGMJS,2024-04-09,No,98,requested callback,1
6316-BEDVA,2024-04-09,Yes,14,requested callback,1
5875-KQRHS,2024-04-09,Yes,1,demaned refund,1
1523-GRUNK,2024-04-09,Unknown,13,received refund,2
1935-TEVFI,2024-04-09,Yes,59,happy with service,2
7247-JHJSO,2024-04-09,No,41,service issue,1
7105-XDWIW,2024-04-09,No,35,app not working,1
1337-XRWAP,2024-04-09,Yes,19,No comment,1
9257-YGWIP,2024-04-09,Yes,37,app not working,1
5540-DDTPY,2024-04-09,Unknown,43,No comment,1
2694-PMTQX,2024-04-09,No,2,service issue,1
5255-LKRWG,2024-04-09,No,37,paymnt failed,1
4701-ZLEIH,2024-04-09,Unknown,67,billing complaint,1
2724-EAMSD,2024-04-09,No,20,No comment,2
1545-KPRPC,2024-04-09,No,16,service issue,1
7002-XQYNR,2024-04-09,Yes,65,billing complaint,1
6871-OLHSC,2024-04-09,Yes,75,demaned refund,1
1304-BMALN,2024-04-10,Yes,58,No comment,1
6848-LXTOK,2024-04-10,No,90,service issue,1
6460-VIRYJ,2024-04-10,Yes,74,app not working,1
2092-HTLCE,2024-04-10,No,14,No comment,1
0017-IUDMW,2024-04-10,Yes,25,No comment,1
3147-YIAMN,2024-04-10,Yes,66,No comment,1
7765-SXJYX,2024-04-10,No,57,happy with service,2
9970-YSJUG,2024-04-10,Yes,82,billing complaint,1
3872-ZXQJL,2024-04-10,No,23,No comment,1
1079-VHRJI,2024-04-10,No,24,No comment,1
1324-JEXCD,2024-04-10,Yes,57,happy with service,2
6738-HDNSU,2024-04-10,Unknown,17,guidance to renew,2
0194-PDHWT,2024-04-10,Unknown,95,demaned refund,1
4951-NXPHA,2024-04-10,Unknown,18,paymnt failed,2
9649-IIMQV,2024-04-10,No,14,happy with service,2
6379-OJVDB,2024-04-10,No,16,received refund,1
0680-VAMET,2024-04-11,No,90,app not working,1
3631-SNYIW,2024-04-11,Unknown,19,happy with service,2
4401-FANZD,2024-04-11,Unknown,75,received refund,1
0821-RHYUU,2024-04-11,No,8,service issue,1
2733-QJXFB,2024-04-11,Unknown,89,No comment,1
3617-RGBJS,2024-04-11,Yes,38,demaned refund,1
4265-XTNPO,2024-04-11,No,90,requested callback,1
4048-QTQQS,2024-04-11,No,0,requested callback,2
9000-XKXIR,2024-04-11,Unknown,76,requested callback,1
5677-KFTMH,2024-04-11,No,10,requested callback,1
9762-JVYAD,2024-04-11,No,73,No comment,2
8102-RLTEX,2024-04-11,Yes,49,No comment,2
1535-LITKZ,2024-04-11,Yes,61,paymnt failed,1
9794-GUYXX,2024-04-11,Yes,99,demaned refund,1
8584-AJSSU,2024-04-11,No,68,No comment,1
7266-HKSWO,2024-04-11,Yes,44,service issue,1
2136-EQWTI,2024-04-11,No,26,guidance to renew,1
6328-ADBXK,2024-04-11,Yes,21,No comment,2
2160-CQBJO,2024-04-11,No,4,requested callback,1
6139-JKJYJ,2024-04-11,Yes,28,No comment,1
2537-LDSLS,2024-04-11,No,99,received refund,1
5279-WWNBA,2024-04-11,No,66,billing complaint,1
6251-KQKMM,2024-04-11,No,23,app not working,1
6724-TCRTC,2024-04-11,No,0,received refund,2
3632-WOBRV,2024-04-11,Unknown,55,requested callback,1
0393-DXXAW,2024-04-11,No,98,received refund,1
1635-AJAJQ,2024-04-11,No,49,No comment,1
4079-WWHNC,2024-04-11,No,30,No comment,2
7512-IKMKO,2024-04-12,Unknown,67,paymnt failed,1
1242-JDIBF,2024-04-12,Unknown,8,paymnt failed,1
8602-GQZRP,2024-04-12,Yes,97,No comment,1
4234-MGEDC,2024-04-12,Yes,55,received refund,1
0335-KLZZB,2024-04-12,Yes,25,received refund,1
1589-TVPUW,2024-04-12,No,14,guidance to renew,1
7691-JDZDY,2024-04-12,No,28,paymnt failed,1
9873-GYXQP,2024-04-12,Yes,39,paymnt failed,1
2767-XKBKT,2024-04-12,Yes,78,No comment,1
1335-HADPN,2024-04-12,Yes,70,app not working,2
9356-YPWYJ,2024-04-12,Yes,76,requested callback,2
8171-RNORX,2024-04-12,No,29,No comment,1
6722-TQHUK,2024-04-13,Yes,4,requested callback,1
5855-ONENS,2024-04-13,No,68,received refund,1
9922-WIYXZ,2024-04-13,Yes,73,No comment,1
2140-VSOWH,2024-04-13,No,31,demaned refund,1
5313-NXYNF,2024-04-13,Yes,28,paymnt failed,2
6867-PWUQS,2024-04-13,No,9,billing complaint,1
7869-QUAWL,2024-04-13,Yes,13,happy with service,1
6102-XRDAI,2024-04-13,Yes,38,service issue,1
0378-NIIVS,2024-04-13,Yes,50,No comment,2
8252-FTVEQ,2024-04-14,Yes,87,app not working,1
6492-JQGYI,2024-04-14,No,31,happy with service,1
2776-YFHHX,2024-04-14,Yes,89,service issue,1
5018-KGNIQ,2024-04-14,No,57,No comment,1
7793-VGYSF,2024-04-14,No,27,service issue,1
8309-HYAAG,2024-04-14,No,1,No comment,1
6744-FPHJF,2024-04-14,Yes,72,paymnt failed,1
3486-UQWHC,2024-04-14,Yes,34,service issue,1
2915-IXMME,2024-04-14,No,59,happy with service,1
4636-ALTNV,2024-04-14,Yes,47,service issue,1
8661-JFCWE,2024-04-14,No,83,received refund,2
5575-QMEQT,2024-04-14,Yes,24,demaned refund,1
8349-KXQMX,2024-04-14,No,67,No comment,2
9047-ZWPTU,2024-04-14,No,62,happy with service,1
8163-ZFDQQ,2024-04-14,Yes,56,requested callback,2
1690-THVFA,2024-04-14,Yes,36,No comment,1
5376-IOIYQ,2024-04-14,No,75,demaned refund,1
0101-ERYUI,2024-04-14,Unknown,45,service issue,1
2072-XOZSS,2024-04-15,No,82,No comment,1
0613-ACFYI,2024-04-15,Unknown,5,demaned refund,1
7394-FDAPC,2024-04-15,No,63,billing complaint,1
9547-EFYUF,2024-04-15,No,28,No comment,1
9197-ZAQKK,2024-04-15,No,77,happy with service,1
0057-WNNSA,2024-04-15,No,76,No comment,1
4919-PHGTG,2024-04-15,Yes,44,billing complaint,1
8729-CRCMY,2024-04-15,No,94,service issue,2
1522-MGJEX,2024-04-15,Yes,11,paymnt failed,1
3977-SXWIY,2024-04-15,Unknown,26,No comment,1
5361-BCPBV,2024-04-15,Yes,74,No comment,1
8668-JBPVE,2024-04-15,No,9,requested callback,1
0497-SNLVT,2024-04-15,Yes,37,requested callback,1
1628-EEUFK,2024-04-15,Yes,95,paymnt failed,3
1110-USGWB,2024-04-15,No,93,demaned refund,1
7504-MYCJO,2024-04-15,No,35,received refund,1
0315-MSZBU,2024-04-15,Yes,14,guidance to renew,1
3990-MHSHX,2024-04-15,Unknown,97,No comment,1
0600-APLCC,2024-04-15,Unknown,80,requested callback,1
7244-ZYQNH,2024-04-15,No,76,app not working,2
6411-PDGQE,2024-04-15,No,23,demaned refund,1
2211-DDUDH,2024-04-16,Yes,3,guidance to renew,1
3669-XELTV,2024-04-16,Yes,55,paymnt failed,1
3802-VTVML,2024-04-16,No,22,No comment,1
5152-DCOXP,2024-04-16,Yes,3,requested callback,2
2313-POQHB,2024-04-16,No,10,demaned refund,1
9381-XZKYX,2024-04-16,Yes,96,received refund,1
0041-YXZHC,2024-04-16,Yes,80,received refund,1
4470-QZVJM,2024-04-16,No,29,paymnt failed,1
3305-FVMMK,2024-04-16,Unknown,79,guidance to renew,1
8469-ZEYON,2024-04-16,No,27,billing complaint,1
9230-RVADH,2024-04-16,Yes,49,received refund,1
6267-APVBI,2024-04-16,No,20,received refund,1
7251-IJEWA,2024-04-16,No,59,service issue,2
4594-IXQVI,2024-04-17,Yes,73,received refund,1
3556-NYVKI,2024-04-17,Yes,9,demaned refund,1
0713-CDCRS,2024-04-17,No,3,No comment,2
7993-HTCXQ,2024-04-17,No,30,No comment,1
5478-EHZQE,2024-04-17,No,7,No comment,1
6333-BBBFH,2024-04-17,Yes,62,No comment,1
2949-IVZRQ,2024-04-17,No,2,No comment,1
1714-QXINX,2024-04-17,Yes,56,requested callback,1
7894-YVDHG,2024-04-17,Yes,71,received refund,2
0660-TELJX,2024-04-17,Unknown,59,billing complaint,1
4227-XETUI,2024-04-17,No,49,service issue,1
9714-CXNDZ,2024-04-17,Unknown,88,demaned refund,1
6297-RIAZM,2024-04-17,No,70,happy with service,1
9458-QOPAI,2024-04-18,No,0,No comment,1
4014-DEYXF,2024-04-18,Yes,7,service issue,1
2819-QXLOF,2024-04-18,No,99,service issue,1
2522-VUBHX,2024-04-18,No,97,paymnt failed,2
5542-GDDAM,2024-04-18,Yes,41,app not working,2
9102-NZYIH,2024-04-18,Yes,15,happy with service,1
7617-DLJNP,2024-04-18,No,95,guidance to renew,1
2424-MWULK,2024-04-18,Yes,26,received refund,1
2411-JDOMH,2024-04-19,No,73,guidance to renew,1
7262-IFAJM,2024-04-19,No,57,received refund,1
7660-OIBZL,2024-04-19,No,24,billing complaint,1
8453-HFBGQ,2024-04-19,No,61,requested callback,1
7035-VOTAM,2024-04-19,Yes,33,app not working,1
8478-NFNXX,2024-04-19,No,59,No comment,1
5478-QGFEC,2024-04-19,Yes,40,received refund,1
2001-AVJDA,2024-04-19,Yes,28,No comment,1
2291-FQGGK,2024-04-19,Yes,6,billing complaint,1
0773-CWBNX,2024-04-19,No,8,guidance to renew,1
7787-LDNYE,2024-04-20,No,60,demaned refund,1
0140-KKYCY,2024-04-20,Yes,36,paymnt failed,1
8769-KAXWT,2024-04-20,Yes,72,received refund,1
8731-UXRIS,2024-04-20,Yes,66,guidance to renew,1
4373-FNRKT,2024-04-20,No,13,No comment,1
9954-WEHWM,2024-04-20,Yes,86,No comment,1
1303-UWUUF,2024-04-20,Yes,12,requested callback,1
8766-TUBIP,2024-04-20,Unknown,93,happy with service,1
7378-DNCFA,2024-04-20,Yes,43,requested callback,2
3874-UFDYR,2024-04-20,Yes,91,requested callback,2
8929-IUZQT,2024-04-20,Yes,74,No comment,1
3235-YUPHK,2024-04-20,No,25,received refund,1
2391-XVSWS,2024-04-20,Yes,76,requested callback,2
7814-KDHDK,2024-04-21,No,98,demaned refund,1
6501-ANTOC,2024-04-21,Yes,35,billing complaint,1
2502-CXNPH,2024-04-21,Yes,6,billing complaint,1
7850-CHRKM,2024-04-21,Yes,10,requested callback,1
3212-LCGPE,2024-04-21,No,81,guidance to renew,1
1538-DHZLT,2024-04-21,Yes,81,billing complaint,1
0785-WWOUG,2024-04-21,Yes,32,happy with service,1
7366-SUJMA,2024-04-21,Yes,42,No comment,1
0459-UXWFR,2024-04-21,Unknown,57,No comment,1
7901-HJLMS,2024-04-21,Yes,12,No comment,2
5141-HLDXD,2024-04-21,No,41,service issue,1
9392-FUUCE,2024-04-21,No,45,billing complaint,1
5364-CSMNQ,2024-04-21,Yes,20,No comment,2
5846-BUJEK,2024-04-21,No,81,app not working,1
9049-ZGEQI,2024-04-21,No,6,No comment,1
0943-QCESA,2024-04-21,Yes,49,No comment,2
7592-JMVBH,2024-04-21,Unknown,32,No comment,1
6810-DFSVJ,2024-04-21,Yes,49,received refund,1
0246-DUOAC,2024-04-21,No,81,demaned refund,1
8727-CWDBO,2024-04-22,Yes,21,No comment,1
5446-JKLYF,2024-04-22,Yes,81,requested callback,2
8154-SHVMP,2024-04-22,Yes,20,happy with service,1
4460-FWOTP,2024-04-22,No,1,received refund,1
9285-TILUI,2024-04-22,No,96,No comment,1
6356-FPEJI,2024-04-22,No,70,guidance to renew,1
2243-TJWTE,2024-04-22,No,76,service issue,1
2477-KZRTX,2024-04-22,No,29,app not working,2
5234-WFTMS,2024-04-22,Yes,15,app not working,1
6546-SNCEQ,2024-04-22,Unknown,32,service issue,1
2097-GOZXQ,2024-04-22,Yes,31,No comment,2
8669-FIEQX,2024-04-22,Yes,92,billing complaint,1
7661-SCGCI,2024-04-23,Yes,71,received refund,1
1572-NNGSG,2024-04-23,Unknown,33,billing complaint,1
2539-BABKB,2024-04-23,Unknown,55,No comment,1
1056-BYOII,2024-04-23,Yes,40,No comment,1
4214-FSWKP,2024-04-23,Yes,76,received refund,1
5822-EHBVT,2024-04-23,No,52,requested callback,3
7053-LBQSM,2024-04-23,No,97,No comment,1
5114-WXOGU,2024-04-23,No,49,demaned refund,2
9623-JYRLF,2024-04-23,No,80,service issue,1
9323-XHJSF,2024-04-23,Yes,95,app not working,1
8717-MXMFL,2024-04-24,No,85,paymnt failed,1
9967-WPMXO,2024-04-24,Yes,7,No comment,1
9413-ASHUS,2024-04-24,Yes,16,requested callback,1
3692-ECNPW,2024-04-24,No,3,billing complaint,1
1141-TRIYR,2024-04-24,Yes,77,No comment,2
1340-RMUGA,2024-04-24,No,1,service issue,1
3176-LMOOP,2024-04-24,Yes,31,paymnt failed,2
0238-EKKCH,2024-04-24,Yes,84,happy with service,1
7050-DLRZE,2024-04-24,Yes,98,billing complaint,2
9877-DWBEB,2024-04-24,No,22,demaned refund,1
9156-WMPBT,2024-04-24,No,43,No comment,1
9889-HJMJT,2024-04-25,No,76,No comment,1
3836-DKYYC,2024-04-25,Yes,75,happy with service,1
0851-KJXGN,2024-04-25,Yes,66,No comment,1
0591-RDDUC,2024-04-25,Yes,9,No comment,1
5382-JFALG,2024-04-25,Unknown,24,happy with service,1
6797-KWTAA,2024-04-25,Unknown,94,service issue,1
5601-DHJZB,2024-04-25,No,6,No comment,1
3436-GOQOH,2024-04-25,Unknown,91,received refund,1
8337-RKRXR,2024-04-25,Yes,78,guidance to renew,1
1970-XETPH,2024-04-25,Yes,2,received refund,1
6902-REOGA,2024-04-25,Unknown,52,guidance to renew,1
2450-DWTTT,2024-04-25,No,43,service issue,1
0276-UIWOT,2024-04-25,Yes,47,happy with service,1
2457-TVKMY,2024-04-25,No,65,guidance to renew,1
6511-RLNEP,2024-04-25,Unknown,2,received refund,1
4498-ODVRW,2024-04-25,Yes,53,guidance to renew,1
3191-BUNLS,2024-04-26,No,17,billing complaint,1
2932-PBBVM,2024-04-26,No,84,service issue,1
5992-AMLHD,2024-04-26,Yes,8,service issue,1
5055-FEQLP,2024-04-26,Yes,13,billing complaint,1
4869-GOBEA,2024-04-26,No,67,received refund,1
8588-FOAFR,2024-04-26,Yes,36,guidance to renew,1
6832-THVFQ,2024-04-26,Yes,65,No comment,1
7791-AALXG,2024-04-26,Yes,96,No comment,2
6039-GQNQF,2024-04-26,Yes,52,demaned refund,1
9114-OVUWJ,2024-04-26,No,4,service issue,2
5066-RHRIY,2024-04-26,Yes,96,No comment,2
5377-BPQRO,2024-04-26,No,99,received refund,2
0082-PEURT,2024-04-26,No,55,No comment,2
2174-NICSA,2024-04-26,Unknown,79,paymnt failed,1
6620-QZDDA,2024-04-26,No,45,billing complaint,2
4181-NVPCN,2024-04-26,Yes,57,happy with service,1
0160-APAYQ,2024-04-27,Unknown,28,requested callback,1
9050-UCGXX,2024-04-27,Yes,37,No comment,1
9123-LUZYW,2024-04-27,No,90,No comment,1
0287-QWGOC,2024-04-27,No,1,No comment,1
7090-XACQC,2024-04-27,No,94,billing complaint,1
9853-MSXFL,2024-04-27,No,89,No comment,2
6332-XIYRM,2024-04-27,No,24,paymnt failed,1
6681-JGKIH,2024-04-27,No,56,No comment,1
1856-DEPEM,2024-04-27,No,72,billing complaint,1
7475-NAZPV,2024-04-27,Yes,12,No comment,1
6641-DCJAG,2024-04-27,No,12,paymnt failed,1
0096-VIHZP,2024-04-27,No,83,guidance to renew,1
1811-CNBCW,2024-04-27,No,94,service issue,1
0825-NJELZ,2024-04-27,No,81,billing complaint,1
4000-MOWUY,2024-04-27,Yes,0,paymnt failed,1
8075-FXAAO,2024-04-27,Unknown,33,No comment,2
9994-HAXFP,2024-05-01,Unknown,92,guidance to renew,1
2339-LTQYU,2024-05-01,Yes,88,happy with service,1
9943-JQAKD,2024-05-01,No,81,No comment,1
9107-BYIYX,2024-05-01,Yes,19,No comment,1
7386-XOYDW,2024-05-01,Yes,71,No comment,1
9850-DFGSJ,2024-05-01,No,54,service issue,1
4361-UUVEG,2024-05-01,No,21,No comment,2
0481-KKXPR,2024-05-01,No,8,service issue,1
1841-KKNAD,2024-05-01,No,7,No comment,1
4423-OYJWJ,2024-05-01,No,29,No comment,2
0587-XTVTK,2024-05-01,No,69,No comment,1
6344-BKPSO,2024-05-01,Unknown,46,demaned refund,1
7057-FIEWJ,2024-05-01,Yes,82,paymnt failed,1
6669-TLDXW,2024-05-02,Yes,38,demaned refund,1
8945-ZJHAL,2024-05-02,No,77,paymnt failed,1
7705-VZPJH,2024-05-02,Yes,78,No comment,1
4958-JRBWR,2024-05-02,No,1,billing complaint,1
9423-RYEKA,2024-05-02,Yes,67,happy with service,1
7867-PJJXO,2024-05-02,No,69,service issue,1
0104-CEOQO,2024-05-02,Unknown,36,received refund,1
2071-RWJIS,2024-05-02,Yes,69,billing complaint,1
4340-XOCXH,2024-05-02,No,62,service issue,2
8186-WPMWK,2024-05-02,Yes,9,billing complaint,1
9525-XYICU,2024-05-02,Yes,78,happy with service,1
2869-BHJUZ,2024-05-02,Yes,67,No comment,1
1256-CPQCU,2024-05-02,No,88,requested callback,1
3003-UULQA,2024-05-02,No,17,requested callback,1
5068-UYWAO,2024-05-02,No,86,paymnt failed,1
8164-PMLUP,2024-05-02,Unknown,98,demaned refund,1
2351-QUOGA,2024-05-02,No,28,No comment,1
5830-DGZLU,2024-05-02,Yes,32,service issue,2
0946-WEKEA,2024-05-02,No,0,demaned refund,1
6898-QPFOL,2024-05-02,Unknown,7,billing complaint,1
2030-EDNYC,2024-05-03,No,71,No comment,1
1174-KMJYS,2024-05-03,No,40,requested callback,1
5929-FPEAL,2024-05-03,Yes,49,No comment,1
7157-BVGGU,2024-05-03,Unknown,86,happy with service,1
0854-TMXZL,2024-05-03,Unknown,31,requested callback,1
3639-BWNEO,2024-05-03,Yes,63,demaned refund,1
5675-BXPOZ,2024-05-03,No,78,No comment,1
3699-CWJQS,2024-05-03,No,8,happy with service,1
8316-ACUTG,2024-05-03,No,78,demaned refund,1
8610-XSGMK,2024-05-03,No,88,No comment,1
9655-JOBGD,2024-05-03,No,87,guidance to renew,1
1743-YRQTH,2024-05-04,No,38,happy with service,1
9677-RGDIY,2024-05-04,Yes,1,No comment,1
7935-ZWTVA,2024-05-04,Yes,9,app not working,1
4376-ALFTB,2024-05-04,No,17,requested callback,3
6434-EQWZZ,2024-05-04,Yes,83,No comment,1
2563-EVTGZ,2024-05-04,No,1,happy with service,1
6548-AZTKX,2024-05-04,Yes,49,No comment,2
2986-CAJFH,2024-05-04,Yes,97,service issue,1
1281-XCBFE,2024-05-04,Unknown,38,billing complaint,2
3382-HFCEE,2024-05-04,No,90,received refund,1
0541-YHBPE,2024-05-04,Unknown,53,app not working,1
1495-CJTTH,2024-05-04,No,18,paymnt failed,2
8123-VDVSZ,2024-05-05,No,65,demaned refund,1
9924-QUSQL,2024-05-05,No,20,No comment,1
0891-KDZUO,2024-05-05,No,43,happy with service,2
0184-GNEKJ,2024-05-05,Yes,29,happy with service,1
6997-IRUGY,2024-05-05,No,92,happy with service,1
5569-QDLJO,2024-05-05,Yes,53,paymnt failed,1
6503-NGOAL,2024-05-05,No,88,app not working,1
1318-ZORFP,2024-05-05,Yes,3,demaned refund,1
9385-PTKRF,2024-05-05,Yes,92,No comment,2
9481-IBMAM,2024-05-05,Yes,10,No comment,1
1927-NSCON,2024-05-05,Yes,29,No comment,1
4578-CHKQR,2024-05-05,No,94,received refund,1
1643-DNNJX,2024-05-06,Yes,83,No comment,1
5422-TBESE,2024-05-06,Yes,26,happy with service,1
4426-CLZPO,2024-05-06,Yes,88,app not working,1
8765-EURAZ,2024-05-06,Yes,12,No comment,1
0412-WYOGW,2024-05-06,No,91,happy with service,1
7345-ECQYT,2024-05-06,No,26,requested callback,1
7002-SRHPT,2024-05-06,No,57,service issue,2
0909-HEGZQ,2024-05-06,No,85,received refund,1
9274-EJNHP,2024-05-06,Yes,49,No comment,2
9597-YJBRI,2024-05-06,No,80,No comment,1
1966-YRALO,2024-05-06,Yes,27,app not working,1
7775-MULRD,2024-05-06,No,28,No comment,2
5104-COFYI,2024-05-06,Yes,93,billing complaint,1
8715-WCJXX,2024-05-06,Unknown,27,received refund,2
6428-NTLXJ,2024-05-06,Yes,67,No comment,1
5207-SFPAP,2024-05-06,Yes,50,received refund,1
4194-ZSAFZ,2024-05-07,Yes,88,requested callback,1
7919-TRMKB,2024-05-07,Yes,78,service issue,1
9423-MYKOU,2024-05-07,No,30,guidance to renew,1
6060-VIDTD,2024-05-07,Yes,88,paymnt failed,2
0058-LEOKL,2024-05-07,Yes,85,app not working,1
5261-YQCWP,2024-05-07,No,72,happy with service,1
6651-UWQTC,2024-05-07,Yes,94,billing complaint,1
2433-KCNHQ,2024-05-07,No,20,received refund,2
0965-ASRJF,2024-05-07,Unknown,30,No comment,1
4968-MVLLO,2024-05-07,No,13,guidance to renew,1
0324-EYDHI,2024-05-07,No,0,paymnt failed,1
1675-NTJAS,2024-05-07,Yes,23,app not working,1
0777-RMCTJ,2024-05-08,Yes,80,guidance to renew,1
6031-CNSHB,2024-05-08,Yes,53,happy with service,1
1115-RASCT,2024-05-08,Yes,90,guidance to renew,1
9467-QRFRL,2024-05-08,No,49,billing complaint,1
0729-DTRJE,2024-05-08,No,9,paymnt failed,1
8403-NSWYR,2024-05-08,No,85,happy with service,1
5865-FISZA,2024-05-08,Unknown,33,No comment,1
8642-RMXBX,2024-05-08,Yes,57,billing complaint,1
7536-NGHRI,2024-05-08,No,4,billing complaint,2
9975-GBJDX,2024-05-09,Yes,63,received refund,1
6455-GTFML,2024-05-09,No,99,No comment,1
6566-UFJRY,2024-05-09,Yes,0,paymnt failed,1
0578-OEFNF,2024-05-09,Yes,45,paymnt failed,1
9355-IYBGI,2024-05-09,No,53,No comment,1
5739-DGLLX,2024-05-09,Yes,1,No comment,1
0456-HYCAC,2024-05-09,No,80,happy with service,1
6074-EOWCF,2024-05-09,No,95,paymnt failed,1
9751-MNJZM,2024-05-09,Yes,94,paymnt failed,1
3981-WIKXV,2024-05-09,Yes,14,No comment,2
8238-QLHVT,2024-05-09,Yes,27,billing complaint,1
3973-HNYDM,2024-05-09,No,72,paymnt failed,1
1300-RGXVS,2024-05-09,Unknown,21,No comment,2
2044-ERSTY,2024-05-09,No,34,service issue,1
8820-LQKQR,2024-05-10,No,0,guidance to renew,1
2871-YYYYQ,2024-05-10,Yes,26,No comment,1
3108-JSGLF,2024-05-10,Yes,56,received refund,1
3358-HJOGD,2024-05-10,Yes,35,No comment,1
5509-HOINW,2024-05-10,Unknown,74,billing complaint,1
6590-XIFCH,2024-05-10,Yes,34,service issue,1
2397-NPXAM,2024-05-10,No,23,demaned refund,1
6199-NMACH,2024-05-10,No,47,service issue,1
9878-MSXKW,2024-05-10,Yes,75,service issue,1
6151-PUHED,2024-05-10,No,30,No comment,2
8629-EQAPC,2024-05-10,No,61,billing complaint,1
6315-RENJD,2024-05-10,No,82,service issue,1
0884-FGVCA,2024-05-10,No,5,app not working,1
5379-MZPQK,2024-05-10,Yes,74,app not working,2
9340-VYCXB,2024-05-10,No,94,app not working,1
7692-XNBEZ,2024-05-10,No,48,paymnt failed,1
6046-IUADH,2024-05-10,No,48,happy with service,1
9981-ZLOVE,2024-05-10,Yes,65,demaned refund,2
5741-UWVTK,2024-05-10,No,31,requested callback,1
6660-OPJZZ,2024-05-10,Yes,49,received refund,2
1041-JSMCX,2024-05-11,Yes,41,billing complaint,1
8836-SNZQI,2024-05-11,No,41,demaned refund,1
6990-CQFZJ,2024-05-11,No,82,No comment,3
9575-UBZEJ,2024-05-11,No,40,No comment,2
0647-EGIXD,2024-05-11,Unknown,26,app not working,1
3027-RIBKQ,2024-05-11,No,97,No comment,1
6565-KZTFK,2024-05-11,Unknown,81,requested callback,2
3643-QCKTC,2024-05-11,Yes,82,demaned refund,1
9450-MPGIG,2024-05-11,Yes,45,requested callback,1
9550-OJIOZ,2024-05-11,No,90,requested callback,2
5680-MRSMA,2024-05-11,No,30,happy with service,2
5421-XDVWO,2024-05-11,Yes,64,No comment,2
0647-BPCZK,2024-05-12,Yes,37,No comment,1
6693-KQEHH,2024-05-12,No,82,No comment,2
1251-MHOWC,2024-05-12,No,75,service issue,1
7819-ZZRJV,2024-05-12,Yes,76,No comment,2
1191-RNCER,2024-05-12,Yes,76,guidance to renew,1
7587-VVAUT,2024-05-12,Unknown,70,paymnt failed,1
2014-AIWSG,2024-05-12,No,40,service issue,2
0044-ATDPE,2024-05-12,No,40,happy with service,1
3049-OMBOJ,2024-05-12,Yes,75,happy with service,1
2987-RAJMX,2024-05-12,Yes,15,paymnt failed,1
4027-EAPYM,2024-05-12,No,2,No comment,1
5274-XRZDH,2024-05-12,No,64,app not working,2
3716-YKWDF,2024-05-12,Unknown,33,service issue,1
0762-VCSMR,2024-05-12,Yes,89,guidance to renew,1
0837-PWOMC,2024-05-12,Yes,70,service issue,2
0888-NCDVC,2024-05-13,Unknown,15,requested callback,2
4251-WRDEK,2024-05-13,No,78,paymnt failed,1
6830-GIDXK,2024-05-13,Yes,83,requested callback,1
6572-ZQMVK,2024-05-13,Yes,86,paymnt failed,1
0879-ZAGCL,2024-05-13,No,30,received refund,1
8043-MVIAB,2024-05-13,Yes,74,requested callback,1
0385-YKCZT,2024-05-13,Unknown,58,No comment,1
3585-UQXOJ,2024-05-13,Yes,25,No comment,2
4084-GKYWT,2024-05-13,Unknown,80,No comment,2
8209-ALDQK,2024-05-13,Yes,28,No comment,1
7541-ILZQY,2024-05-13,No,49,happy with service,1
4185-PRCXI,2024-05-13,Yes,80,received refund,1
2033-WSFIT,2024-05-14,No,26,No comment,1
4980-UAUDS,2024-05-14,No,50,No comment,1
8261-VZMWC,2024-05-14,Yes,11,No comment,1
6501-BARPS,2024-05-14,No,3,happy with service,1
3836-ZJOGO,2024-05-14,Yes,49,service issue,1
4123-KDFSU,2024-05-14,No,22,received refund,1
6368-LNRWN,2024-05-14,Yes,7,No comment,2
5655-FGVHW,2024-05-14,Yes,4,app not working,2
5906-IAJZH,2024-05-14,Unknown,74,demaned refund,1
4272-HTBHT,2024-05-14,Unknown,64,No comment,2
0788-HAVAZ,2024-05-14,Yes,0,guidance to renew,1
2281-UNWRH,2024-05-15,No,11,requested callback,1
5518-ZYOQS,2024-05-15,No,26,guidance to renew,1
1302-UTCUC,2024-05-15,Yes,66,No comment,1
4984-NQZAH,2024-05-15,No,3,happy with service,1
7232-CJCUS,2024-05-15,Yes,19,service issue,1
8151-XZPXB,2024-05-15,No,49,paymnt failed,1
1068-MLUNZ,2024-05-15,Unknown,18,paymnt failed,1
0697-IMQKW,2024-05-15,Unknown,32,requested callback,1
3701-TCQDL,2024-05-15,Yes,16,No comment,1
7507-WEQYD,2024-05-16,No,19,billing complaint,1
3435-KMMXJ,2024-05-16,Yes,38,billing complaint,1
2722-SUBBX,2024-05-16,No,8,No comment,1
0671-CPUWE,2024-05-16,Unknown,88,received refund,1
3313-NETTM,2024-05-16,Yes,73,requested callback,1
1115-IEVDY,2024-05-16,No,67,billing complaint,2
2357-VSXMK,2024-05-16,Unknown,98,paymnt failed,1
8860-IHINL,2024-05-16,Yes,97,No comment,2
9109-WCXVR,2024-05-16,No,1,happy with service,1
1170-NDJFS,2024-05-16,No,6,paymnt failed,1
9370-FUAIC,2024-05-16,Yes,69,received refund,2
7296-XCEMC,2024-05-16,Yes,48,happy with service,1
4634-LGSFS,2024-05-16,No,27,happy with service,1
5695-TTURL,2024-05-16,Yes,96,received refund,1
9907-QKHJU,2024-05-16,Yes,69,app not working,1
5323-YSYCZ,2024-05-16,Yes,76,billing complaint,1
9723-BCHCE,2024-05-16,Yes,45,guidance to renew,1
5348-BTGEC,2024-05-17,Yes,5,guidance to renew,1
4261-XPHAT,2024-05-17,Yes,45,service issue,1
2417-FBTLK,2024-05-17,Unknown,13,guidance to renew,1
0988-PFKSG,2024-05-17,Yes,74,received refund,1
6931-IUNZH,2024-05-17,No,73,billing complaint,1
8456-BGKGV,2024-05-17,No,88,service issue,1
4542-XZOFU,2024-05-17,Yes,75,paymnt failed,1
3344-PUAKI,2024-05-17,No,23,No comment,1
6834-MNDQM,2024-05-17,Yes,32,demaned refund,1
9487-BYPPL,2024-05-17,No,15,demaned refund,1
5842-GASEW,2024-05-17,No,13,happy with service,2
3545-QLALX,2024-05-17,Yes,10,service issue,1
3099-JISJF,2024-05-17,No,20,paymnt failed,2
9673-EEFLW,2024-05-17,No,55,paymnt failed,2
5352-XZXHD,2024-05-17,Yes,70,billing complaint,1
0379-QJRIP,2024-05-17,No,92,billing complaint,2
7024-QCFTV,2024-05-17,No,44,guidance to renew,2
0605-WXKAL,2024-05-17,No,2,demaned refund,2
2825-ASPQN,2024-05-17,No,88,billing complaint,1
5964-JVOWL,2024-05-18,No,92,paymnt failed,1
1628-GWXHY,2024-05-18,Yes,61,happy with service,1
7670-DOOYI,2024-05-18,No,63,billing complaint,1
8498-MVQLC,2024-05-18,Yes,92,No comment,1
9453-GTZLO,2024-05-18,No,89,demaned refund,1
4521-FNGUJ,2024-05-18,Yes,71,guidance to renew,1
9380-KHNOX,2024-05-18,Yes,93,No comment,1
0701-IBXDS,2024-05-18,No,49,received refund,1
1814-APYFN,2024-05-18,Unknown,43,received refund,2
5775-ZLYGP,2024-05-18,Yes,14,requested callback,2
8848-HQNQS,2024-05-18,Yes,13,requested callback,1
1354-NFEDC,2024-05-18,No,22,happy with service,1
7010-KLYDS,2024-05-19,No,52,No comment,1
9008-TBOEH,2024-05-19,Yes,51,requested callback,1
5149-DPJKO,2024-05-19,Yes,59,received refund,2
0119-GTZXK,2024-05-19,No,63,billing complaint,1
9768-BXKAO,2024-05-19,Yes,32,billing complaint,1
2267-BKOPU,2024-05-19,No,74,No comment,1
4481-HVTJG,2024-05-19,No,21,requested callback,1
9300-HVIKX,2024-05-19,Yes,90,requested callback,1
6174-HRBDL,2024-05-19,Yes,59,paymnt failed,1
6205-JOKUE,2024-05-19,No,17,No comment,1
8594-GWEYU,2024-05-20,Yes,57,received refund,1
3560-BQMDE,2024-05-20,Yes,91,happy with service,2
0508-ATJMV,2024-05-20,No,49,requested callback,1
6922-VOCEB,2024-05-20,Yes,43,service issue,1
7424-GTWUY,2024-05-20,Yes,7,demaned refund,1
0061-XSSVW,2024-05-20,Yes,89,received refund,1
2075-HWTJX,2024-05-20,Yes,83,app not working,1
3490-ITKNN,2024-05-20,No,47,happy with service,1
3631-YSWKR,2024-05-20,Unknown,86,No comment,1
7375-OVEIN,2024-05-20,Yes,37,app not working,1
1323-HGLNE,2024-05-20,Yes,37,No comment,1
9013-WHJJR,2024-05-20,Yes,11,app not working,1
3118-NQYQN,2024-05-20,No,6,No comment,2
5640-MWBQP,2024-05-20,No,34,requested callback,1
3427-LKNEI,2024-05-20,Unknown,23,No comment,2
2135-SQBHJ,2024-05-21,Yes,1,happy with service,1
6933-NLJJK,2024-05-21,Yes,34,app not working,1
6003-HFSML,2024-05-21,Yes,65,received refund,2
8398-CRCEH,2024-05-21,Yes,36,requested callback,1
0301-OKSLG,2024-05-21,No,25,received refund,2
0924-QWZCT,2024-05-21,Yes,90,No comment,1
0467-PXTLB,2024-05-21,No,18,paymnt failed,2
0497-OYLGB,2024-05-21,Yes,12,billing complaint,1
4902-HFKAT,2024-05-21,No,28,happy with service,2
5131-BOVID,2024-05-21,No,94,billing complaint,1
6263-TXJTL,2024-05-21,No,62,No comment,2
3919-AYDQU,2024-05-21,No,9,paymnt failed,1
8182-PZSQE,2024-05-22,No,83,demaned refund,1
4262-EGPOF,2024-05-22,Yes,87,No comment,1
1970-WOHLU,2024-05-22,No,61,requested callback,1
5475-AEKVA,2024-05-22,No,38,No comment,2
6334-OYHHK,2024-05-22,Yes,49,demaned refund,1
8834-TNPVQ,2024-05-22,Yes,96,guidance to renew,1
4228-KXHLB,2024-05-22,Yes,55,demaned refund,1
6649-UAQOP,2024-05-22,Yes,32,app not working,1
3411-AXHUY,2024-05-22,No,94,guidance to renew,1
9059-NHGKF,2024-05-22,Yes,88,app not working,1
8219-QTBKS,2024-05-22,Yes,33,app not working,1
6213-JQMNZ,2024-05-22,No,32,guidance to renew,2
1697-YCRBJ,2024-05-22,No,28,service issue,1
4269-OYGZE,2024-05-22,Unknown,26,No comment,1
4350-GQALE,2024-05-22,No,70,happy with service,1
4284-DRQOV,2024-05-22,No,32,demaned refund,1
7632-XWCUS,2024-05-22,Unknown,16,paymnt failed,1
5743-XKHQH,2024-05-23,No,55,demaned refund,1
4606-YAMZL,2024-05-23,No,46,No comment,1
2132-JOTJP,2024-05-23,No,15,No comment,1
3877-BYOKX,2024-05-23,No,15,paymnt failed,1
0220-EJKNA,2024-05-23,Yes,99,service issue,1
1796-SCBUC,2024-05-23,Yes,60,app not working,1
6321-WMFFS,2024-05-23,Yes,41,app not working,2
0386-WTCTJ,2024-05-23,Yes,2,app not working,2
6584-AXVYE,2024-05-23,Yes,64,No comment,2
9313-MWHER,2024-05-23,Unknown,37,requested callback,2
9218-WKIYR,2024-05-23,Yes,1,No comment,2
8026-OVTUD,2024-05-23,No,35,service issue,1
7275-WJDWG,2024-05-23,Yes,2,service issue,2
0500-KJEPN,2024-05-23,No,10,No comment,1
6318-BWVXR,2024-05-23,Yes,27,app not working,2
1017-QZXCU,2024-05-23,No,90,demaned refund,1
9496-UPRPK,2024-05-23,Yes,9,received refund,1
2495-OEXMV,2024-05-23,No,68,app not working,2
9528-NUXCJ,2024-05-23,Yes,44,happy with service,1
8536-ABGTW,2024-05-23,No,81,No comment,2
4117-EOIUP,2024-05-24,Unknown,16,demaned refund,1
5923-PDQXC,2024-05-24,Yes,70,billing complaint,1
1103-MTEAL,2024-05-24,Yes,1,requested callback,1
2361-OQIJA,2024-05-24,No,95,received refund,1
6193-EEUJU,2024-05-24,Yes,36,No comment,2
2340-IXDSC,2024-05-24,Yes,7,app not working,1
9783-EZFRO,2024-05-24,No,44,requested callback,1
2985-XMNAX,2024-05-24,Yes,41,happy with service,2
4215-VAEOL,2024-05-24,Yes,89,guidance to renew,1
2568-HZBGP,2024-05-24,No,14,received refund,1
2960-NRBQV,2024-05-24,Yes,56,happy with service,3
1806-VNADV,2024-05-24,Yes,50,billing complaint,2
3816-HQVNL,2024-05-24,Yes,59,demaned refund,1
9770-GMFRX,2024-05-24,No,21,received refund,1
4135-PKKLY,2024-05-24,Yes,82,No comment,1
9079-GFKRQ,2024-05-24,No,31,service issue,1
4250-WHIYN,2024-05-24,Yes,57,requested callback,1
6959-SJTHZ,2024-05-24,Yes,20,guidance to renew,2
8919-FNZCA,2024-05-25,Unknown,89,No comment,1
3767-YJNNG,2024-05-25,Yes,71,app not working,2
0719-JFVUY,2024-05-25,No,23,No comment,1
0717-RPLHY,2024-05-25,Yes,30,happy with service,1
2267-IELDD,2024-05-25,Unknown,78,service issue,2
7513-QRKSY,2024-05-25,No,35,happy with service,2
8858-TNWAE,2024-05-25,Yes,85,demaned refund,1
6030-EAIYV,2024-05-25,No,82,No comment,1
4457-FUETN,2024-05-26,Yes,6,No comment,1
8167-IWLJK,2024-05-26,Yes,11,received refund,1
2971-YIVKR,2024-05-26,Unknown,91,No comment,1
3925-PTAWZ,2024-05-26,No,81,happy with service,1
2075-SBQLY,2024-05-26,No,19,demaned refund,1
5773-ILAOK,2024-05-26,No,49,demaned refund,1
4538-YXKTX,2024-05-26,No,3,No comment,1
1040-BXUAB,2024-05-26,Yes,49,app not working,1
7667-DKTBF,2024-05-26,Unknown,34,No comment,1
5477-IJDUQ,2024-05-26,Yes,8,service issue,1
3448-NMDOX,2024-05-26,No,73,service issue,2
5809-ESCYW,2024-05-26,No,36,paymnt failed,1
0108-ZLXXV,2024-05-26,No,60,received refund,1
9376-TOEOU,2024-05-26,Yes,49,happy with service,1
7442-MPNYZ,2024-05-26,No,1,happy with service,2
7117-IIVHS,2024-05-26,Unknown,92,demaned refund,2
8078-ITOXX,2024-05-26,No,46,demaned refund,2
4978-GCNDJ,2024-05-27,Yes,1,No comment,1
8128-AQHJS,2024-05-27,Yes,43,billing complaint,1
5671-CTKPD,2024-05-27,No,78,No comment,1
0858-YEYPJ,2024-05-27,Yes,75,received refund,1
5528-MGGVZ,2024-05-27,No,41,billing complaint,1
8956-FAVGE,2024-05-27,Yes,97,app not working,2
8594-DCMSJ,2024-05-27,Yes,49,guidance to renew,2
0990-QWTOU,2024-05-27,Unknown,60,demaned refund,2
8082-XGDCU,2024-05-27,No,27,No comment,1
3275-KZMLG,2024-06-01,No,65,received refund,1
3100-IULMI,2024-06-01,No,11,No comment,1
9767-IAJHD,2024-06-01,No,6,paymnt failed,1
7319-ZDYTE,2024-06-01,No,70,guidance to renew,1
0926-REQPZ,2024-06-01,No,42,guidance to renew,1
6105-OBQDM,2024-06-01,No,6,guidance to renew,2
4211-QOYEY,2024-06-01,Yes,4,No comment,1
4588-KLGNJ,2024-06-01,No,14,No comment,2
8367-SMLMR,2024-06-02,Yes,94,No comment,2
0745-ZMPAS,2024-06-02,No,78,demaned refund,1
0686-IJQVW,2024-06-02,Unknown,92,app not working,2
8726-LGIDG,2024-06-02,No,56,happy with service,1
6286-PUNPX,2024-06-02,Yes,59,happy with service,1
0537-IAIZG,2024-06-02,Yes,13,received refund,1
3709-BCPDX,2024-06-02,No,34,demaned refund,1
2591-TXZUG,2024-06-02,Yes,79,received refund,2
1380-XSLWZ,2024-06-02,Yes,65,billing complaint,1
5136-KZIXL,2024-06-02,No,2,guidance to renew,1
9197-QBBVR,2024-06-03,No,38,No comment,1
6217-VJTAF,2024-06-03,Yes,12,billing complaint,1
2851-QSCJN,2024-06-03,No,34,received refund,1
8718-ADGQO,2024-06-03,Yes,75,requested callback,1
8365-JLLYA,2024-06-03,No,63,No comment,1
8551-SLAQF,2024-06-03,No,49,billing complaint,1
2035-SASIE,2024-06-03,No,5,No comment,1
8238-INIYT,2024-06-03,Yes,95,requested callback,1
9053-GWHQA,2024-06-03,No,65,No comment,1
5503-ZAJWU,2024-06-03,Yes,47,paymnt failed,1
8289-ZOABB,2024-06-03,Yes,20,billing complaint,2
9716-CPZYB,2024-06-03,No,2,demaned refund,1
2156-UMTDS,2024-06-03,Unknown,86,demaned refund,2
4168-TBCHY,2024-06-03,No,7,service issue,1
3428-QKGXE,2024-06-04,Yes,93,billing complaint,1
2440-IGWYO,2024-06-04,No,6,No comment,1
5197-ZNYUW,2024-06-04,No,47,guidance to renew,1
9167-MDLZP,2024-06-04,Unknown,95,guidance to renew,1
1433-VYYCD,2024-06-04,Yes,60,received refund,2
1038-QGOFM,2024-06-04,Yes,9,requested callback,1
0837-BYEOW,2024-06-04,No,89,requested callback,1
3978-DVLQM,2024-06-04,No,83,requested callback,1
7926-TOUAX,2024-06-04,Yes,27,service issue,1
8284-EFHNT,2024-06-04,No,57,No comment,1
4009-OTJKW,2024-06-04,No,39,paymnt failed,2
9202-JLJXY,2024-06-04,No,66,billing complaint,2
9449-QEFVY,2024-06-04,Yes,27,No comment,2
8237-GBCOO,2024-06-04,No,47,service issue,1
1685-WETVA,2024-06-04,No,42,No comment,1
8720-NBTFJ,2024-06-04,Unknown,30,app not working,1
0563-CALYO,2024-06-04,Unknown,98,received refund,1
9480-JRXHL,2024-06-05,Yes,40,service issue,2
7891-DXPJT,2024-06-05,Yes,36,No comment,1
0889-ISKCM,2024-06-05,Yes,56,happy with service,1
3421-RVKLH,2024-06-05,No,13,happy with service,1
4444-ERYCO,2024-06-05,Yes,98,happy with service,2
5348-IBUFE,2024-06-05,Yes,9,No comment,1
9194-SVSEQ,2024-06-05,Yes,61,No comment,1
8386-TXFHT,2024-06-05,No,23,paymnt failed,2
2028-UGNQL,2024-06-05,Yes,36,service issue,2
8850-MPCYR,2024-06-05,Yes,63,guidance to renew,2
3525-KISDM,2024-06-05,Yes,68,No comment,1
5434-GZYOG,2024-06-05,Yes,49,happy with service,1
4620-ZZYBH,2024-06-05,Unknown,16,app not working,1
4966-PNPHX,2024-06-05,Yes,69,billing complaint,1
1965-TSBMH,2024-06-05,No,83,received refund,1
0188-BRIID,2024-06-05,No,72,No comment,2
7094-WNYVQ,2024-06-06,Yes,82,requested callback,1
4213-BRTGA,2024-06-06,No,4,No comment,1
3151-PAAFD,2024-06-06,No,8,No comment,1
0624-ACYCY,2024-06-06,No,97,No comment,1
8885-ICZII,2024-06-06,Yes,46,app not working,1
9031-OLVAL,2024-06-06,Yes,97,paymnt failed,2
9386-WKEHW,2024-06-06,Unknown,25,demaned refund,2
6513-NVBSJ,2024-06-06,No,64,guidance to renew,1
0907-WJNZZ,2024-06-06,No,31,billing complaint,1
1374-RHNON,2024-06-06,No,55,happy with service,1
8039-TLBXA,2024-06-07,No,19,app not working,1
7700-OXHWT,2024-06-07,No,60,service issue,1
6334-KWKTT,2024-06-07,Yes,23,guidance to renew,1
0338-RKCOU,2024-06-07,No,80,paymnt failed,1
5821-MINFS,2024-06-07,No,89,app not working,1
1868-JVLCL,2024-06-07,Unknown,9,guidance to renew,1
1325-REZIT,2024-06-07,No,97,happy with service,1
0536-CHZZA,2024-06-07,Yes,41,No comment,1
0645-BUIDG,2024-06-07,Unknown,20,No comment,1
9927-CPXSG,2024-06-07,Yes,11,demaned refund,1
8924-KBBRT,2024-06-07,Unknown,51,paymnt failed,1
2048-DVOXL,2024-06-07,No,43,billing complaint,1
6531-HAXSX,2024-06-07,No,16,billing complaint,1
6686-TBRBZ,2024-06-08,Yes,80,paymnt failed,1
2715-WLCYO,2024-06-08,No,35,No comment,1
1903-MBVAD,2024-06-08,No,21,guidance to renew,1
3254-JINKY,2024-06-08,Yes,80,received refund,1
7386-VZDJJ,2024-06-08,Unknown,83,requested callback,1
3965-ZLJNR,2024-06-08,Yes,6,demaned refund,2
6345-QEJMB,2024-06-08,Yes,31,No comment,1
7186-TAAYM,2024-06-08,Yes,96,No comment,1
7677-PUCCU,2024-06-09,Yes,41,paymnt failed,1
9523-STGHW,2024-06-09,Yes,26,service issue,1
1067-FPPDA,2024-06-09,Unknown,14,paymnt failed,1
9693-RDODX,2024-06-09,No,23,billing complaint,1
1822-KHLDF,2024-06-09,Yes,53,No comment,1
4726-SDPGG,2024-06-09,No,65,paymnt failed,2
3822-OMKVP,2024-06-09,Yes,80,guidance to renew,1
2506-GENHL,2024-06-09,Yes,78,No comment,1
4321-HUTKY,2024-06-09,Yes,81,No comment,1
0153-PJNRU,2024-06-09,Yes,14,happy with service,1
2145-SZDJW,2024-06-09,Yes,21,service issue,1
6340-ORJAS,2024-06-09,Yes,79,demaned refund,1
1508-BCXVT,2024-06-10,Yes,58,paymnt failed,1
3750-UCMOU,2024-06-10,Yes,72,No comment,1
2034-GFPOK,2024-06-10,Yes,62,happy with service,1
3393-LBEYE,2024-06-10,No,58,No comment,1
3402-WMLEH,2024-06-10,Yes,62,app not working,1
6689-SVING,2024-06-10,No,31,No comment,1
2564-SRZIU,2024-06-10,Yes,52,paymnt failed,1
4379-OZNTY,2024-06-10,Yes,1,No comment,1
5884-XBBQG,2024-06-10,No,61,received refund,2
5340-XEKQQ,2024-06-10,No,64,No comment,2
3111-DKXJW,2024-06-10,No,94,billing complaint,1
9509-VUVUN,2024-06-10,No,78,requested callback,1
1365-FWAYQ,2024-06-10,Unknown,23,No comment,1
0768-PFWSF,2024-06-10,Yes,85,No comment,1
1596-JYFAN,2024-06-10,Yes,82,app not working,1
3355-OLZLO,2024-06-10,No,49,No comment,1
8266-TPYND,2024-06-10,Unknown,41,requested callback,1
4315-JEQJB,2024-06-10,Yes,60,service issue,1
2869-VHGHF,2024-06-10,No,74,guidance to renew,1
0963-VXMCN,2024-06-11,No,88,No comment,1
6726-WEYXF,2024-06-11,Yes,77,service issue,1
5616-WXADY,2024-06-11,Yes,53,requested callback,1
1084-QKYEJ,2024-06-11,Yes,71,guidance to renew,2
7549-YRUCU,2024-06-11,Yes,84,billing complaint,1
8506-YGGMO,2024-06-11,No,58,No comment,1
2806-INIQY,2024-06-11,No,79,app not working,1
3585-OONJB,2024-06-11,No,41,No comment,1
8511-DTMKT,2024-06-11,Yes,54,requested callback,2
0960-WTZSX,2024-06-11,Yes,36,service issue,1
1957-UYHVP,2024-06-11,Unknown,66,service issue,1
2481-PBYSG,2024-06-11,No,32,happy with service,1
7761-ECQVU,2024-06-11,Yes,15,demaned refund,1
9322-EIYTG,2024-06-11,Unknown,80,paymnt failed,1
2714-SBCHS,2024-06-11,Yes,56,No comment,2
3091-NDTZF,2024-06-12,Yes,82,paymnt failed,1
3498-TOOZT,2024-06-12,No,13,requested callback,1
9911-MRHRF,2024-06-12,Yes,69,happy with service,1
4208-CJGXN,2024-06-12,Yes,20,demaned refund,1
1171-JWRTL,2024-06-12,No,25,happy with service,1
5381-ZWXKW,2024-06-12,Yes,5,demaned refund,2
9843-TJOXE,2024-06-12,No,56,No comment,1
8800-NMUWT,2024-06-12,No,53,demaned refund,1
1720-JDUJW,2024-06-12,No,98,demaned refund,2
0453-JAJZR,2024-06-12,No,52,service issue,1
2731-NHQZH,2024-06-12,Yes,8,requested callback,1
9083-DZWOP,2024-06-13,Yes,59,No comment,1
1977-GHJFX,2024-06-13,Yes,65,paymnt failed,2
1742-RKKUV,2024-06-13,No,48,app not working,1
3627-CBBTX,2024-06-13,No,33,app not working,2
0878-HWXRO,2024-06-13,Yes,0,guidance to renew,1
8798-COVDR,2024-06-13,No,50,paymnt failed,2
7563-VDEUT,2024-06-13,Yes,44,No comment,2
0623-FIWZV,2024-06-13,No,71,No comment,1
5097-JULZJ,2024-06-13,No,7,billing complaint,2
4057-HHELH,2024-06-14,No,70,No comment,1
4871-DQBUK,2024-06-14,No,42,guidance to renew,1
5845-MHXMC,2024-06-14,No,55,guidance to renew,1
0730-YDKFX,2024-06-14,Yes,86,No comment,2
3399-MWPLQ,2024-06-14,No,11,No comment,1
8859-LCVOR,2024-06-14,Yes,25,paymnt failed,1
4607-EGOBB,2024-06-14,Yes,43,No comment,1
1302-ATVHF,2024-06-14,Yes,32,app not working,1
2566-VMNRY,2024-06-14,No,49,No comment,1
6058-FAMLW,2024-06-14,No,56,received refund,1
8549-XSRFX,2024-06-14,Yes,41,No comment,1
8333-ISKNF,2024-06-14,No,27,received refund,1
4432-QEKBJ,2024-06-14,No,62,No comment,1
9115-PYDVV,2024-06-14,Yes,58,requested callback,2
8955-RWOHC,2024-06-14,No,3,paymnt failed,1
4361-EAYQN,2024-06-14,Yes,8,guidance to renew,2
4852-WGMXV,2024-06-14,No,11,No comment,2
0222-PEFSV,2024-06-14,No,49,received refund,2
7443-CAIJI,2024-06-15,Yes,78,received refund,2
9820-GYEPF,2024-06-15,Yes,80,happy with service,1
9813-WTVYG,2024-06-15,Yes,51,happy with service,1
2216-RVBVU,2024-06-15,No,74,service issue,1
9212-THYRX,2024-06-15,No,61,No comment,1
8861-SJQUG,2024-06-15,Yes,71,requested callback,1
9336-QMOCX,2024-06-15,Yes,0,happy with service,2
4633-UPAOC,2024-06-15,Yes,90,paymnt failed,1
3172-RVJIZ,2024-06-15,Yes,32,happy with service,1
7596-XJGNX,2024-06-15,Yes,64,requested callback,2
7194-UPNDY,2024-06-15,Yes,31,demaned refund,2
3531-KLNEV,2024-06-15,Yes,49,billing complaint,1
7902-YYRWB,2024-06-15,No,69,No comment,1
0303-MWABW,2024-06-15,No,57,paymnt failed,1
5827-HCSCE,2024-06-15,Unknown,52,No comment,1
9340-KGZDM,2024-06-15,Yes,89,billing complaint,1
3997-BBGPL,2024-06-15,No,17,billing complaint,1
2412-VEJMA,2024-06-15,Yes,62,No comment,1
3769-OMZYF,2024-06-15,Yes,51,happy with service,1
3578-YGAZU,2024-06-15,No,49,No comment,1
6174-LSNDF,2024-06-15,Unknown,77,requested callback,1
7929-NUFMO,2024-06-16,Yes,12,No comment,1
5158-VQOVT,2024-06-16,Yes,22,No comment,1
3245-YDQRL,2024-06-16,No,37,happy with service,1
2513-MLBSM,2024-06-16,Yes,6,No comment,1
6506-UJRHZ,2024-06-16,Unknown,54,No comment,1
4418-QTWHT,2024-06-16,No,90,billing complaint,1
6728-FIIKQ,2024-06-16,Yes,79,requested callback,1
5931-DFICV,2024-06-16,Yes,15,paymnt failed,1
1319-LYRMS,2024-06-16,Yes,5,app not working,2
6309-UOQIC,2024-06-16,Yes,21,demaned refund,1
8949-KOZGW,2024-06-16,Yes,34,No comment,2
5343-JLYKU,2024-06-16,No,6,billing complaint,1
0809-PELGR,2024-06-16,Yes,44,service issue,1
2235-CLNOX,2024-06-16,Yes,74,service issue,1
6781-DMBYO,2024-06-16,No,96,service issue,1
0428-HEUSF,2024-06-16,No,79,received refund,1
2825-JAFKF,2024-06-16,Yes,69,No comment,1
6197-ARHHA,2024-06-16,No,9,guidance to renew,1
8920-BYAXV,2024-06-16,No,12,billing complaint,1
4894-ECVOK,2024-06-17,No,36,received refund,1
3483-UHTBJ,2024-06-17,No,37,billing complaint,1
9569-UVSEY,2024-06-17,Yes,89,No comment,1
0415-AZLWO,2024-06-17,No,90,demaned refund,1
5463-ULBLT,2024-06-17,No,54,No comment,1
9579-SUJFC,2024-06-17,Yes,85,No comment,2
9635-KSXMK,2024-06-17,Yes,64,No comment,2
9271-SAXCC,2024-06-17,No,81,billing complaint,2
3718-PFXPN,2024-06-17,No,58,demaned refund,2
6562-XPNFA,2024-06-18,Yes,77,No comment,1
0201-ZTEKC,2024-06-18,Unknown,2,No comment,1
0211-BKDEC,2024-06-18,No,41,No comment,1
1298-ZLEGR,2024-06-18,Unknown,28,No comment,1
5672-RBVTG,2024-06-18,Yes,24,paymnt failed,1
0483-BJJGE,2024-06-18,Yes,49,paymnt failed,1
6755-HJBTG,2024-06-18,Yes,35,No comment,1
4640-GHMCL,2024-06-18,No,63,No comment,1
3797-XDVIW,2024-06-18,No,51,demaned refund,1
7832-DOBWS,2024-06-18,Yes,44,No comment,1
8810-NZFJV,2024-06-19,Yes,56,billing complaint,1
0653-NJQME,2024-06-19,No,89,guidance to renew,2
7939-WGVWC,2024-06-19,No,97,app not working,1
8909-HRGZK,2024-06-19,No,37,guidance to renew,1
6588-FZGXN,2024-06-19,Yes,7,received refund,1
4805-EQRZZ,2024-06-19,Yes,8,No comment,1
7593-FCXKZ,2024-06-19,No,80,No comment,1
8026-WIPJQ,2024-06-19,No,19,requested callback,2
2562-GCYBZ,2024-06-19,Yes,10,requested callback,1
5670-SFOEG,2024-06-19,No,87,received refund,2
0380-JYXMN,2024-06-19,Yes,1,paymnt failed,1
6846-TDTDB,2024-06-19,No,10,No comment,1
2384-IQJXN,2024-06-19,Yes,27,requested callback,1
7902-VKECC,2024-06-19,No,90,received refund,1
1595-RSIYM,2024-06-20,Yes,22,guidance to renew,1
1205-MRBZX,2024-06-20,No,8,service issue,1
5011-CIMIH,2024-06-20,No,77,requested callback,1
2345-UUGZJ,2024-06-20,Yes,98,requested callback,1
1989-UBNGS,2024-06-20,Yes,49,guidance to renew,1
5406-CNWJB,2024-06-20,Unknown,44,guidance to renew,1
8592-LMTMT,2024-06-20,No,22,No comment,2
7254-EFOHE,2024-06-20,Unknown,15,guidance to renew,2
6882-PDVJW,2024-06-20,Yes,64,service issue,1
5174-OZRXY,2024-06-20,Unknown,67,No comment,1
3868-WRWQB,2024-06-20,No,89,service issue,2
7706-VDEQW,2024-06-20,Yes,23,billing complaint,1
8783-TSFUO,2024-06-20,Yes,13,received refund,1
0683-JEBVO,2024-06-20,Yes,86,requested callback,1
1372-LBGBL,2024-06-20,Yes,22,demaned refund,1
6850-QZZCH,2024-06-20,Unknown,63,received refund,2
0847-EEEAP,2024-06-20,No,18,requested callback,2
5976-FYDRS,2024-06-21,No,19,app not working,1
2306-EQTSY,2024-06-21,Yes,91,No comment,2
3370-QUCAK,2024-06-21,Yes,19,No comment,1
3594-QBYBR,2024-06-21,Yes,87,app not working,1
8201-AWGQH,2024-06-21,No,49,requested callback,1
7262-OLCLS,2024-06-21,Yes,36,No comment,2
7308-GKOIM,2024-06-21,Yes,25,demaned refund,1
8554-AXIHT,2024-06-21,Yes,80,paymnt failed,1
5759-UHBOC,2024-06-21,Yes,61,service issue,1
0772-XKYHD,2024-06-21,Yes,86,billing complaint,1
6545-PHNJG,2024-06-21,No,93,requested callback,1
0334-NLIEJ,2024-06-21,No,44,demaned refund,1
8705-DRZKH,2024-06-21,No,60,No comment,1
0105-UOQGX,2024-06-21,No,33,No comment,1
1478-YLUCV,2024-06-21,Yes,15,guidance to renew,1
5014-ISBSV,2024-06-22,Yes,28,demaned refund,1
2395-THNIZ,2024-06-22,Yes,49,service issue,1
2531-VTZMR,2024-06-22,Yes,62,No comment,1
8243-GYTVG,2024-06-22,No,68,requested callback,1
6659-EIGHO,2024-06-22,Yes,90,happy with service,1
7507-BVAZU,2024-06-22,No,49,No comment,1
7053-SUBSZ,2024-06-22,No,65,demaned refund,1
5581-FNKZD,2024-06-22,Yes,73,paymnt failed,1
0665-XYRUX,2024-06-22,No,0,billing complaint,1
7063-LBNGK,2024-06-22,Yes,46,No comment,1
0985-VCUSN,2024-06-23,Yes,64,paymnt failed,1
7423-YDUCG,2024-06-23,No,22,No comment,2
2272-DYFIS,2024-06-23,No,16,app not working,1
0328-XWOZG,2024-06-23,Yes,23,paymnt failed,1
7177-BTVFA,2024-06-23,No,6,service issue,1
5033-TYENZ,2024-06-23,Yes,33,demaned refund,1
7351-AVAXQ,2024-06-23,No,43,happy with service,2
8914-GUNGE,2024-06-23,No,39,happy with service,1
6927-ONLIN,2024-06-23,No,21,app not working,1
2955-FMEQB,2024-06-23,Yes,49,happy with service,2
6724-KVSVX,2024-06-23,No,43,service issue,1
7279-VCNSR,2024-06-23,Yes,8,No comment,1
0118-QOPXN,2024-06-23,No,69,No comment,2
4623-ADZAQ,2024-06-23,Yes,10,app not working,1
6084-OEGJO,2024-06-23,No,33,billing complaint,1
4139-HJULL,2024-06-24,No,65,app not working,1
5280-FMHCY,2024-06-24,No,26,No comment,1
5188-MVGYI,2024-06-24,No,79,received refund,1
9073-AJCCH,2024-06-24,Yes,48,billing complaint,2
1103-OVMJB,2024-06-24,No,14,No comment,2
8913-LPKQQ,2024-06-24,Yes,35,No comment,2
2092-VZCBL,2024-06-24,Unknown,74,demaned refund,1
8211-RMNMH,2024-06-24,No,15,No comment,1
9250-HIDTN,2024-06-24,No,46,No comment,1
7870-IMPXS,2024-06-24,No,77,app not working,1
9845-PHFIM,2024-06-24,Yes,74,guidance to renew,1
4461-LAIMO,2024-06-25,Yes,56,No comment,1
8794-QVJKB,2024-06-25,No,74,guidance to renew,1
5050-KZFCP,2024-06-25,No,43,guidance to renew,1
4576-MNUNW,2024-06-25,Unknown,93,received refund,1
2779-PWKOJ,2024-06-25,Yes,24,billing complaint,1
7243-AWDTR,2024-06-25,Yes,49,happy with service,2
9851-QRFPY,2024-06-25,No,49,guidance to renew,2
3018-WBYQK,2024-06-25,Yes,71,happy with service,1
1228-TEUDX,2024-06-25,Yes,78,app not working,1
4081-GJJWJ,2024-06-25,Yes,81,No comment,2
8356-SEXKW,2024-06-25,No,66,received refund,1
3012-AWAKA,2024-06-25,Yes,17,paymnt failed,2
9508-NFZJN,2024-06-25,Unknown,55,demaned refund,1
5098-MSNBP,2024-06-25,No,85,received refund,2
2732-YPGAK,2024-06-25,No,75,No comment,1
1451-PCDLE,2024-06-25,Yes,76,paymnt failed,1
5005-EIGOU,2024-06-26,No,25,guidance to renew,1
5445-BEDFI,2024-06-26,No,99,service issue,1
8500-OMSNX,2024-06-26,No,70,No comment,2
2154-GCCYM,2024-06-26,Unknown,60,billing complaint,1
8154-GMCOT,2024-06-26,Unknown,79,No comment,2
0406-NUHNI,2024-06-26,No,36,No comment,2
8367-AKFYK,2024-06-26,Yes,5,app not working,2
3915-XIPCB,2024-06-26,No,76,app not working,1
4338-IZSPG,2024-06-27,No,11,requested callback,1
5799-DFCDX,2024-06-27,Yes,61,requested callback,1
1528-BCMZY,2024-06-27,Unknown,26,app not working,2
1993-UFCVB,2024-06-27,Yes,8,demaned refund,1
0676-PCSBH,2024-06-27,Yes,63,No comment,1
5287-BNYYF,2024-06-27,Yes,30,No comment,1
0524-RERVS,2024-06-27,Yes,80,received refund,1
8642-EEQIN,2024-06-27,No,17,guidance to renew,2
6478-FAIMY,2024-06-27,Yes,55,guidance to renew,1
5093-LBZBI,2024-07-01,Yes,70,No comment,1
8313-BMKPB,2024-07-01,Yes,20,No comment,1
0639-VUBNB,2024-07-01,Yes,78,demaned refund,1
5732-IUEDU,2024-07-01,No,19,demaned refund,1
8412-GUQOO,2024-07-01,No,38,billing complaint,1
9070-TIQBQ,2024-07-01,No,36,No comment,1
4827-OBXCO,2024-07-01,Yes,25,guidance to renew,2
8196-AEUYQ,2024-07-01,Yes,84,paymnt failed,1
9269-JZKSQ,2024-07-01,Yes,2,demaned refund,2
0181-VYOFF,2024-07-01,No,58,No comment,1
0654-XKCHO,2024-07-01,Yes,89,guidance to renew,1
4143-EQYAQ,2024-07-01,No,80,app not working,1
4005-XSMZL,2024-07-01,Yes,35,app not working,1
4005-RSVDA,2024-07-01,No,9,billing complaint,1
7834-RXMSR,2024-07-01,No,18,No comment,2
4110-TJMYT,2024-07-02,Yes,1,received refund,1
8350-PFOCZ,2024-07-02,Yes,1,demaned refund,1
1741-MVJSZ,2024-07-02,Yes,17,demaned refund,1
7026-OIRTZ,2024-07-02,No,82,billing complaint,1
6998-LLNFG,2024-07-02,No,30,demaned refund,1
2326-ZREXX,2024-07-02,No,62,paymnt failed,1
3300-TONQQ,2024-07-02,Yes,98,received refund,1
1708-ZHDTS,2024-07-03,Yes,0,guidance to renew,2
0822-WQFFA,2024-07-03,No,21,billing complaint,1
2501-LNOIR,2024-07-03,No,11,app not working,1
9336-QJNAV,2024-07-03,No,88,requested callback,1
2796-HEQEX,2024-07-03,No,93,app not working,2
8099-HJYNN,2024-07-03,Yes,53,demaned refund,1
8492-VAONO,2024-07-03,Unknown,92,No comment,1
4471-IQJVG,2024-07-03,Yes,85,happy with service,1
6596-QMNPR,2024-07-03,Unknown,73,requested callback,2
0969-DPZVK,2024-07-03,No,26,happy with service,1
7797-UKLFV,2024-07-03,Unknown,0,paymnt failed,2
3592-ROUSW,2024-07-03,Yes,53,received refund,1
9514-ZAYNC,2024-07-03,No,77,paymnt failed,1
5179-SOPFO,2024-07-03,Yes,87,No comment,1
6991-QOBGA,2024-07-03,No,15,No comment,1
9722-QFGAH,2024-07-03,No,44,received refund,1
5223-QRDDO,2024-07-03,No,42,No comment,1
8005-GKWUT,2024-07-03,No,24,No comment,1
9847-TBFSH,2024-07-03,Yes,16,guidance to renew,1
9390-UEQOR,2024-07-04,Yes,10,paymnt failed,1
6512-ZKECI,2024-07-04,Yes,28,demaned refund,1
9557-FRVRV,2024-07-04,No,34,No comment,1
0789-VNGBA,2024-07-04,No,26,app not working,2
3415-BSUEC,2024-07-04,Yes,48,No comment,2
4704-XZTDH,2024-07-04,Yes,25,guidance to renew,1
8513-MJEYJ,2024-07-04,Yes,67,No comment,1
6863-COTPW,2024-07-04,Yes,7,happy with service,1
2541-KARFQ,2024-07-04,Yes,2,paymnt failed,1
3803-YUCZC,2024-07-04,Unknown,0,billing complaint,1
0565-CVIMO,2024-07-04,Yes,25,app not working,1
7402-PBEYW,2024-07-04,Yes,76,received refund,2
2024-QOPER,2024-07-04,Yes,71,service issue,1
8399-SDCIL,2024-07-04,Yes,19,No comment,1
2402-UWCCH,2024-07-04,No,9,requested callback,1
3239-LDYWH,2024-07-04,Yes,90,No comment,2
1284-DQEVN,2024-07-05,No,30,No comment,1
2900-KQBKH,2024-07-05,No,75,No comment,1
3259-NAYPB,2024-07-05,No,85,app not working,1
2850-AXDCE,2024-07-05,Yes,33,app not working,1
9639-VDHCB,2024-07-05,Unknown,47,paymnt failed,1
4751-AKCPF,2024-07-05,No,92,demaned refund,2
2887-JEUFK,2024-07-05,No,24,received refund,2
6479-YWXWT,2024-07-05,No,27,guidance to renew,1
3267-BWFJG,2024-07-05,No,68,service issue,1
8473-EJFCT,2024-07-05,Yes,79,received refund,1
3602-VDMKI,2024-07-05,Unknown,49,No comment,1
3271-PJDVD,2024-07-05,Yes,46,billing complaint,1
0482-EPNMG,2024-07-05,No,97,No comment,1
8342-RJILJ,2024-07-05,Unknown,33,No comment,1
0159-IBNXN,2024-07-06,No,8,service issue,1
1963-KLRRX,2024-07-06,Unknown,36,billing complaint,1
6624-REIQM,2024-07-06,Yes,38,app not working,1
1831-GDENQ,2024-07-06,Yes,47,app not working,2
6410-IKPOL,2024-07-06,Yes,58,No comment,1
5507-ZVIZE,2024-07-06,No,90,service issue,1
6515-IDZZX,2024-07-06,Yes,49,app not working,1
6044-IBVMJ,2024-07-06,No,96,guidance to renew,1
8789-UCBNE,2024-07-06,Yes,51,app not working,1
1924-MONAN,2024-07-06,Yes,49,demaned refund,1
3599-SDNQK,2024-07-06,Yes,15,app not working,2
2291-UAPJN,2024-07-06,No,52,No comment,1
4749-VEOBD,2024-07-06,No,49,demaned refund,1
8279-WGNRP,2024-07-06,Yes,59,No comment,1
2903-RJPOF,2024-07-06,No,58,service issue,2
5561-UEDWZ,2024-07-06,No,49,demaned refund,2
6784-MOCYH,2024-07-06,Yes,99,No comment,2
0646-EDWIW,2024-07-06,No,77,requested callback,1
3661-YQQVN,2024-07-06,No,90,service issue,1
6083-QGVEQ,2024-07-07,Yes,48,requested callback,1
6080-KWQNZ,2024-07-07,Yes,31,demaned refund,2
1849-DKGPV,2024-07-07,No,56,No comment,1
5964-QBEOR,2024-07-07,Yes,50,billing complaint,1
5129-DAKXF,2024-07-07,Yes,82,No comment,1
3446-SOPVF,2024-07-07,Yes,46,No comment,1
7109-MFVXW,2024-07-07,No,19,requested callback,1
1134-OQFBL,2024-07-07,No,63,No comment,1
6877-BCFTO,2024-07-07,No,49,guidance to renew,2
0162-KOVDB,2024-07-07,No,17,guidance to renew,2
0327-DQHXG,2024-07-07,No,51,demaned refund,2
3027-CHEED,2024-07-08,No,93,happy with service,1
8269-TZSAZ,2024-07-08,Unknown,68,happy with service,1
1746-TZYNB,2024-07-08,No,33,demaned refund,2
8906-RAIGN,2024-07-08,No,56,No comment,1
6446-SBCHK,2024-07-08,No,30,No comment,1
3908-HLSJE,2024-07-08,Unknown,1,No comment,1
2411-PYDSW,2024-07-08,Yes,19,billing complaint,1
6014-LWLWY,2024-07-09,Yes,46,demaned refund,1
6180-XJTEX,2024-07-09,Yes,80,paymnt failed,1
2381-EYKIZ,2024-07-09,Yes,25,paymnt failed,1
0965-PBVLN,2024-07-09,Yes,83,No comment,1
1035-QGQHI,2024-07-09,Yes,6,No comment,1
1326-RHDTL,2024-07-09,No,55,No comment,1
0264-ENYMN,2024-07-09,Yes,45,paymnt failed,1
0252-LRTUK,2024-07-09,No,12,app not working,2
3141-NNEQU,2024-07-09,Unknown,66,demaned refund,1
1816-TJJRP,2024-07-09,Yes,83,requested callback,2
8068-KQUZN,2024-07-09,No,55,No comment,2
4200-VPDLY,2024-07-10,Unknown,98,paymnt failed,1
4121-JNTVI,2024-07-10,No,98,happy with service,2
3822-IMQAH,2024-07-10,No,45,No comment,1
4853-MGCFJ,2024-07-10,No,56,No comment,1
3181-XCTTE,2024-07-10,No,12,billing complaint,2
8507-LQJLX,2024-07-10,Unknown,6,service issue,1
7869-QLQEA,2024-07-10,Yes,73,requested callback,1
3811-RYHZJ,2024-07-10,No,77,billing complaint,1
2471-NBZQM,2024-07-10,Unknown,29,paymnt failed,1
4693-JRQWV,2024-07-10,Yes,48,No comment,1
4518-QJWIA,2024-07-10,No,64,received refund,1
1283-ROEZK,2024-07-11,Yes,3,No comment,1
3261-GCUUV,2024-07-11,No,87,No comment,1
8293-RGPJQ,2024-07-11,No,19,service issue,1
3752-PMEMZ,2024-07-11,No,63,app not working,1
7044-XUBDC,2024-07-11,No,64,No comment,1
9245-JZFRD,2024-07-11,Unknown,92,paymnt failed,1
2543-IFJWH,2024-07-11,Yes,49,paymnt failed,1
6311-VDYZD,2024-07-11,No,59,billing complaint,2
6347-BOGZS,2024-07-11,No,9,No comment,1
1764-FQNBV,2024-07-11,Unknown,77,demaned refund,1
4136-WTUHM,2024-07-11,No,55,No comment,1
4457-XJSZW,2024-07-11,No,16,service issue,1
4916-ORCUR,2024-07-11,Yes,16,app not working,1
8322-GEZEQ,2024-07-11,No,96,No comment,1
2115-OTTLB,2024-07-11,No,25,app not working,2
0387-PPSXZ,2024-07-11,Unknown,10,No comment,2
0353-YVADZ,2024-07-11,Yes,76,No comment,1
4830-IIWRA,2024-07-11,Yes,85,billing complaint,1
2781-XLQFO,2024-07-12,No,43,No comment,1
7521-SIRYQ,2024-07-12,Yes,30,service issue,2
7746-FQPEW,2024-07-12,Yes,11,service issue,1
9252-SNHYQ,2024-07-12,No,22,happy with service,1
7586-JNBNW,2024-07-12,Yes,8,No comment,1
0581-IJXLQ,2024-07-12,Yes,29,paymnt failed,1
9313-OIDLX,2024-07-12,Yes,11,service issue,1
9652-IOPWQ,2024-07-12,Yes,3,No comment,1
2897-XCMYV,2024-07-12,No,6,requested callback,2
8416-YSXOY,2024-07-12,No,52,received refund,1
4642-TDGAL,2024-07-13,No,49,No comment,1
3663-GCKAI,2024-07-13,No,25,app not working,1
8940-AESNK,2024-07-13,No,85,app not working,1
8956-KILIF,2024-07-13,No,54,No comment,1
3016-DNYPV,2024-07-13,No,60,No comment,1
6213-UAOYX,2024-07-13,Yes,78,demaned refund,1
0674-FDKMC,2024-07-13,No,49,No comment,3
9989-ADSTD,2024-07-13,No,10,received refund,1
0976-DLZDM,2024-07-14,No,74,requested callback,1
3224-GGBKA,2024-07-14,Yes,35,service issue,1
3909-IOJFM,2024-07-14,No,74,happy with service,1
1343-TIBFA,2024-07-14,Yes,49,guidance to renew,1
1156-TBWBW,2024-07-14,No,95,service issue,1
4804-FMRYS,2024-07-14,No,66,demaned refund,1
7484-ZJQUE,2024-07-14,No,99,billing complaint,1
1340-LHMGC,2024-07-14,No,5,requested callback,1
5314-HZDXN,2024-07-14,Yes,29,received refund,1
7180-QYBSV,2024-07-14,No,73,service issue,1
7496-DZVPG,2024-07-14,Yes,32,demaned refund,2
9749-QRRMC,2024-07-14,Yes,99,guidance to renew,1
1241-XVGIX,2024-07-14,No,29,paymnt failed,2
3105-LMIYJ,2024-07-14,No,24,No comment,1
1077-OUSBZ,2024-07-14,Yes,82,app not working,1
7278-FATNQ,2024-07-14,Yes,60,happy with service,1
4099-CTUBP,2024-07-14,No,44,billing complaint,1
9307-DCZYQ,2024-07-14,Yes,97,guidance to renew,1
6194-ZTMPN,2024-07-15,Yes,47,guidance to renew,1
3266-WTUTS,2024-07-15,No,80,happy with service,1
0958-RUOUP,2024-07-15,No,39,app not working,1
7729-UREHL,2024-07-15,Yes,40,service issue,1
0307-PDLJW,2024-07-15,Yes,62,service issue,1
0148-IQUUW,2024-07-15,Yes,63,requested callback,1
7674-SGYAH,2024-07-15,Yes,60,received refund,1
1091-NNMGJ,2024-07-15,No,10,No comment,1
9257-LVAZR,2024-07-15,No,49,billing complaint,1
4808-QMKPI,2024-07-15,Yes,33,No comment,1
6085-DBGSR,2024-07-15,No,31,received refund,1
1866-TWHDD,2024-07-15,Yes,81,requested callback,2
4640-IRIID,2024-07-15,Yes,10,service issue,1
5603-ULXIT,2024-07-16,No,65,guidance to renew,1
8839-FSQDE,2024-07-16,No,26,happy with service,1
4542-QHHYV,2024-07-16,No,26,demaned refund,1
4999-BIDFF,2024-07-16,Yes,30,No comment,1
2709-CYYPH,2024-07-16,Yes,77,service issue,1
8711-MAABK,2024-07-16,No,4,No comment,1
7819-YNYVG,2024-07-16,No,31,billing complaint,2
7921-SNDUE,2024-07-16,Unknown,70,received refund,1
6042-PRTOU,2024-07-16,No,97,service issue,1
4552-SPWAL,2024-07-16,Unknown,96,service issue,2
7125-JKQYD,2024-07-16,No,51,No comment,1
5392-NIVKH,2024-07-16,No,23,demaned refund,1
3411-YCPXL,2024-07-16,Yes,40,guidance to renew,1
2309-DLRVV,2024-07-16,No,34,app not working,2
0172-SBLAQ,2024-07-16,Yes,63,No comment,1
4812-UTZLG,2024-07-16,Yes,59,guidance to renew,2
1216-ZCQVO,2024-07-17,No,62,No comment,1
9610-AUTFV,2024-07-17,No,13,service issue,1
6601-VUDZR,2024-07-17,Yes,39,received refund,2
7352-XKSDC,2024-07-17,No,91,happy with service,1
2677-MAZHO,2024-07-17,No,3,service issue,2
2976-FBPDQ,2024-07-17,Yes,93,demaned refund,1
4549-TKINE,2024-07-17,No,77,billing complaint,1
7007-UZNHA,2024-07-17,No,72,received refund,2
9889-GNVML,2024-07-17,Yes,16,app not working,2
4559-ZLCFR,2024-07-17,Yes,58,guidance to renew,1
3473-OTXET,2024-07-17,Yes,73,paymnt failed,1
4637-GRWVV,2024-07-17,Yes,38,paymnt failed,1
5114-PDAAH,2024-07-17,Unknown,8,No comment,1
8968-CDWNT,2024-07-18,Yes,20,app not working,1
4671-BJXII,2024-07-18,Yes,14,requested callback,1
8339-VKFVM,2024-07-18,Yes,88,No comment,1
1646-DJQZI,2024-07-18,No,61,paymnt failed,1
0195-YTDNE,2024-07-18,Yes,38,received refund,2
8641-ZGKJL,2024-07-18,Unknown,92,happy with service,1
4636-FVDUM,2024-07-18,No,14,No comment,2
7911-RDDRD,2024-07-18,No,37,No comment,1
8891-BWQKA,2024-07-18,Yes,11,received refund,1
8939-DZVGL,2024-07-18,Yes,1,received refund,2
9830-ZMDES,2024-07-18,No,39,No comment,1
2293-YKPRA,2024-07-18,Yes,76,No comment,1
4459-EUVDN,2024-07-18,No,29,app not working,2
9628-LDOUN,2024-07-19,No,49,service issue,1
8557-KROFS,2024-07-19,Yes,72,service issue,1
1876-SWPBP,2024-07-19,No,37,service issue,1
2573-XMROR,2024-07-19,Yes,86,guidance to renew,1
2609-YWQUC,2024-07-19,Unknown,13,guidance to renew,2
3145-DCSZK,2024-07-19,Yes,13,No comment,1
9526-SDZIH,2024-07-19,Yes,71,service issue,1
9401-CDTCC,2024-07-19,No,49,app not working,1
7869-TLYII,2024-07-19,Yes,44,No comment,1
0232-SKPXE,2024-07-19,No,95,paymnt failed,1
9358-KHWPT,2024-07-19,No,24,billing complaint,2
8547-CESCS,2024-07-19,Yes,76,happy with service,1
7713-BSWSS,2024-07-19,Yes,78,requested callback,1
7683-SIQXA,2024-07-19,No,65,No comment,1
1340-SCWVE,2024-07-19,No,30,No comment,2
6212-BBIKN,2024-07-20,Yes,22,received refund,1
7417-QRWAI,2024-07-20,Unknown,99,paymnt failed,1
3537-UODXS,2024-07-20,No,19,app not working,1
4581-RICPJ,2024-07-20,No,67,No comment,1
7404-XHYXC,2024-07-20,Yes,11,happy with service,1
6203-NESFT,2024-07-20,Yes,30,billing complaint,1
3825-TJSCX,2024-07-20,Yes,60,app not working,1
1874-VUBPH,2024-07-20,Yes,87,app not working,1
9725-YJBWG,2024-07-20,Unknown,85,No comment,1
0785-GAKIK,2024-07-20,No,90,received refund,1
7992-MYASY,2024-07-20,Yes,47,No comment,2
1598-UEOSF,2024-07-20,No,83,happy with service,1
6053-TTIBO,2024-07-20,Yes,18,requested callback,2
4928-HVRQB,2024-07-20,No,67,received refund,1
7607-VFDHC,2024-07-21,No,15,No comment,1
3397-PWXNP,2024-07-21,No,39,No comment,1
0027-VEANP,2024-07-21,Yes,49,requested callback,1
0057-YERYP,2024-07-21,No,92,No comment,2
4990-FJQKR,2024-07-21,No,85,received refund,1
3165-GOVUJ,2024-07-21,No,22,paymnt failed,1
9812-TFGYE,2024-07-21,Yes,59,No comment,1
8158-QQNRZ,2024-07-21,Yes,77,service issue,1
5435-KBPNL,2024-07-21,No,47,No comment,1
2991-OVNTY,2024-07-21,No,6,billing complaint,1
4652-HEDKT,2024-07-21,No,20,service issue,3
8756-VQKLI,2024-07-22,No,36,No comment,1
9042-THFMZ,2024-07-22,Yes,33,demaned refund,1
6609-IFFPA,2024-07-22,Yes,9,No comment,1
6289-KCZWG,2024-07-22,Yes,72,guidance to renew,1
3359-MQMCZ,2024-07-22,Yes,41,No comment,1
4023-VWZFC,2024-07-22,Unknown,13,received refund,1
3632-COFZT,2024-07-22,Yes,63,requested callback,1
2766-JANMV,2024-07-22,Unknown,44,app not working,1
5286-EBKGI,2024-07-22,No,9,billing complaint,1
7609-HMRBY,2024-07-22,Yes,22,No comment,1
5301-LGASA,2024-07-22,Yes,36,happy with service,1
3838-CBEID,2024-07-22,Yes,2,No comment,1
2764-NTLFB,2024-07-22,No,62,demaned refund,1
7375-PXLHI,2024-07-23,Yes,13,No comment,1
0999-VMCRK,2024-07-23,No,26,happy with service,1
3698-PUVAP,2024-07-23,Yes,2,No comment,1
6885-XVELG,2024-07-23,Unknown,89,happy with service,1
9261-NRMWN,2024-07-23,No,45,paymnt failed,1
5696-VJKXI,2024-07-23,Yes,32,app not working,1
7513-RHIGT,2024-07-23,Yes,87,service issue,1
1545-JSQUE,2024-07-23,Unknown,36,happy with service,1
8540-CFNQF,2024-07-23,No,10,app not working,1
8269-YYPVD,2024-07-23,No,1,paymnt failed,1
3034-OJHGF,2024-07-23,Yes,3,guidance to renew,1
1679-SBDMN,2024-07-23,Yes,24,service issue,2
1791-GVPZQ,2024-07-23,No,91,received refund,1
2793-LJTTM,2024-07-23,Unknown,90,billing complaint,1
2960-SPBAH,2024-07-24,No,24,No comment,1
8235-AFPHA,2024-07-24,No,47,No comment,1
0113-XCAQL,2024-07-24,Yes,58,requested callback,1
1478-UFJNK,2024-07-24,Yes,84,No comment,2
6754-XLGFO,2024-07-24,Yes,40,guidance to renew,2
6782-MYFUE,2024-07-24,Yes,70,No comment,1
6207-EZQXO,2024-07-24,Yes,58,demaned refund,2
0267-FPTTC,2024-07-25,Yes,53,guidance to renew,1
9225-UPQFR,2024-07-25,No,58,No comment,1
8951-WBRGW,2024-07-25,Unknown,63,app not working,1
1275-JNEED,2024-07-25,Yes,29,happy with service,1
5487-GIYNW,2024-07-25,Unknown,27,No comment,1
9835-TNJHE,2024-07-25,Yes,8,No comment,2
0985-OIWAN,2024-07-25,No,33,No comment,2
9371-XQPXD,2024-07-25,Yes,78,No comment,1
7810-UPCUG,2024-07-25,No,59,demaned refund,1
9718-VNHGS,2024-07-25,No,96,service issue,1
9610-HZSAC,2024-07-25,No,0,paymnt failed,2
1470-VIMMI,2024-07-25,Unknown,77,app not working,2
0727-HXLUK,2024-07-25,No,15,app not working,1
0043-OKFEG,2024-07-25,Unknown,3,billing complaint,1
3442-DAKLD,2024-07-25,No,43,paymnt failed,1
3504-USVIR,2024-07-26,No,30,No comment,2
5388-NARWZ,2024-07-26,No,49,service issue,1
5372-TODTM,2024-07-26,Yes,24,No comment,2
9421-CSWOD,2024-07-26,No,6,happy with service,1
0381-TROOK,2024-07-26,Yes,37,demaned refund,2
0310-REYZG,2024-07-26,Yes,60,received refund,1
4429-QKFTO,2024-07-26,No,14,app not working,2
9082-YJXTX,2024-07-26,Yes,99,demaned refund,1
7233-BEPPB,2024-07-26,Yes,13,paymnt failed,1
4853-LZANH,2024-07-26,No,91,No comment,2
9804-WDJEJ,2024-07-26,Yes,65,No comment,2
8884-WSWQL,2024-07-26,Unknown,94,paymnt failed,1
0902-UKLXQ,2024-07-27,No,91,app not working,1
2470-MRZYR,2024-07-27,Yes,70,app not working,1
6653-SSWRM,2024-07-27,Yes,62,received refund,1
6904-XNNWJ,2024-07-27,No,83,demaned refund,1
4861-FYTBD,2024-07-27,Yes,81,app not working,1
2614-PIXWO,2024-07-27,Unknown,78,No comment,1
6515-NABZL,2024-07-27,Yes,99,app not working,1
9229-NNGXU,2024-07-27,Yes,35,No comment,1
8349-HATXC,2024-07-27,Yes,63,app not working,1
5457-RTHYN,2024-07-27,Yes,16,guidance to renew,1
0406-HXPEE,2024-07-27,No,64,paymnt failed,2
9425-CBPNG,2024-07-27,No,42,billing complaint,1
2739-UOKGM,2024-07-27,No,66,received refund,1
8888-CDIVP,2024-07-27,Unknown,54,paymnt failed,1
6573-IIRPG,2024-07-27,No,16,app not working,1
8460-JCXTS,2024-07-27,No,90,No comment,1
9895-XPIVJ,2024-07-27,No,69,happy with service,1
3123-NZIAF,2024-07-27,Yes,11,No comment,1
7082-JUNVH,2024-08-01,No,41,billing complaint,1
0295-XYUTV,2024-08-01,No,86,happy with service,1
5730-JBZQT,2024-08-01,No,95,requested callback,1
6008-JCPDF,2024-08-01,No,16,happy with service,1
2291-ZFPKT,2024-08-01,Yes,80,happy with service,1
3321-QPTUJ,2024-08-01,No,74,No comment,1
2162-CLSYI,2024-08-01,No,77,No comment,1
0379-CODAI,2024-08-01,Yes,60,paymnt failed,1
3961-XRZJS,2024-08-01,No,55,No comment,1
3801-LAUOC,2024-08-01,No,45,requested callback,1
7236-VDDVT,2024-08-01,Yes,32,No comment,2
6262-JTXEA,2024-08-01,Yes,76,billing complaint,1
6888-UMBOY,2024-08-01,Yes,93,received refund,2
0511-VCYIP,2024-08-01,No,35,No comment,1
5863-QHLIM,2024-08-01,Unknown,30,received refund,2
7915-AJGHM,2024-08-01,No,25,service issue,2
2858-RLKED,2024-08-01,Yes,11,No comment,1
9394-YCMSA,2024-08-02,Yes,34,demaned refund,1
1178-VFZJQ,2024-08-02,No,95,app not working,1
8327-XCBGB,2024-08-02,Yes,36,No comment,2
3505-WBZOO,2024-08-02,Yes,61,paymnt failed,1
0290-TFLAM,2024-08-02,Yes,51,billing complaint,1
3019-AYWUG,2024-08-02,Yes,42,demaned refund,1
2589-LFHGV,2024-08-02,Unknown,86,No comment,1
4898-MLWCJ,2024-08-02,Yes,96,billing complaint,1
0996-RQJZT,2024-08-02,Yes,84,billing complaint,1
8279-NNLHN,2024-08-02,No,67,guidance to renew,2
7513-RLGGH,2024-08-02,No,28,paymnt failed,1
9848-JFTNL,2024-08-02,Yes,67,demaned refund,2
9276-HCCEG,2024-08-02,No,80,No comment,1
0757-NXDLL,2024-08-02,No,17,guidance to renew,2
2818-AHQWN,2024-08-02,Yes,6,happy with service,2
2476-DFWDW,2024-08-02,Yes,44,guidance to renew,2
0977-VAUHJ,2024-08-03,Unknown,18,service issue,1
6098-EAVQU,2024-08-03,No,48,No comment,1
7662-SIOAE,2024-08-03,No,13,service issue,1
1054-VQTHT,2024-08-03,No,12,No comment,1
3460-QFSNS,2024-08-03,No,42,demaned refund,2
5252-YSHDN,2024-08-03,No,5,demaned refund,2
1282-HJJTF,2024-08-03,No,95,requested callback,1
1557-KGZVU,2024-08-03,No,87,guidance to renew,2
6400-BCGJP,2024-08-03,Yes,44,billing complaint,1
0130-QXWPL,2024-08-03,No,18,requested callback,2
9239-THDNL,2024-08-03,Yes,38,happy with service,2
6313-NTQHN,2024-08-04,Unknown,74,received refund,1
4857-FQZNW,2024-08-04,Yes,6,happy with service,1
7518-LAZIL,2024-08-04,Yes,80,received refund,1
3747-YFGVA,2024-08-04,No,13,app not working,1
1262-DYWZQ,2024-08-04,Yes,6,service issue,1
3384-BDNUR,2024-08-04,Unknown,83,app not working,1
4592-HKEVG,2024-08-04,No,23,requested callback,1
5084-MLACG,2024-08-04,No,59,No comment,2
5044-DQRZC,2024-08-04,No,98,guidance to renew,2
1977-AQLYS,2024-08-04,Yes,90,billing complaint,2
3403-VBHAO,2024-08-04,Yes,90,guidance to renew,1
1018-GYUXQ,2024-08-04,No,81,billing complaint,2
3966-LVMZH,2024-08-04,Yes,19,No comment,1
2943-KYZJB,2024-08-04,Yes,58,paymnt failed,1
7506-WQVIR,2024-08-04,No,12,No comment,1
7284-VDNXF,2024-08-04,No,26,billing complaint,1
0505-HTPOE,2024-08-04,Yes,51,received refund,1
2126-QUEDT,2024-08-04,No,28,No comment,1
6476-QYSOV,2024-08-05,Yes,79,happy with service,1
6972-LNNNB,2024-08-05,Yes,35,billing complaint,1
2651-XYCAU,2024-08-05,No,65,app not working,1
0055-XUTIH,2024-08-05,Yes,53,service issue,1
6359-UDTAI,2024-08-05,Yes,61,No comment,1
4194-VNIXN,2024-08-05,No,19,requested callback,1
0759-YFDHT,2024-08-05,No,34,happy with service,1
7667-STTVV,2024-08-05,No,76,service issue,1
8413-XQCCN,2024-08-05,Yes,49,billing complaint,1
7289-HTCHN,2024-08-05,Yes,51,paymnt failed,1
8528-SNUZJ,2024-08-05,No,52,requested callback,2
9160-ESDOZ,2024-08-05,Yes,97,app not working,1
6000-AZBPY,2024-08-05,Yes,72,service issue,1
6758-ARUOG,2024-08-05,Yes,65,guidance to renew,1
8597-AHOQI,2024-08-05,No,84,No comment,1
1898-QTMFB,2024-08-06,Yes,8,paymnt failed,1
1131-UPZPR,2024-08-06,No,43,app not working,2
2728-ZEYZD,2024-08-06,Yes,69,guidance to renew,1
2203-GHSIU,2024-08-06,No,43,paymnt failed,1
1971-YIRLD,2024-08-06,Yes,6,service issue,1
4107-JHOTI,2024-08-06,Yes,74,demaned refund,2
6875-ZDNOB,2024-08-06,No,14,billing complaint,1
7914-KPAJX,2024-08-06,Yes,28,guidance to renew,1
3507-ZWOSH,2024-08-07,Yes,26,happy with service,1
1547-KYDSR,2024-08-07,No,18,app not working,1
2608-YCSHG,2024-08-07,No,75,requested callback,1
2337-OPWDS,2024-08-07,Yes,5,No comment,1
6297-FSPIP,2024-08-07,No,54,paymnt failed,1
6637-CRUYS,2024-08-07,Yes,1,billing complaint,1
8037-REJRZ,2024-08-07,Yes,21,requested callback,1
8275-DKYFZ,2024-08-07,Yes,16,requested callback,1
3748-BVZCT,2024-08-07,No,69,No comment,1
7901-AECZS,2024-08-07,No,18,billing complaint,2
8170-DHGTX,2024-08-07,Unknown,84,billing complaint,1
5796-PBNIZ,2024-08-07,No,63,No comment,1
8622-OLHVN,2024-08-07,No,75,received refund,2
4284-STUFI,2024-08-07,Yes,70,app not working,1
3578-YVLUE,2024-08-07,Unknown,8,happy with service,1
5798-QLKGW,2024-08-07,Unknown,2,happy with service,1
9626-TUONR,2024-08-07,Yes,60,received refund,1
5255-HOOXO,2024-08-08,No,47,happy with service,1
1879-DPVPK,2024-08-08,No,91,No comment,1
3058-JSAIG,2024-08-08,Yes,72,billing complaint,1
1966-XWXGS,2024-08-08,No,10,service issue,1
8994-CCAHU,2024-08-08,No,80,billing complaint,2
8092-DBBUX,2024-08-08,Yes,93,No comment,1
8116-LZVDY,2024-08-08,Yes,77,No comment,1
9377-BFXOI,2024-08-08,Yes,39,service issue,1
2140-EUAMD,2024-08-08,No,23,app not working,1
4249-AZYML,2024-08-08,Yes,33,No comment,1
8191-VPPTH,2024-08-08,Yes,72,requested callback,1
5945-VWWEK,2024-08-08,No,6,received refund,1
1706-OGJTA,2024-08-08,Unknown,32,service issue,1
8992-UXNWQ,2024-08-08,No,65,happy with service,1
9704-SWNNI,2024-08-08,No,82,happy with service,1
5865-YAQYM,2024-08-08,Yes,78,No comment,1
2438-HQDMW,2024-08-08,Unknown,32,billing complaint,2
1376-OZLSQ,2024-08-08,Yes,2,guidance to renew,1
2847-KVQLT,2024-08-09,Yes,70,No comment,1
3153-UFSKG,2024-08-09,No,9,requested callback,1
9865-GJUAV,2024-08-09,Yes,75,No comment,1
0343-KZVRH,2024-08-09,Yes,53,requested callback,1
1048-XUZAI,2024-08-09,Yes,66,No comment,1
2573-WIGNX,2024-08-09,Yes,29,guidance to renew,1
5967-URSMI,2024-08-09,No,68,guidance to renew,2
6168-PDROI,2024-08-09,Yes,54,guidance to renew,3
9931-LEKNR,2024-08-09,No,25,received refund,1
3387-VPAIB,2024-08-09,Yes,26,demaned refund,1
1986-XZBEV,2024-08-09,Yes,1,No comment,1
9822-GCIHG,2024-08-09,Yes,36,requested callback,1
3903-OLJAL,2024-08-09,Yes,39,guidance to renew,1
1068-ZDEXU,2024-08-09,No,40,No comment,1
5147-NQSUY,2024-08-09,Yes,69,service issue,2
1507-HZPJS,2024-08-09,No,24,happy with service,2
7495-MOWTT,2024-08-10,No,60,app not working,1
1875-RBMPU,2024-08-10,Yes,73,demaned refund,1
7402-EXXRV,2024-08-10,Yes,55,requested callback,1
6176-UXDNU,2024-08-10,No,11,No comment,1
4601-MUNGF,2024-08-10,Yes,86,requested callback,1
0035-KVSTA,2024-08-10,Unknown,23,service issue,1
3536-PLQHQ,2024-08-10,No,72,app not working,1
6306-QLPFU,2024-08-10,Yes,18,demaned refund,2
9962-TRZRE,2024-08-10,No,9,paymnt failed,1
7848-FAZAV,2024-08-10,No,28,demaned refund,1
3437-LKRRY,2024-08-10,No,45,app not working,1
2782-XEPUM,2024-08-10,No,72,app not working,1
5097-OQQEJ,2024-08-11,Yes,49,billing complaint,1
7277-AHQPV,2024-08-11,No,39,guidance to renew,1
0892-JLVBX,2024-08-11,Yes,17,paymnt failed,1
7215-VDWAJ,2024-08-11,No,73,happy with service,1
6990-WABMQ,2024-08-11,No,36,app not working,2
8917-ERMAT,2024-08-11,No,74,service issue,1
3396-GWBXC,2024-08-11,No,83,app not working,2
4374-EWWAF,2024-08-11,No,82,No comment,1
7287-SMTUN,2024-08-11,No,49,paymnt failed,2
6391-QRSMU,2024-08-11,Yes,77,happy with service,1
0066-VVGGW,2024-08-11,Yes,37,No comment,1
0570-STZCR,2024-08-11,No,19,requested callback,2
7253-GALBI,2024-08-11,No,53,requested callback,1
9918-HEEBH,2024-08-12,No,40,paymnt failed,1
5040-JGRLQ,2024-08-12,Yes,74,received refund,1
7863-TFLWF,2024-08-12,Unknown,32,received refund,1
6418-MBZPS,2024-08-12,Yes,88,app not working,2
9223-FWZWE,2024-08-12,No,26,received refund,1
6724-POVQD,2024-08-12,Yes,40,app not working,1
6259-AKERB,2024-08-12,No,42,received refund,1
3280-QCXSF,2024-08-12,No,84,demaned refund,1
1783-ETMQI,2024-08-12,Yes,59,demaned refund,1
9207-GFKWH,2024-08-12,No,20,No comment,2
4631-MCFUA,2024-08-13,Yes,33,No comment,1
5847-EUHFT,2024-08-13,Yes,43,received refund,1
6974-HZKSI,2024-08-13,Yes,49,app not working,2
2767-KKHTS,2024-08-13,No,51,No comment,1
9804-MSDXS,2024-08-13,No,39,No comment,1
5324-LUEBW,2024-08-13,No,76,billing complaint,2
4403-XCNXO,2024-08-13,Yes,68,requested callback,1
8028-SYTCG,2024-08-13,Yes,76,happy with service,1
0923-PUHWH,2024-08-13,Yes,79,No comment,1
7458-IGZRP,2024-08-14,No,71,No comment,1
2435-BRWPS,2024-08-14,No,65,billing complaint,1
5943-QFVSW,2024-08-14,Yes,28,No comment,1
4267-QHIEO,2024-08-14,No,29,happy with service,1
6582-ZOPOU,2024-08-14,No,22,app not working,2
7115-XQBLW,2024-08-14,No,25,No comment,1
4498-DGCWI,2024-08-14,Yes,9,paymnt failed,1
1887-EVWFB,2024-08-14,Yes,29,service issue,1
8154-CAFPU,2024-08-15,No,3,service issue,1
8609-EIMVQ,2024-08-15,Yes,99,happy with service,1
3850-AAZPN,2024-08-15,Yes,88,No comment,1
1554-FVHLG,2024-08-15,No,79,service issue,1
5791-LQYRF,2024-08-15,Yes,49,received refund,1
5949-ZNGQX,2024-08-15,Yes,35,app not working,1
9719-EUFVW,2024-08-15,Yes,42,No comment,1
1808-DGSJG,2024-08-15,No,7,received refund,1
2041-MDYLM,2024-08-15,No,22,guidance to renew,1
0937-URHAE,2024-08-15,Yes,13,happy with service,1
7794-DVHIW,2024-08-15,No,96,received refund,2
6245-OWMMG,2024-08-15,Yes,10,received refund,1
1005-OHPMN,2024-08-16,Yes,30,guidance to renew,1
8171-VCVWW,2024-08-16,Yes,3,guidance to renew,1
2733-JQCRX,2024-08-16,Yes,6,No comment,1
3734-RDHNW,2024-08-16,No,40,No comment,1
3320-LFCII,2024-08-16,No,79,demaned refund,1
0476-OKUCG,2024-08-16,No,10,service issue,1
3676-EUOIH,2024-08-16,Yes,23,received refund,1
5859-SRMIX,2024-08-16,Unknown,78,No comment,2
5673-FPRGG,2024-08-16,Unknown,18,requested callback,2
3712-NXTZS,2024-08-16,No,23,app not working,1
1068-IQJYV,2024-08-16,Unknown,19,received refund,1
4028-AGQVC,2024-08-16,No,63,paymnt failed,1
9403-AACLB,2024-08-16,Yes,23,requested callback,1
9917-ZEASD,2024-08-16,No,77,service issue,1
1930-MGGFF,2024-08-16,Yes,54,guidance to renew,1
0812-NXVCW,2024-08-16,Yes,41,No comment,2
5958-FYQBV,2024-08-16,No,58,No comment,1
8182-HEMYR,2024-08-16,No,33,app not working,1
1438-TBWMI,2024-08-17,No,4,No comment,1
9084-RXSYH,2024-08-17,Yes,45,happy with service,1
4833-PCKKD,2024-08-17,Yes,39,No comment,1
4710-ZPDIT,2024-08-17,No,19,billing complaint,1
7910-ZLXJD,2024-08-17,No,58,demaned refund,1
9262-WLAHH,2024-08-17,No,19,service issue,1
6854-GGZRH,2024-08-17,No,51,service issue,1
8579-HYYJG,2024-08-17,No,8,app not working,1
4147-EHVVD,2024-08-17,No,88,service issue,1
2604-JZOGP,2024-08-17,No,97,happy with service,1
3131-DXERP,2024-08-17,No,56,No comment,1
7777-MQKYP,2024-08-17,No,69,demaned refund,1
2211-MIUYO,2024-08-17,No,48,billing complaint,1
5837-EPIKB,2024-08-17,Yes,89,received refund,1
8491-CJEUQ,2024-08-17,No,40,service issue,1
0519-TNYDA,2024-08-17,No,47,service issue,1
2338-TWLKO,2024-08-17,Yes,57,billing complaint,1
7550-VORGL,2024-08-17,No,8,billing complaint,1
4512-NSOBH,2024-08-18,Yes,38,paymnt failed,1
4739-VRKSK,2024-08-18,Yes,35,requested callback,1
5118-WGERS,2024-08-18,Unknown,42,demaned refund,1
5842-RPLEB,2024-08-18,Yes,95,received refund,1
6848-CPBFW,2024-08-18,Yes,54,demaned refund,1
0077-ZCJWS,2024-08-18,Yes,80,received refund,1
7183-YSKBK,2024-08-18,No,89,app not working,2
9211-XPRUX,2024-08-18,Yes,30,paymnt failed,2
5664-LJVZV,2024-08-18,Yes,20,requested callback,1
8234-TZFJB,2024-08-18,Yes,80,No comment,2
5439-VALMK,2024-08-18,No,33,app not working,1
7804-YTFJZ,2024-08-18,No,21,requested callback,2
3342-FVFLV,2024-08-18,No,4,service issue,1
1126-WCBYE,2024-08-18,Unknown,64,happy with service,2
5175-AIHJI,2024-08-19,Yes,77,guidance to renew,1
4384-QHHIE,2024-08-19,Yes,76,No comment,1
9107-FDNIX,2024-08-19,Yes,69,billing complaint,1
4244-ROMBW,2024-08-19,Yes,6,No comment,1
0356-OBESH,2024-08-19,No,24,requested callback,2
0286-LBMKZ,2024-08-19,Yes,49,happy with service,1
4636-VIVZF,2024-08-19,No,38,paymnt failed,2
3081-ZYMEO,2024-08-19,Unknown,75,happy with service,1
1009-IAHJY,2024-08-19,No,61,guidance to renew,1
1003-WJVJU,2024-08-19,Yes,36,service issue,1
7557-YXGZK,2024-08-19,Yes,57,happy with service,1
6334-REEBX,2024-08-19,No,95,No comment,2
0129-ESXMA,2024-08-19,Yes,98,app not working,1
3092-GGUTX,2024-08-19,No,40,received refund,1
6498-SOBDF,2024-08-19,Yes,61,received refund,2
6952-PWHEC,2024-08-20,Unknown,26,No comment,1
0121-MYGTM,2024-08-20,Yes,65,billing complaint,1
9735-ZUECJ,2024-08-20,Yes,7,No comment,2
9092-XNEIT,2024-08-20,Yes,84,app not working,1
6571-MKTCL,2024-08-20,No,49,service issue,1
6566-WDQVT,2024-08-20,No,49,No comment,1
7362-BONXB,2024-08-20,Yes,10,received refund,1
0085-EBRHP,2024-08-20,Yes,55,No comment,1
0917-NTIHY,2024-08-20,Yes,78,paymnt failed,1
4577-URNBM,2024-08-20,Yes,18,paymnt failed,1
5954-LDIMS,2024-08-20,No,26,billing complaint,1
9322-XAPSE,2024-08-20,Yes,90,service issue,1
1572-QDLHN,2024-08-20,Yes,69,app not working,1
2739-YWDCG,2024-08-20,No,7,paymnt failed,1
0604-GHOIX,2024-08-20,No,82,guidance to renew,1
0997-WGHJQ,2024-08-20,No,57,paymnt failed,1
6798-YJNQT,2024-08-20,Unknown,77,requested callback,1
1779-FOWIL,2024-08-21,No,70,No comment,1
7021-SDZFD,2024-08-21,No,15,demaned refund,1
8088-UDJVF,2024-08-21,Yes,66,No comment,1
2632-DIZZL,2024-08-21,No,34,received refund,1
6551-NLOWI,2024-08-21,No,86,requested callback,1
3623-GZNAF,2024-08-21,Yes,44,requested callback,1
7711-RPLAQ,2024-08-21,Unknown,77,happy with service,1
3035-ZQQHT,2024-08-21,Yes,6,paymnt failed,2
4026-VFWBM,2024-08-21,No,36,service issue,1
1600-AOEUY,2024-08-21,Yes,45,No comment,2
7026-EROGG,2024-08-21,Yes,73,happy with service,2
3756-IDTUV,2024-08-21,No,53,service issue,1
5183-XDWXM,2024-08-21,Yes,89,paymnt failed,1
1725-DGAXB,2024-08-22,Yes,6,billing complaint,1
0711-ZUHMI,2024-08-22,Yes,18,service issue,1
0971-EKBPW,2024-08-22,No,71,paymnt failed,1
3103-TNMDZ,2024-08-22,Yes,86,guidance to renew,1
2493-KBOYV,2024-08-22,No,14,received refund,1
8629-GIMSQ,2024-08-22,No,53,paymnt failed,2
4189-XSTNQ,2024-08-22,No,14,service issue,1
5658-EIYMI,2024-08-22,No,71,service issue,1
0241-XTAYU,2024-08-22,Unknown,6,requested callback,1
6506-QNPAO,2024-08-22,Yes,33,happy with service,1
8299-WMDBU,2024-08-22,No,71,No comment,1
9089-TVMCY,2024-08-23,Yes,96,app not working,1
6390-ZALVY,2024-08-23,Yes,61,requested callback,1
1236-TSZGM,2024-08-23,Yes,71,paymnt failed,1
9702-SOINO,2024-08-23,No,93,received refund,1
2355-EIXOK,2024-08-23,Yes,60,No comment,1
2333-CTYGJ,2024-08-23,Yes,53,service issue,1
3670-ORSWK,2024-08-23,No,72,happy with service,1
5539-PJHVC,2024-08-23,No,72,paymnt failed,1
8949-LKUTW,2024-08-23,No,25,billing complaint,1
2334-HFPRB,2024-08-24,No,43,requested callback,1
2423-NISQL,2024-08-24,Yes,59,happy with service,1
8163-NJTST,2024-08-24,Yes,77,happy with service,1
9993-RKUGI,2024-08-24,No,65,No comment,1
4044-KLGIN,2024-08-24,Yes,78,No comment,1
2883-ANHRO,2024-08-24,No,32,No comment,2
9996-AFQZR,2024-08-24,No,82,paymnt failed,1
6411-CDXHO,2024-08-24,Unknown,69,demaned refund,1
0515-ONTMR,2024-08-24,No,67,app not working,1
8964-YSAVL,2024-08-24,Yes,53,billing complaint,2
8375-QEZMP,2024-08-24,No,87,billing complaint,1
7796-CUHGX,2024-08-24,No,55,paymnt failed,1
7692-KVVKV,2024-08-24,Yes,4,guidance to renew,2
4555-QLCHK,2024-08-24,Yes,92,billing complaint,1
4747-AAYXF,2024-08-24,No,24,service issue,1
8700-SHLZJ,2024-08-25,Yes,13,service issue,1
4756-UHBUW,2024-08-25,No,22,No comment,1
2720-LNFIE,2024-08-25,Unknown,9,service issue,1
5352-CSHUD,2024-08-25,Yes,51,billing complaint,1
8249-IMDIV,2024-08-25,Unknown,43,paymnt failed,1
5808-CCLOI,2024-08-25,Yes,84,billing complaint,1
2996-VAILH,2024-08-25,Yes,33,demaned refund,1
2152-QQMEY,2024-08-25,No,95,billing complaint,1
0095-YVIAB,2024-08-25,No,81,received refund,1
3865-WFJPT,2024-08-25,Yes,53,demaned refund,2
6062-RJLRR,2024-08-25,Yes,0,received refund,1
9040-NLEOE,2024-08-25,No,99,No comment,1
9025-HXLMX,2024-08-25,Unknown,49,happy with service,1
2135-RCDEM,2024-08-25,No,40,received refund,2
4848-RIJLM,2024-08-25,Unknown,77,demaned refund,1
5930-KKGRI,2024-08-26,No,87,demaned refund,1
7357-ROFLM,2024-08-26,Yes,79,received refund,1
5906-RTPSM,2024-08-26,Yes,14,demaned refund,1
8052-KALQE,2024-08-26,No,30,demaned refund,1
4464-MMGOC,2024-08-26,No,96,received refund,1
8994-FBTAY,2024-08-26,Yes,28,happy with service,2
1996-MCYFU,2024-08-26,No,22,received refund,1
7570-CIEKY,2024-08-26,No,47,requested callback,2
4336-KIKRD,2024-08-26,Yes,75,guidance to renew,1
3029-BCMAO,2024-08-26,Yes,99,paymnt failed,1
7333-BMHND,2024-08-26,Yes,16,guidance to renew,1
7328-JAQWY,2024-08-26,Yes,54,guidance to renew,1
1656-VYBJZ,2024-08-26,Yes,84,received refund,2
7956-QUYQV,2024-08-26,No,72,No comment,1
3647-IIXMI,2024-08-26,Yes,72,app not working,2
9233-KGOTJ,2024-08-26,Yes,55,No comment,1
1466-DFOVR,2024-08-26,No,8,No comment,1
2737-OIWIG,2024-08-26,No,57,guidance to renew,1
2149-ZUELS,2024-08-26,No,97,paymnt failed,1
0407-YXXVP,2024-08-26,Yes,78,requested callback,2
0132-HCODJ,2024-08-26,No,13,demaned refund,1
5364-HEKSI,2024-08-27,Yes,23,received refund,1
5176-NHJEM,2024-08-27,Yes,17,No comment,1
2065-IRRQQ,2024-08-27,No,6,app not working,1
7320-RQFGO,2024-08-27,Yes,7,billing complaint,1
1398-SZILO,2024-08-27,No,53,billing complaint,1
7697-SPSGV,2024-08-27,No,91,happy with service,1
2368-XPCYG,2024-08-27,No,13,received refund,2
0539-TUDXM,2024-08-27,No,67,paymnt failed,1
4017-TVSOC,2024-08-27,Yes,49,demaned refund,2
9761-TTGOF,2024-08-27,Unknown,49,received refund,1
8590-EUJLH,2024-08-27,Yes,43,demaned refund,1
0257-JMFNJ,2024-08-27,No,59,guidance to renew,1
3122-GHUSI,2024-08-27,Yes,24,service issue,1
4937-XJTVN,2024-08-27,Yes,68,paymnt failed,2
0003-MKNFE,2024-08-28,No,60,service issue,2
2621-TRBYH,2024-09-01,Yes,99,No comment,1
0374-PZNDJ,2024-09-01,Yes,54,guidance to renew,1
3361-ENFZJ,2024-09-01,Unknown,74,received refund,1
1537-WPOOW,2024-09-01,No,46,paymnt failed,1
1005-UBQND,2024-09-01,Unknown,35,app not working,1
1826-AASSO,2024-09-01,No,49,requested callback,1
6325-UWBIR,2024-09-01,No,58,received refund,1
9318-ZONEI,2024-09-01,No,83,received refund,1
0777-UMZTY,2024-09-01,Yes,62,guidance to renew,2
1813-IEVRT,2024-09-01,Yes,10,paymnt failed,1
7936-HATQO,2024-09-01,Yes,49,app not working,1
8360-USTDK,2024-09-01,Yes,5,demaned refund,2
6616-XFEDG,2024-09-01,Yes,75,happy with service,1
7408-IBKKY,2024-09-01,No,93,No comment,1
9273-QGQRK,2024-09-01,Yes,59,billing complaint,1
8207-PKEWH,2024-09-01,No,25,received refund,1
1041-GCDHZ,2024-09-02,No,19,received refund,1
6945-DKMYA,2024-09-02,Yes,40,billing complaint,1
5593-SVWAJ,2024-09-02,Yes,39,service issue,1
7955-FLLFZ,2024-09-02,No,81,No comment,1
1763-ZOGRX,2024-09-02,No,75,billing complaint,1
6072-PNIGE,2024-09-02,No,91,service issue,1
2715-EJAWT,2024-09-02,No,33,service issue,1
2171-RBQKW,2024-09-02,Unknown,2,app not working,1
6972-JYCFN,2024-09-02,Yes,40,received refund,1
1250-EIYHJ,2024-09-02,Unknown,57,paymnt failed,1
8326-ARQUH,2024-09-02,Yes,98,billing complaint,1
4901-QLCBA,2024-09-02,Yes,80,billing complaint,1
3688-LZFZI,2024-09-02,No,13,No comment,1
8908-XYZDH,2024-09-02,Yes,96,requested callback,2
2933-ZVBKJ,2024-09-02,Unknown,35,happy with service,1
8012-BKJBS,2024-09-02,Yes,26,guidance to renew,2
3740-LKJNQ,2024-09-03,No,8,requested callback,1
6828-IEDEY,2024-09-03,No,99,No comment,1
8516-TYRKI,2024-09-03,Yes,9,happy with service,1
3628-PRADI,2024-09-03,No,29,requested callback,1
2563-LOBZU,2024-09-03,Yes,98,requested callback,1
6046-TNOPO,2024-09-03,Yes,70,No comment,1
5881-NRPZO,2024-09-03,Yes,7,app not working,1
7249-TYFWL,2024-09-03,No,37,requested callback,1
3646-FMZPJ,2024-09-03,Yes,77,billing complaint,1
2807-QJQGX,2024-09-03,Yes,28,No comment,1
3224-OTJDC,2024-09-03,Yes,5,received refund,1
0660-KQGHI,2024-09-03,Yes,62,demaned refund,1
0980-GEWCH,2024-09-03,No,95,No comment,1
5605-RNUTQ,2024-09-03,No,64,received refund,2
5236-KUQFS,2024-09-03,Yes,41,No comment,1
6126-XCHMO,2024-09-03,No,67,received refund,1
4510-FAJGO,2024-09-04,No,56,billing complaint,1
3283-GXZQB,2024-09-04,Yes,20,happy with service,1
1385-DGUJH,2024-09-04,Yes,48,paymnt failed,1
4838-COWSQ,2024-09-04,No,24,No comment,1
7166-RHBEA,2024-09-04,No,51,service issue,1
9506-PUMHH,2024-09-04,Yes,81,guidance to renew,1
3422-KODMX,2024-09-04,Yes,99,No comment,1
6638-ZAQPP,2024-09-04,Yes,17,No comment,1
3571-VCDVU,2024-09-04,Unknown,92,happy with service,1
0896-WBAQX,2024-09-04,Yes,0,demaned refund,1
8509-ZBGAM,2024-09-04,No,83,guidance to renew,1
6299-UHUAL,2024-09-04,Yes,22,requested callback,2
9609-XZMAB,2024-09-04,No,10,paymnt failed,2
7579-LJIUD,2024-09-04,No,49,service issue,1
0154-JNCOT,2024-09-04,No,63,paymnt failed,2
7645-WZVER,2024-09-05,No,7,billing complaint,1
0907-DLPGL,2024-09-05,Yes,76,app not working,1
0337-LSSIV,2024-09-05,Yes,74,billing complaint,1
0222-RWVXV,2024-09-05,No,3,demaned refund,1
7822-MRYOP,2024-09-05,Unknown,85,No comment,2
7171-NNBBR,2024-09-05,No,72,guidance to renew,1
3010-PADRA,2024-09-05,Yes,87,demaned refund,1
8433-PXZKS,2024-09-05,Yes,68,billing complaint,1
5568-FTXBM,2024-09-05,Yes,80,requested callback,2
2129-XLGCI,2024-09-05,No,62,app not working,1
1078-BGTOI,2024-09-05,No,58,demaned refund,2
7325-AOEST,2024-09-05,Yes,84,No comment,2
2094-MQWHQ,2024-09-05,Yes,86,received refund,1
4366-YIHBL,2024-09-05,Yes,71,No comment,2
7949-SSJNK,2024-09-05,Yes,48,No comment,1
5860-HPIUT,2024-09-05,No,10,billing complaint,2
7328-OBOUS,2024-09-05,Yes,64,received refund,2
6775-WVKUH,2024-09-06,Unknown,96,received refund,1
5688-VHCSR,2024-09-06,Yes,76,guidance to renew,1
5252-AAIEP,2024-09-06,No,83,app not working,1
1067-OGBPS,2024-09-06,No,88,No comment,1
8801-DZWQF,2024-09-06,Yes,86,No comment,1
8839-NKCMS,2024-09-06,No,77,No comment,1
3712-KCTKX,2024-09-06,Yes,93,requested callback,1
2808-IQJPG,2024-09-06,No,69,demaned refund,2
6693-KGTAO,2024-09-06,No,87,No comment,2
0727-UEKSB,2024-09-06,No,76,paymnt failed,1
1853-BHBFY,2024-09-06,No,21,No comment,1
6355-YEAOF,2024-09-06,Yes,47,No comment,2
4387-TWMOG,2024-09-06,Unknown,88,received refund,1
8812-UHUJI,2024-09-06,No,57,No comment,2
4461-TOJWB,2024-09-06,No,29,No comment,2
1705-OBYVX,2024-09-06,No,60,paymnt failed,1
4543-MJTES,2024-09-06,No,2,No comment,1
6518-LNZSO,2024-09-06,No,93,service issue,1
4856-MIUNX,2024-09-06,Yes,9,happy with service,1
1830-YAVOZ,2024-09-06,Yes,15,app not working,1
0737-DPLOH,2024-09-06,Yes,49,requested callback,2
3601-UOBGP,2024-09-06,Yes,32,received refund,1
3735-GRRJY,2024-09-07,Unknown,64,guidance to renew,1
3986-NUUPJ,2024-09-07,Yes,3,service issue,2
7067-WXEGC,2024-09-07,No,37,app not working,1
9886-GMAKT,2024-09-07,No,21,No comment,1
0422-VMBXI,2024-09-07,No,49,requested callback,1
8907-FBRLD,2024-09-07,Yes,60,No comment,2
6943-DWIKB,2024-09-07,No,65,received refund,1
4176-PKRZN,2024-09-07,No,27,received refund,2
3614-HLYCE,2024-09-07,No,85,requested callback,1
1210-JNBAO,2024-09-07,Yes,62,happy with service,1
6167-NERUK,2024-09-07,Yes,80,billing complaint,2
5277-NQKUQ,2024-09-07,Unknown,27,requested callback,2
8385-BSXRJ,2024-09-07,Unknown,2,paymnt failed,1
2042-AEYHN,2024-09-07,Unknown,66,No comment,2
9748-KOPOH,2024-09-08,Yes,28,service issue,1
2474-CJBUC,2024-09-08,No,5,guidance to renew,1
7734-FBVDK,2024-09-08,No,12,billing complaint,1
5170-KRYGB,2024-09-08,Yes,69,received refund,1
9770-DMLSE,2024-09-08,No,39,demaned refund,2
7063-AFOCL,2024-09-08,Unknown,93,No comment,2
4093-ONZRD,2024-09-08,Yes,7,billing complaint,2
4016-DPBHA,2024-09-08,Yes,49,app not working,1
3341-NECAX,2024-09-08,No,64,paymnt failed,1
0177-DAQCY,2024-09-08,Yes,23,guidance to renew,1
1407-ENZKG,2024-09-08,Yes,9,No comment,1
3868-MVKDH,2024-09-08,No,4,No comment,1
9321-WBHHX,2024-09-08,No,83,paymnt failed,1
8869-NNABQ,2024-09-08,No,49,No comment,1
8759-KKFMA,2024-09-08,Yes,90,received refund,1
9946-NBICJ,2024-09-08,No,86,No comment,1
4537-KXTSD,2024-09-08,Yes,77,No comment,2
8241-THZXZ,2024-09-09,Yes,72,received refund,1
6308-IYURO,2024-09-09,Yes,67,No comment,1
7311-EERNW,2024-09-09,Yes,43,app not working,1
4989-UEUYJ,2024-09-09,No,44,No comment,1
9952-AXRZZ,2024-09-09,Yes,33,app not working,1
4455-NZFSV,2024-09-09,No,58,No comment,1
0752-BYPYS,2024-09-09,Yes,50,app not working,2
9394-TVBBM,2024-09-09,Yes,88,requested callback,1
5265-LVLZP,2024-09-09,No,49,happy with service,1
4337-KDKUK,2024-09-09,Yes,73,app not working,1
3140-UMOOX,2024-09-09,Unknown,84,paymnt failed,1
3070-QKEIC,2024-09-09,No,96,received refund,2
2055-MNHSC,2024-09-09,Yes,66,No comment,2
0191-HQTPX,2024-09-09,Unknown,4,billing complaint,1
1083-NHVJE,2024-09-09,Yes,78,received refund,1
3445-KURLC,2024-09-09,No,36,app not working,1
0113-WTRON,2024-09-09,No,22,requested callback,2
1032-GABVS,2024-09-10,No,65,No comment,1
8172-LBEUY,2024-09-10,Yes,89,requested callback,1
6172-KTKEV,2024-09-10,No,32,service issue,1
7907-UQOXR,2024-09-10,Yes,54,billing complaint,2
8993-SJSID,2024-09-10,Yes,1,requested callback,1
8858-BIJCP,2024-09-10,Unknown,68,paymnt failed,1
3349-PSICE,2024-09-10,No,61,requested callback,1
5168-GULSV,2024-09-10,Yes,16,billing complaint,1
5532-MVYYN,2024-09-10,Yes,84,No comment,1
4136-FSNBW,2024-09-10,No,80,app not working,1
8927-MWROM,2024-09-10,Yes,55,service issue,1
4819-AESND,2024-09-11,Yes,28,demaned refund,1
9635-OTDMX,2024-09-11,Yes,88,guidance to renew,2
7206-VVVBT,2024-09-11,Yes,63,received refund,1
2312-TZBIQ,2024-09-11,Unknown,58,app not working,1
4490-JXZEM,2024-09-11,No,15,requested callback,1
2034-WVWZQ,2024-09-11,No,88,No comment,1
0937-BKEHY,2024-09-11,No,87,billing complaint,1
3862-YDWNQ,2024-09-11,No,22,app not working,1
3231-YPPVI,2024-09-11,No,85,No comment,1
9433-SBZZX,2024-09-11,Yes,39,paymnt failed,2
9443-WLVEU,2024-09-11,No,53,demaned refund,2
1777-NRNSJ,2024-09-12,Yes,36,requested callback,1
4374-FSDSU,2024-09-12,No,34,No comment,1
7928-XMSJK,2024-09-12,No,70,paymnt failed,1
1554-BUYHU,2024-09-12,Yes,63,service issue,1
5844-AHUUK,2024-09-12,No,20,demaned refund,1
8188-GNYQX,2024-09-12,No,0,No comment,1
9297-FZNHJ,2024-09-12,No,59,received refund,2
3206-WOZWP,2024-09-12,No,20,billing complaint,1
8877-JZYZC,2024-09-12,No,20,requested callback,1
3256-HHKOX,2024-09-12,Yes,49,billing complaint,1
5199-DJGDI,2024-09-12,No,9,No comment,1
4005-PPBNP,2024-09-12,No,72,guidance to renew,1
6849-PGIAE,2024-09-12,Yes,49,billing complaint,2
2512-FCSZY,2024-09-12,Yes,37,happy with service,1
2288-ZXHKA,2024-09-13,No,90,paymnt failed,1
4576-ESSIC,2024-09-13,No,1,requested callback,2
1162-KHDZW,2024-09-13,No,26,happy with service,1
7690-DYELM,2024-09-13,No,78,app not working,1
4630-CTOQF,2024-09-13,Yes,48,guidance to renew,1
9740-DOOSA,2024-09-13,Yes,66,paymnt failed,1
9704-MECXH,2024-09-13,Yes,26,No comment,1
4862-CQSOU,2024-09-13,No,64,guidance to renew,1
3294-EOYZY,2024-09-13,Yes,66,guidance to renew,2
9453-JXXKO,2024-09-13,No,86,No comment,1
6992-YMUNC,2024-09-13,No,63,service issue,1
8039-ZXNBN,2024-09-13,No,3,No comment,1
7870-RFDSN,2024-09-13,No,74,No comment,1
7316-SVDZN,2024-09-13,No,77,service issue,1
0704-VRHUM,2024-09-13,No,73,No comment,1
1254-XYTZY,2024-09-13,No,70,app not working,2
4153-YGNXN,2024-09-13,Yes,30,billing complaint,1
4956-CRUVH,2024-09-13,Yes,90,demaned refund,1
7111-BQTEA,2024-09-13,Unknown,49,No comment,2
2280-LYYDS,2024-09-13,No,5,guidance to renew,1
1570-JUPDL,2024-09-13,Unknown,6,requested callback,1
4303-PZGSS,2024-09-14,No,49,No comment,1
3235-AXAHZ,2024-09-14,Yes,80,service issue,1
3790-HIJSC,2024-09-14,No,60,demaned refund,1
2926-EFKBR,2024-09-14,No,51,app not working,2
2783-GEWTL,2024-09-14,No,44,demaned refund,1
9479-QQCAX,2024-09-14,No,88,service issue,2
4625-ODHXO,2024-09-14,No,97,requested callback,1
0601-AYMBS,2024-09-14,No,8,guidance to renew,1
6111-TNYZY,2024-09-14,No,21,No comment,1
5830-CJBQM,2024-09-14,Unknown,44,paymnt failed,1
2852-XIKFN,2024-09-14,Unknown,25,demaned refund,1
3426-CTACC,2024-09-14,Yes,90,No comment,1
8942-UAMWX,2024-09-14,Yes,7,No comment,1
9348-OHCLZ,2024-09-14,Yes,88,No comment,1
3168-GNKFK,2024-09-14,Yes,1,requested callback,1
2602-IHWBG,2024-09-14,Yes,89,app not working,1
0022-TCJCI,2024-09-14,No,90,received refund,2
7406-PULQN,2024-09-14,Yes,39,demaned refund,1
5172-ECOBO,2024-09-15,Unknown,37,billing complaint,1
4587-AUOIP,2024-09-15,Unknown,21,service issue,1
1506-MPKAD,2024-09-15,Yes,99,requested callback,1
4650-SDDXS,2024-09-15,Yes,41,paymnt failed,1
4162-ETANY,2024-09-15,No,70,service issue,1
1915-UHDJX,2024-09-15,No,82,service issue,1
1673-HKTKP,2024-09-15,No,16,paymnt failed,1
6549-VVOKG,2024-09-15,Yes,96,guidance to renew,1
2668-XFSHN,2024-09-15,Yes,45,No comment,1
2477-LVXNB,2024-09-15,Unknown,50,No comment,1
3513-QWGQG,2024-09-15,Yes,44,requested callback,2
4850-NLXGR,2024-09-15,Yes,3,received refund,1
6226-QFKCJ,2024-09-15,No,16,guidance to renew,1
6746-QVDBG,2024-09-15,Yes,7,received refund,1
3310-ZWYQR,2024-09-15,Yes,81,demaned refund,1
7636-QWOXW,2024-09-15,No,10,app not working,2
8084-TNTMP,2024-09-15,No,32,service issue,2
5722-XWVVH,2024-09-15,No,84,billing complaint,2
4416-NFDHQ,2024-09-16,No,22,happy with service,1
4021-BZSFK,2024-09-16,No,42,paymnt failed,1
3487-GCROS,2024-09-16,No,60,requested callback,1
1199-CFJYL,2024-09-16,No,0,service issue,1
9602-AOZFP,2024-09-16,No,45,received refund,1
4616-PPIGC,2024-09-16,Yes,82,app not working,2
7978-YEZTK,2024-09-16,Yes,35,billing complaint,1
7742-OSTQT,2024-09-16,Yes,25,guidance to renew,1
8847-KRGAX,2024-09-16,No,67,No comment,1
3308-QGMRW,2024-09-16,Yes,62,requested callback,1
1623-DKIUE,2024-09-16,Unknown,3,guidance to renew,1
9180-AACLG,2024-09-16,Yes,81,demaned refund,1
7577-KHLYS,2024-09-16,No,65,No comment,2
1063-HEDYS,2024-09-16,No,91,app not working,2
2167-TYPUL,2024-09-17,Yes,30,guidance to renew,1
6193-YHEQD,2024-09-17,No,96,billing complaint,1
6635-WNKAA,2024-09-17,No,50,guidance to renew,1
6069-GVRVK,2024-09-17,Yes,91,service issue,1
8254-RRQRA,2024-09-17,No,14,No comment,1
6727-UKBUQ,2024-09-17,No,63,received refund,1
7509-TGTCM,2024-09-17,Unknown,13,guidance to renew,2
8853-UTFLB,2024-09-17,No,62,No comment,1
0920-FACFL,2024-09-17,No,51,app not working,1
5312-ZZXIQ,2024-09-17,No,17,app not working,1
7344-LXMGU,2024-09-17,Yes,11,No comment,1
6876-IXOEI,2024-09-17,Unknown,24,No comment,1
0972-VFWWR,2024-09-17,Unknown,21,No comment,1
2607-UJMPI,2024-09-17,No,3,No comment,1
2518-VPXYP,2024-09-17,No,49,No comment,1
1935-NDSLU,2024-09-17,No,4,billing complaint,1
0811-HHHYQ,2024-09-17,No,53,No comment,2
4761-CLLZQ,2024-09-17,No,41,No comment,1
0029-UCGPH,2024-09-17,No,10,billing complaint,2
3211-BDXIY,2024-09-17,No,92,app not working,2
9739-RTYKP,2024-09-17,No,66,requested callback,2
1530-WRYBI,2024-09-18,No,87,No comment,1
3138-VSWKC,2024-09-18,Yes,4,guidance to renew,1
5730-VXTJH,2024-09-18,No,18,app not working,1
5691-DKSUI,2024-09-18,Yes,66,service issue,1
2857-NUHCB,2024-09-18,No,80,paymnt failed,1
4124-UAPTU,2024-09-18,No,49,No comment,2
1605-DKIIN,2024-09-18,Yes,99,No comment,2
2917-OCWNE,2024-09-18,Yes,12,billing complaint,2
8963-BRASN,2024-09-18,No,75,No comment,1
8262-CZLBP,2024-09-18,Yes,80,No comment,1
4934-VGSPJ,2024-09-18,Yes,29,happy with service,1
3997-DMZXM,2024-09-18,No,9,received refund,1
1543-KMIWN,2024-09-19,No,18,demaned refund,1
7644-DCUQI,2024-09-19,No,68,requested callback,1
8339-QIAFM,2024-09-19,No,7,paymnt failed,1
1353-BFWOP,2024-09-19,Yes,33,service issue,1
7832-URAYK,2024-09-19,No,34,billing complaint,1
3978-POCKA,2024-09-19,No,70,billing complaint,1
8919-UKMEO,2024-09-19,No,56,billing complaint,1
4464-SUDVK,2024-09-19,Yes,71,happy with service,1
0876-RXLQD,2024-09-19,Unknown,64,demaned refund,1
2672-VKWME,2024-09-19,No,14,No comment,2
6586-HIDDV,2024-09-19,No,97,received refund,1
7819-SBXNA,2024-09-19,Yes,85,No comment,1
0925-LAVWL,2024-09-20,Yes,28,received refund,1
9283-NZFZQ,2024-09-20,Unknown,9,app not working,1
3707-SYDEW,2024-09-20,No,84,requested callback,1
8802-PNIRY,2024-09-20,No,98,received refund,1
8224-ETWCL,2024-09-20,No,41,paymnt failed,1
6009-SOOJQ,2024-09-20,No,77,guidance to renew,1
9615-MUDEZ,2024-09-20,No,48,demaned refund,1
2711-ZYFGJ,2024-09-20,No,65,happy with service,3
5794-MDQQV,2024-09-20,Yes,91,No comment,1
0406-LOGTG,2024-09-20,Yes,30,No comment,1
6369-DOWRW,2024-09-20,Yes,70,billing complaint,1
7668-CNIFI,2024-09-20,No,65,No comment,1
8701-YTGSS,2024-09-21,No,7,No comment,1
0226-ONGTE,2024-09-21,No,94,guidance to renew,2
4783-PQAFA,2024-09-21,Yes,38,service issue,1
4366-NZYPC,2024-09-21,Yes,98,demaned refund,1
7378-PTYHX,2024-09-21,Unknown,34,happy with service,2
0146-RGYYP,2024-09-21,No,57,No comment,2
7201-UVCLS,2024-09-21,Yes,19,billing complaint,1
0298-PKMPL,2024-09-21,Yes,81,No comment,2
9955-KSJAY,2024-09-21,No,25,billing complaint,1
2861-NJUFU,2024-09-21,Yes,83,billing complaint,1
9603-VVKXE,2024-09-21,Yes,58,No comment,2
4925-XMTPJ,2024-09-21,Yes,97,No comment,1
3101-WCJEA,2024-09-21,Yes,73,demaned refund,1
3760-XVAJZ,2024-09-21,Yes,76,service issue,2
1974-UTWJJ,2024-09-21,Yes,41,service issue,1
1252-AXHLP,2024-09-21,No,32,requested callback,2
2020-SEEKO,2024-09-22,Yes,20,guidance to renew,1
7954-UBNON,2024-09-22,No,85,happy with service,1
7785-VXRHP,2024-09-22,No,64,happy with service,1
9514-QAVTY,2024-09-22,Yes,63,requested callback,1
4985-UJNBZ,2024-09-22,Yes,11,demaned refund,1
3720-KVBRZ,2024-09-22,Yes,15,No comment,1
2230-JGAMW,2024-09-22,Unknown,45,demaned refund,1
2199-PRCSY,2024-09-22,No,23,No comment,1
6550-JTUPY,2024-09-22,No,60,No comment,1
4231-HPVVO,2024-09-22,Yes,28,paymnt failed,1
3574-QVEHF,2024-09-22,Yes,76,received refund,1
0410-KSGZH,2024-09-22,Yes,39,app not working,1
0531-GNMJM,2024-09-23,No,0,paymnt failed,1
0119-IYZKX,2024-09-23,No,86,happy with service,1
2351-JWKJE,2024-09-23,Yes,21,billing complaint,1
6701-ZZIJD,2024-09-23,No,79,No comment,1
3172-MFNUQ,2024-09-23,No,66,received refund,1
0207-OIQBB,2024-09-23,No,23,No comment,2
8661-QGTOT,2024-09-23,No,32,billing complaint,2
9042-CKBIM,2024-09-23,No,49,billing complaint,1
3277-HPILN,2024-09-23,Yes,97,guidance to renew,2
9922-ZKVTV,2024-09-23,No,57,No comment,1
4530-UQZPX,2024-09-23,Yes,46,demaned refund,2
7140-NZBKC,2024-09-24,Yes,42,happy with service,1
2645-NCHVG,2024-09-24,No,77,happy with service,1
2769-NRBVI,2024-09-24,Yes,34,happy with service,1
4234-SCWMQ,2024-09-24,No,13,app not working,2
4000-ILRLV,2024-09-24,Yes,49,requested callback,1
1356-BXUBW,2024-09-24,Yes,57,happy with service,1
1585-TAMOU,2024-09-24,No,67,app not working,1
4300-PHTYE,2024-09-24,No,86,billing complaint,2
5625-CHAHE,2024-09-25,No,94,No comment,1
6126-YOOFX,2024-09-25,Yes,44,happy with service,1
9637-VUYQM,2024-09-25,Yes,40,app not working,1
2052-KJJOQ,2024-09-25,Unknown,75,received refund,1
9741-ADJTK,2024-09-25,No,82,No comment,1
7558-VHVLA,2024-09-25,No,49,No comment,1
1487-YLNEX,2024-09-25,Yes,33,demaned refund,1
0827-OXUDK,2024-09-25,No,44,No comment,1
1735-HBCLU,2024-09-25,Yes,68,guidance to renew,1
5360-RDWKQ,2024-09-25,No,61,demaned refund,2
9858-SWEIA,2024-09-25,Yes,45,paymnt failed,2
4741-YMUUA,2024-09-25,Unknown,85,service issue,1
8407-SSLGP,2024-09-25,No,24,guidance to renew,1
9596-PFDDB,2024-09-25,No,60,No comment,1
1823-QXTEU,2024-09-25,Unknown,37,No comment,1
5603-UGOIJ,2024-09-26,Yes,86,guidance to renew,1
8431-FCXQF,2024-09-26,No,64,billing complaint,1
0269-CWFHO,2024-09-26,No,5,No comment,2
5317-LTMWP,2024-09-26,Unknown,15,service issue,1
0749-SERJC,2024-09-26,No,86,app not working,1
0985-TPUOP,2024-09-26,Yes,68,received refund,1
2640-DZWBV,2024-09-26,Yes,4,billing complaint,1
6253-JQDNH,2024-09-26,No,5,service issue,1
3253-TNUPQ,2024-09-26,No,79,No comment,1
4338-CNXKN,2024-09-26,Yes,22,happy with service,2
3450-KJSQM,2024-09-26,No,4,No comment,1
6639-SUQBD,2024-09-26,No,78,demaned refund,1
3961-KYJUE,2024-09-26,No,15,demaned refund,1
0635-IEDEX,2024-09-26,Yes,61,demaned refund,2
0743-UJFTU,2024-09-27,No,76,billing complaint,1
0972-LQOKY,2024-09-27,No,80,billing complaint,1
4048-LWIRL,2024-09-27,Yes,59,app not working,1
1948-AOHOG,2024-09-27,Yes,83,app not working,1
1145-GLTEN,2024-09-27,Yes,88,billing complaint,1
2191-IIUHK,2024-09-27,No,58,demaned refund,2
7304-LAYIL,2024-09-27,Yes,58,app not working,1
8509-XKUMM,2024-09-27,Yes,31,received refund,1
6800-NQYUU,2024-09-27,No,53,service issue,1
6828-YNKGO,2024-09-27,Unknown,95,received refund,1
9334-HNNDL,2024-09-27,No,27,requested callback,1
4824-ECJCM,2024-09-27,Yes,62,No comment,1
3982-YACJP,2024-09-27,Unknown,2,guidance to renew,1
8566-MWOYR,2024-09-27,Yes,16,billing complaint,1
8609-IRWIQ,2024-09-27,Yes,65,No comment,1
0949-MLLAB,2024-09-27,No,28,billing complaint,1
8339-QJOBB,2024-09-27,Yes,82,service issue,1
0019-EFAEP,2024-09-27,Yes,30,No comment,1
8535-PTVSN,2024-09-27,No,62,billing complaint,2
2661-AWTBO,2024-09-27,No,56,received refund,1
5297-YYKAM,2024-09-27,No,2,app not working,1
0814-LHLFX,2024-09-27,Yes,21,No comment,2
9788-NNKAG,2024-10-01,Yes,24,billing complaint,1
6252-EHCCJ,2024-10-01,Unknown,49,No comment,1
9509-YYAGP,2024-10-01,No,41,billing complaint,1
3384-XAKNY,2024-10-01,Yes,20,guidance to renew,1
7330-DDPFV,2024-10-01,No,6,No comment,2
1167-QFXHA,2024-10-01,Yes,8,demaned refund,1
4061-GFTEO,2024-10-01,Yes,79,app not working,1
3632-QBDBY,2024-10-01,No,29,No comment,1
1901-CMLTZ,2024-10-01,No,71,received refund,1
7460-DMCYV,2024-10-01,No,32,app not working,1
4114-ZRWTU,2024-10-01,Yes,14,No comment,1
9585-XHRVW,2024-10-01,No,33,demaned refund,1
5343-PNDGS,2024-10-01,Yes,43,No comment,1
5698-OAWVJ,2024-10-01,No,23,demaned refund,2
9279-ZWZGC,2024-10-01,Unknown,22,received refund,1
7654-WCVFN,2024-10-01,No,11,No comment,1
6815-SHIFP,2024-10-01,No,85,service issue,1
1669-SNARF,2024-10-02,No,35,received refund,1
9447-RRNZW,2024-10-02,No,54,demaned refund,1
6883-DAKAF,2024-10-02,No,86,requested callback,1
5688-YXHLV,2024-10-02,Yes,92,billing complaint,2
6208-OSZGM,2024-10-02,Yes,2,happy with service,1
8249-DJOBP,2024-10-02,Yes,49,service issue,2
7316-MQIGD,2024-10-02,No,57,paymnt failed,1
4673-QYPPE,2024-10-02,Yes,26,billing complaint,1
9737-BIWAD,2024-10-02,No,38,paymnt failed,1
2009-GQIUE,2024-10-02,Yes,33,No comment,1
4907-ROABQ,2024-10-02,Yes,94,No comment,2
6422-EFJZS,2024-10-02,No,1,No comment,3
2435-OTKWQ,2024-10-02,No,44,No comment,1
3900-FGGES,2024-10-02,Yes,81,No comment,2
7886-QQSUO,2024-10-02,No,31,happy with service,1
3209-TNMAM,2024-10-02,Yes,71,No comment,2
0400-WCNHA,2024-10-02,Yes,16,received refund,1
7430-AZCDI,2024-10-03,No,79,No comment,1
5511-LHGYL,2024-10-03,Yes,35,service issue,1
0166-HLILK,2024-10-03,No,89,paymnt failed,1
9157-HLBFK,2024-10-03,No,93,received refund,1
8972-FTNRJ,2024-10-03,No,49,service issue,1
0705-FNCBC,2024-10-03,No,11,service issue,1
0776-HHPOC,2024-10-03,No,22,No comment,1
8306-QUZBM,2024-10-03,Yes,11,happy with service,1
7182-IUIIR,2024-10-03,Yes,90,requested callback,1
3719-ZQNWU,2024-10-03,Yes,71,happy with service,2
7389-TJCDK,2024-10-03,No,15,billing complaint,2
6405-MUHIP,2024-10-03,Yes,24,demaned refund,1
5892-UEQAV,2024-10-03,Yes,3,requested callback,2
9803-RUKMZ,2024-10-04,Yes,27,requested callback,1
9363-VYMYQ,2024-10-04,No,67,No comment,1
0405-NDTJT,2024-10-04,Yes,69,billing complaint,1
2626-PIBNZ,2024-10-04,No,25,service issue,1
3080-EMKHZ,2024-10-04,No,45,paymnt failed,1
2258-SXQPM,2024-10-04,Yes,54,happy with service,1
9143-NZRYS,2024-10-04,Yes,98,happy with service,1
7220-UAXQH,2024-10-04,Yes,29,No comment,1
9263-EHZPI,2024-10-04,No,5,happy with service,1
7696-UWQGT,2024-10-04,Yes,11,paymnt failed,1
1253-XYJRJ,2024-10-04,Yes,43,app not working,1
6955-MZIFR,2024-10-04,No,27,No comment,1
5090-XUTZB,2024-10-04,Yes,86,service issue,1
1003-PAHZE,2024-10-04,No,35,No comment,1
6171-CHBOY,2024-10-04,No,67,happy with service,2
3445-IWZKB,2024-10-04,Unknown,64,No comment,2
3045-SFWMG,2024-10-04,Yes,85,No comment,2
7730-HNESR,2024-10-04,No,67,app not working,2
4108-SPCUB,2024-10-05,No,51,No comment,1
9117-NKLYV,2024-10-05,No,25,demaned refund,1
0830-CBVSR,2024-10-05,Unknown,78,demaned refund,1
6813-DCCAI,2024-10-05,Yes,73,guidance to renew,1
2442-LFNPJ,2024-10-05,No,54,received refund,1
8932-IVCKG,2024-10-05,No,52,No comment,2
9982-YXWIJ,2024-10-05,Yes,49,guidance to renew,2
7903-OBGSV,2024-10-05,Yes,55,service issue,1
2968-CUZMH,2024-10-05,No,16,billing complaint,1
2992-DLQHE,2024-10-05,No,99,requested callback,2
1677-AYRPW,2024-10-05,Yes,93,billing complaint,1
3320-OEXSX,2024-10-05,No,7,billing complaint,1
6602-TTEJP,2024-10-05,Unknown,28,No comment,1
2902-XFQLT,2024-10-05,Yes,30,received refund,1
2472-LTSTC,2024-10-05,Yes,19,demaned refund,1
7975-SQGAG,2024-10-05,No,18,No comment,2
6838-TGJMI,2024-10-05,No,26,No comment,1
0653-PHUEG,2024-10-05,Yes,75,received refund,1
2446-TLBZO,2024-10-06,No,77,demaned refund,1
7094-IILFP,2024-10-06,No,69,demaned refund,1
3750-CXVAU,2024-10-06,Yes,3,app not working,1
8060-LDCAZ,2024-10-06,Yes,24,service issue,1
6204-VCPMX,2024-10-06,Yes,19,requested callback,1
0835-WKSIZ,2024-10-06,Yes,74,guidance to renew,1
5993-LBETT,2024-10-06,Yes,18,demaned refund,2
5403-JAOAY,2024-10-06,Yes,83,received refund,2
2445-STBMV,2024-10-06,No,47,service issue,1
6105-USKXA,2024-10-06,Yes,86,received refund,2
8651-HXWSG,2024-10-06,No,49,billing complaint,1
9726-GZFHJ,2024-10-06,Yes,78,happy with service,1
9835-EPVPC,2024-10-06,Yes,15,happy with service,2
4848-EFVAH,2024-10-06,Yes,70,paymnt failed,2
5019-YVIWM,2024-10-06,No,39,received refund,2
1376-CZDIL,2024-10-07,No,22,paymnt failed,1
5621-VOLDN,2024-10-07,Yes,29,received refund,1
6286-BGVIY,2024-10-07,Yes,22,billing complaint,2
4204-MLJSP,2024-10-07,Yes,12,No comment,2
5457-BAYWK,2024-10-07,Yes,45,service issue,1
5523-JCPFJ,2024-10-07,Yes,49,billing complaint,1
5958-RAIXS,2024-10-07,Yes,21,No comment,2
8648-OZMAB,2024-10-07,No,57,happy with service,2
1999-UEGBW,2024-10-07,No,20,app not working,2
1405-JFJET,2024-10-07,No,97,billing complaint,1
1297-OWCZN,2024-10-07,No,98,paymnt failed,1
1830-PDOTD,2024-10-07,No,68,happy with service,1
0487-TCHKU,2024-10-08,Yes,35,demaned refund,1
7434-TBQCP,2024-10-08,Unknown,94,service issue,1
8153-FWVTX,2024-10-08,No,60,billing complaint,1
8287-GLCNA,2024-10-08,No,38,happy with service,1
7898-EJMGA,2024-10-08,Yes,6,app not working,1
7201-MYCPJ,2024-10-08,No,53,requested callback,2
0390-MPBTZ,2024-10-08,No,44,billing complaint,1
2302-BDCHY,2024-10-08,Yes,35,No comment,1
7449-USWCY,2024-10-08,Yes,21,No comment,2
0922-EALKE,2024-10-08,Yes,38,received refund,2
1199-JLYGG,2024-10-08,Yes,25,billing complaint,2
0903-PALOA,2024-10-08,Yes,49,happy with service,1
0611-RTJHU,2024-10-09,No,52,billing complaint,1
2708-VMXPC,2024-10-09,No,10,No comment,1
2075-WIWAN,2024-10-09,No,7,received refund,1
8448-XSSPT,2024-10-09,Yes,80,service issue,1
6066-RQMTH,2024-10-09,Yes,81,No comment,1
1491-DGCJU,2024-10-09,Yes,13,requested callback,2
6015-ZSIUL,2024-10-09,Yes,7,received refund,2
9685-QXXVP,2024-10-09,Unknown,41,happy with service,1
3227-DUGAT,2024-10-09,No,33,No comment,1
8945-RQJHH,2024-10-09,Yes,54,billing complaint,1
3485-EBKSL,2024-10-09,Yes,97,guidance to renew,2
3817-HSCWW,2024-10-09,No,98,received refund,1
8626-GYGUB,2024-10-09,Yes,53,demaned refund,2
6715-PKXFC,2024-10-09,No,24,paymnt failed,1
9225-BTNZI,2024-10-09,No,46,demaned refund,1
4494-ACLNU,2024-10-10,No,45,paymnt failed,1
3916-TUPXS,2024-10-10,No,35,received refund,1
6163-VKSYK,2024-10-10,No,86,received refund,1
9813-TKUJM,2024-10-10,Yes,26,No comment,1
5037-VUPRI,2024-10-10,Yes,71,received refund,1
4558-KBSNF,2024-10-10,No,57,demaned refund,2
8664-QHCCT,2024-10-10,Yes,20,No comment,1
4229-CIHFF,2024-10-10,Unknown,26,app not working,1
7946-BQENL,2024-10-10,No,98,guidance to renew,1
2419-HXDLW,2024-10-10,No,26,happy with service,1
1735-TCUSB,2024-10-10,No,39,received refund,1
2965-JYENA,2024-10-10,No,33,guidance to renew,1
4541-LLEEM,2024-10-10,No,63,app not working,2
3784-QKEHP,2024-10-10,Yes,11,happy with service,1
9971-KXVTP,2024-10-10,No,60,billing complaint,1
2453-QZPMR,2024-10-10,Yes,15,No comment,1
8807-MSOMG,2024-10-10,No,62,received refund,2
3441-TSHHJ,2024-10-10,Yes,78,happy with service,1
0025-MDVLF,2024-10-11,Yes,90,billing complaint,1
7136-TNXNA,2024-10-11,No,37,requested callback,1
1079-KELPQ,2024-10-11,No,29,paymnt failed,1
1555-XROSM,2024-10-11,Yes,65,No comment,1
3497-BLFIA,2024-10-11,Yes,43,No comment,1
2306-CMIUO,2024-10-11,No,34,app not working,1
8177-ALOHU,2024-10-11,Yes,75,received refund,1
3277-EORKB,2024-10-11,No,34,No comment,1
0437-UXFCZ,2024-10-11,No,56,app not working,2
1088-AZKBW,2024-10-11,No,59,No comment,1
9342-EGJAX,2024-10-11,Yes,51,app not working,1
3454-JFRVS,2024-10-11,Unknown,77,paymnt failed,1
3479-NKZKW,2024-10-11,No,46,guidance to renew,1
6811-FDIZJ,2024-10-11,No,14,No comment,1
7670-OUOMF,2024-10-11,No,63,No comment,1
5357-VNIOL,2024-10-11,No,23,service issue,1
1674-WWOSL,2024-10-12,No,50,app not working,1
8569-OQRKG,2024-10-12,No,41,happy with service,2
5691-ROAQN,2024-10-12,Yes,90,app not working,1
7732-MAUKF,2024-10-12,No,50,demaned refund,1
7546-EKSXP,2024-10-12,Unknown,55,requested callback,1
1463-MIKIM,2024-10-12,Yes,61,No comment,1
9017-VTLWY,2024-10-12,Yes,73,happy with service,1
9059-WDCLZ,2024-10-12,Yes,98,demaned refund,1
5534-XMNTL,2024-10-12,Yes,59,service issue,1
8890-LAWOR,2024-10-12,No,71,No comment,1
4808-AOEXK,2024-10-12,No,74,paymnt failed,1
8000-ESMNP,2024-10-12,Yes,69,No comment,1
9282-PJJKG,2024-10-12,No,64,app not working,1
4886-DUGNA,2024-10-12,No,18,No comment,1
3641-WRDNN,2024-10-12,Yes,86,guidance to renew,3
3731-DJMHU,2024-10-12,No,50,app not working,2
8485-ZVFMX,2024-10-12,No,85,requested callback,1
6499-HWZWH,2024-10-12,Yes,27,service issue,1
1090-CFRXT,2024-10-13,No,17,No comment,1
7582-COAFL,2024-10-13,Yes,49,happy with service,1
2139-QVIQR,2024-10-13,Yes,87,billing complaint,1
8955-WBSDV,2024-10-13,Unknown,46,No comment,1
5096-AVRRX,2024-10-13,Unknown,29,app not working,1
8427-IXSOT,2024-10-13,Yes,99,No comment,2
0353-UOJWL,2024-10-13,Yes,31,happy with service,1
6680-MYASZ,2024-10-13,Yes,69,app not working,1
1633-YLSRP,2024-10-13,Yes,70,No comment,1
2896-ADFBQ,2024-10-13,Yes,57,No comment,1
3373-WYOLH,2024-10-13,No,96,app not working,1
7634-NCVRP,2024-10-13,No,32,app not working,1
4089-TOSTB,2024-10-13,Yes,25,No comment,1
8917-SHHZI,2024-10-13,Unknown,35,happy with service,1
9851-NYXPR,2024-10-13,No,91,guidance to renew,1
8937-WTOCO,2024-10-13,Yes,29,requested callback,1
9998-PGSUL,2024-10-13,No,9,requested callback,2
0723-XPHWE,2024-10-13,No,89,app not working,1
4346-MWGVW,2024-10-14,Yes,81,service issue,1
1596-OOPLS,2024-10-14,No,4,received refund,1
1101-FMONC,2024-10-14,Unknown,64,No comment,1
4676-GTBFV,2024-10-14,No,3,No comment,1
9057-JYUDP,2024-10-14,No,84,No comment,1
2105-RDLOV,2024-10-14,Yes,15,demaned refund,1
8914-SLMIO,2024-10-14,No,25,No comment,1
7341-FYISL,2024-10-14,No,49,No comment,2
3725-GIENP,2024-10-14,No,21,No comment,2
6890-MEZVZ,2024-10-14,No,29,billing complaint,1
7303-TMBUL,2024-10-14,No,51,guidance to renew,1
8194-ARCGF,2024-10-14,Yes,77,No comment,2
0093-QPPFQ,2024-10-14,No,59,happy with service,1
9329-LMGLO,2024-10-14,Yes,32,app not working,1
3269-IBWAY,2024-10-14,Unknown,71,billing complaint,1
0301-LCJOK,2024-10-14,No,20,paymnt failed,1
0126-WGWFL,2024-10-14,Yes,68,No comment,1
7236-CGCWW,2024-10-14,Yes,45,No comment,1
3437-BDEMH,2024-10-14,Yes,50,happy with service,1
8172-CMEOQ,2024-10-14,No,74,app not working,2
3143-XDQZJ,2024-10-14,Yes,68,guidance to renew,1
3750-OVDPY,2024-10-15,Yes,34,No comment,1
4413-LAOAF,2024-10-15,Yes,76,happy with service,1
2244-LZXLZ,2024-10-15,Unknown,73,received refund,1
0780-KOZZJ,2024-10-15,Yes,27,No comment,1
4934-AUZST,2024-10-15,No,49,paymnt failed,2
5179-QVTRM,2024-10-15,No,62,No comment,1
1642-PSOUY,2024-10-15,Yes,69,demaned refund,1
6022-ICUNQ,2024-10-15,Yes,56,guidance to renew,1
6356-DFDRZ,2024-10-15,Yes,65,No comment,1
1852-DIPTF,2024-10-15,Yes,49,No comment,1
0559-XJIPB,2024-10-15,No,13,No comment,1
5323-RYNMY,2024-10-15,No,88,No comment,1
6998-TVGKG,2024-10-15,No,50,demaned refund,1
0698-VNMBO,2024-10-15,No,95,service issue,1
9084-GCLSP,2024-10-16,Yes,88,requested callback,1
9968-KGZSI,2024-10-16,No,75,happy with service,1
4945-YGIMR,2024-10-16,Unknown,95,billing complaint,1
1377-LSFZF,2024-10-16,No,22,guidance to renew,1
9226-FNPWV,2024-10-16,Yes,39,received refund,2
9870-GMJLX,2024-10-16,Yes,76,app not working,1
2486-SOPIY,2024-10-16,No,83,billing complaint,1
6169-HFHAF,2024-10-16,Yes,30,requested callback,2
5006-RPZMP,2024-10-16,No,53,paymnt failed,2
2724-ICJER,2024-10-16,Yes,40,app not working,1
3598-COTNC,2024-10-16,No,69,requested callback,1
3426-OKTUY,2024-10-16,No,26,paymnt failed,1
0112-CZJHS,2024-10-16,Yes,32,No comment,1
8657-OVDKF,2024-10-16,No,85,billing complaint,1
8446-JNEQN,2024-10-17,Unknown,86,paymnt failed,1
3711-CRDBX,2024-10-17,Unknown,88,guidance to renew,1
8905-QWHEC,2024-10-17,No,79,billing complaint,1
2693-OBGVG,2024-10-17,No,87,paymnt failed,1
9907-YRTAB,2024-10-17,No,3,No comment,1
2900-SBVJQ,2024-10-17,Yes,1,happy with service,2
8121-RPOSL,2024-10-17,Yes,87,billing complaint,1
7804-VOCFS,2024-10-17,No,24,service issue,1
4987-OITQX,2024-10-17,No,57,requested callback,1
4610-QVPTR,2024-10-17,Yes,55,demaned refund,2
9189-CXOVQ,2024-10-17,Yes,63,requested callback,1
2801-ADMMH,2024-10-18,No,3,service issue,1
3666-PPRFU,2024-10-18,Yes,85,paymnt failed,1
8195-BBIMH,2024-10-18,Yes,67,paymnt failed,1
8558-BBVTJ,2024-10-18,No,49,demaned refund,1
1569-QPNYF,2024-10-18,Yes,10,guidance to renew,1
2509-CZEQJ,2024-10-18,Yes,29,requested callback,2
8111-OYWGP,2024-10-18,Yes,38,guidance to renew,2
1841-BIAXU,2024-10-18,No,85,demaned refund,1
6167-PTBPZ,2024-10-18,Unknown,18,app not working,1
7457-UFAKR,2024-10-18,No,8,received refund,2
9932-HOQGY,2024-10-18,Yes,27,guidance to renew,1
9362-COQHA,2024-10-18,Yes,41,No comment,1
3836-AEZDD,2024-10-18,No,89,No comment,1
0374-ANANN,2024-10-18,No,4,happy with service,1
6649-YCADK,2024-10-18,Unknown,69,billing complaint,1
3246-TCNCQ,2024-10-18,Unknown,22,happy with service,2
1032-NYKOW,2024-10-18,Unknown,76,received refund,1
7063-ASAUU,2024-10-18,No,87,guidance to renew,1
5539-YWEKE,2024-10-19,Yes,84,app not working,1
7471-EYRVP,2024-10-19,Unknown,66,received refund,1
0641-XMLPF,2024-10-19,No,49,service issue,2
6622-TQDNG,2024-10-19,No,89,No comment,1
1472-FOJLD,2024-10-19,Yes,25,app not working,1
1779-JDYRI,2024-10-19,No,2,No comment,1
4727-JFRIA,2024-10-19,Yes,32,received refund,1
1417-HIPDC,2024-10-19,No,23,happy with service,3
3809-FXUHE,2024-10-19,No,29,happy with service,2
1429-MRATC,2024-10-19,Yes,40,app not working,1
5645-MGISW,2024-10-19,Yes,27,billing complaint,1
0496-TQFNT,2024-10-19,No,3,requested callback,1
6189-AGLLF,2024-10-19,No,71,No comment,1
8180-VXQVU,2024-10-19,No,93,paymnt failed,1
2013-HTPLX,2024-10-19,No,51,app not working,1
8453-LBMJX,2024-10-19,No,0,service issue,1
3835-FWXTZ,2024-10-19,Yes,25,No comment,1
1550-VYRMI,2024-10-19,Yes,59,No comment,2
3877-STUYK,2024-10-19,Yes,49,paymnt failed,1
5867-IRPVQ,2024-10-19,Yes,96,app not working,1
5955-HSXON,2024-10-19,No,99,happy with service,1
0399-LTAWE,2024-10-20,No,66,service issue,1
9930-KOQGV,2024-10-20,No,98,happy with service,1
1682-JCDDZ,2024-10-20,Yes,8,service issue,1
9942-ANSKR,2024-10-20,No,53,No comment,1
3794-XGAJQ,2024-10-20,No,58,demaned refund,1
4676-WTILD,2024-10-20,Yes,63,No comment,2
1901-AXBGO,2024-10-20,Yes,42,billing complaint,2
4883-WSRMB,2024-10-20,Yes,84,guidance to renew,1
7737-YTHEL,2024-10-20,No,98,paymnt failed,2
2002-GWRLY,2024-10-20,Yes,65,received refund,2
5016-IVTZL,2024-10-20,Yes,72,No comment,1
8249-NGYMX,2024-10-21,Yes,41,happy with service,1
1974-WTHST,2024-10-21,Yes,71,No comment,1
7238-SUJGE,2024-10-21,Unknown,7,demaned refund,1
4414-SZFXR,2024-10-21,Yes,31,happy with service,1
7930-ZTOXT,2024-10-21,No,74,No comment,1
2525-ROPTA,2024-10-21,Yes,60,app not working,1
1109-UABZZ,2024-10-21,No,81,No comment,1
0283-QFKTU,2024-10-21,No,49,received refund,1
3545-VFYHY,2024-10-21,Yes,85,guidance to renew,1
6676-NNYBF,2024-10-21,No,49,No comment,1
1803-MMEHS,2024-10-21,Yes,20,billing complaint,1
0409-HSDCW,2024-10-21,No,34,No comment,2
2830-KVBYO,2024-10-21,Yes,2,guidance to renew,1
8549-OBPMS,2024-10-21,No,21,paymnt failed,1
7877-TNHUW,2024-10-21,Unknown,30,requested callback,1
9840-KCQXD,2024-10-21,Yes,24,service issue,2
5354-GDMTQ,2024-10-21,No,49,billing complaint,1
1971-CJSPE,2024-10-21,No,43,app not working,2
5891-XNPGK,2024-10-21,Yes,85,No comment,2
7403-RADVG,2024-10-21,No,49,service issue,1
3216-CBMMB,2024-10-22,No,17,guidance to renew,1
6530-GFRAP,2024-10-22,No,56,billing complaint,1
7958-EAZNO,2024-10-22,Unknown,99,billing complaint,1
4811-DUEYY,2024-10-22,Unknown,23,No comment,1
4840-EHZAP,2024-10-22,Yes,32,No comment,2
1353-NXPBT,2024-10-22,No,96,happy with service,1
3398-MEGDW,2024-10-22,Yes,4,demaned refund,2
3789-PJXGV,2024-10-22,No,78,billing complaint,1
5683-SMUDL,2024-10-22,Yes,3,app not working,2
6072-IMYBH,2024-10-22,Yes,17,No comment,2
3768-ISOYI,2024-10-22,Yes,89,guidance to renew,1
1489-XTEWN,2024-10-22,No,1,No comment,2
9135-RDTPO,2024-10-22,No,29,No comment,2
1236-SPHXH,2024-10-22,No,60,No comment,2
7480-YJAOS,2024-10-23,Yes,68,app not working,1
0294-MQECD,2024-10-23,No,37,No comment,2
1446-UEUMN,2024-10-23,Yes,95,No comment,2
5139-VSQLM,2024-10-23,Yes,9,billing complaint,1
5768-PCLZH,2024-10-23,Yes,46,happy with service,1
1841-IYLZR,2024-10-23,No,14,paymnt failed,1
0976-BQYLL,2024-10-23,No,6,paymnt failed,1
6542-NPQRN,2024-10-23,No,97,guidance to renew,1
6229-SISAF,2024-10-23,Yes,64,app not working,1
7565-LMKDM,2024-10-23,No,30,app not working,1
1552-ZAWDO,2024-10-23,Yes,90,No comment,1
2543-VYIZX,2024-10-23,Yes,60,demaned refund,2
5116-RPYJX,2024-10-23,No,77,service issue,1
1241-ULGYR,2024-10-23,Unknown,34,received refund,1
4164-RZSYK,2024-10-23,Yes,49,No comment,2
1326-SUFKZ,2024-10-24,Unknown,49,requested callback,1
1827-NXIQC,2024-10-24,No,59,app not working,1
3027-BXVYG,2024-10-24,Yes,25,No comment,1
5394-EQCID,2024-10-24,No,35,guidance to renew,1
0668-XSJZI,2024-10-24,No,46,service issue,1
5932-KQQGN,2024-10-24,No,94,service issue,1
0598-FCATV,2024-10-24,Yes,32,No comment,2
2422-OBCDV,2024-10-24,Yes,62,demaned refund,2
8861-JVCNL,2024-10-24,Yes,26,service issue,2
7401-LVBCC,2024-10-24,Yes,89,service issue,1
7065-NFUST,2024-10-24,Yes,93,happy with service,1
9362-NQQPL,2024-10-24,No,96,service issue,2
1947-UHAWT,2024-10-24,No,79,No comment,1
3410-RVCYY,2024-10-25,No,24,received refund,1
6519-EFNNK,2024-10-25,No,72,billing complaint,1
8169-VHQMJ,2024-10-25,No,87,guidance to renew,1
0435-KIILI,2024-10-25,Yes,77,paymnt failed,1
0638-AQQXD,2024-10-25,Yes,17,requested callback,1
8703-EBRND,2024-10-25,No,71,No comment,1
6073-KWEBC,2024-10-25,Yes,57,paymnt failed,2
0258-VLBEL,2024-10-25,Yes,71,No comment,1
8615-ONPSQ,2024-10-25,Yes,26,received refund,1
0647-YVZKZ,2024-10-25,No,60,demaned refund,1
5860-XQPPI,2024-10-25,No,65,service issue,1
1427-VLTUH,2024-10-25,No,51,service issue,2
9475-RSNOS,2024-10-25,Unknown,78,No comment,1
8144-GVGLF,2024-10-25,No,16,No comment,1
4539-GRPFV,2024-10-25,No,40,requested callback,1
4860-MXRLQ,2024-10-25,Yes,71,requested callback,2
2457-WDCIG,2024-10-25,No,42,guidance to renew,1
7727-IDMBR,2024-10-26,Yes,45,No comment,1
6551-JHSUB,2024-10-26,No,80,received refund,1
8599-ISVUP,2024-10-26,Yes,64,demaned refund,2
3034-EHXLG,2024-10-26,No,86,paymnt failed,1
1343-YGGIW,2024-10-26,No,50,billing complaint,1
7694-PLJDF,2024-10-26,No,41,No comment,1
8746-IHENL,2024-10-26,Yes,9,received refund,2
7807-MWZPU,2024-10-26,Yes,12,received refund,1
9100-RIVHL,2024-10-26,Yes,20,service issue,1
1905-SUXNY,2024-10-26,Yes,68,guidance to renew,1
8511-SBOEV,2024-10-26,Yes,14,service issue,2
1581-HVXYM,2024-10-26,No,88,app not working,1
9283-KJEZL,2024-10-26,No,1,No comment,1
4348-YPDQX,2024-10-27,Unknown,58,app not working,1
7089-AOWNJ,2024-10-27,No,32,paymnt failed,1
8779-NDEMQ,2024-10-27,No,96,billing complaint,2
9870-KXXBO,2024-10-27,Yes,47,happy with service,1
3275-KNPRX,2024-10-27,Unknown,43,happy with service,1
8554-TDKQM,2024-10-27,No,67,service issue,1
3368-HDNMC,2024-10-27,Unknown,91,billing complaint,1
8440-ATMJS,2024-10-27,No,32,billing complaint,1
7299-RMKYK,2024-10-27,No,42,happy with service,1
8777-CFBNU,2024-10-27,Yes,33,received refund,1
6140-NBMMX,2024-10-27,No,7,No comment,1
8905-WZFMB,2024-10-27,Yes,84,billing complaint,1
0042-JICLU,2024-10-27,No,91,requested callback,1
0444-BPROU,2024-10-27,Yes,89,No comment,2
5142-TZYNJ,2024-10-27,Yes,4,billing complaint,2
2832-SXYIB,2024-10-27,Unknown,94,requested callback,1
6822-VOUSB,2024-10-27,Yes,47,guidance to renew,1
6704-NNUTB,2024-11-01,No,94,happy with service,1
9393-MXBXR,2024-11-01,Yes,35,No comment,1
2304-OMIYF,2024-11-01,No,20,requested callback,1
4607-HVEJV,2024-11-01,Yes,88,received refund,1
2946-QWKWY,2024-11-01,No,21,No comment,2
6735-HBOAR,2024-11-01,No,13,No comment,2
8291-LMFCV,2024-11-01,Yes,6,received refund,2
0207-HGGJK,2024-11-01,No,89,happy with service,1
0013-SMEOE,2024-11-01,No,30,No comment,1
0831-KYPTR,2024-11-01,Yes,78,No comment,1
6682-CRCKC,2024-11-01,Yes,15,No comment,2
2189-PQUQH,2024-11-01,Yes,77,paymnt failed,1
3698-HTFWW,2024-11-01,No,60,guidance to renew,1
6343-JBYWI,2024-11-01,Yes,90,demaned refund,1
0295-ZTBYP,2024-11-01,No,62,No comment,1
2628-XTRDF,2024-11-02,Yes,84,received refund,1
1033-UPQAS,2024-11-02,No,51,requested callback,1
2810-TKJDC,2024-11-02,Unknown,75,billing complaint,2
2209-GQQTA,2024-11-02,Yes,71,app not working,1
5135-IOAFI,2024-11-02,No,60,received refund,1
9271-KSCCX,2024-11-02,Yes,91,happy with service,1
3336-YXDFJ,2024-11-02,No,59,guidance to renew,1
8733-XEPUG,2024-11-02,Yes,40,guidance to renew,1
5351-VPLOD,2024-11-02,No,6,No comment,2
7893-MZMIU,2024-11-02,No,79,paymnt failed,1
5097-MVISX,2024-11-02,No,48,app not working,1
7750-YRPUE,2024-11-02,Yes,93,app not working,1
0955-GMQQJ,2024-11-02,Yes,49,No comment,2
7856-SLBTX,2024-11-02,No,60,service issue,1
0525-PUGAW,2024-11-02,No,13,No comment,1
0902-OLVFH,2024-11-03,Yes,80,paymnt failed,1
0421-ARRUQ,2024-11-03,Yes,78,happy with service,1
3916-TXDIU,2024-11-03,Yes,49,billing complaint,1
3762-GSUSW,2024-11-03,Yes,75,demaned refund,1
4762-LBJFP,2024-11-03,Yes,35,demaned refund,1
0990-QRMWC,2024-11-03,Yes,91,guidance to renew,1
3920-PZEHO,2024-11-03,No,6,billing complaint,1
4162-ZWOWO,2024-11-03,Unknown,5,requested callback,1
2191-GPNTH,2024-11-03,Yes,71,app not working,1
4303-OFERK,2024-11-03,Unknown,48,No comment,1
4175-LEAMN,2024-11-04,No,68,requested callback,1
1395-AIBND,2024-11-04,Yes,18,requested callback,2
3037-TQBPG,2024-11-04,Yes,58,billing complaint,1
3489-UMSJH,2024-11-04,No,83,service issue,2
9657-HVYIG,2024-11-04,Yes,66,requested callback,1
6552-NJOUB,2024-11-04,Yes,41,requested callback,1
7721-MWELS,2024-11-04,Yes,70,received refund,1
5957-DRFVV,2024-11-04,Yes,40,billing complaint,2
8905-ZIXUW,2024-11-04,Yes,95,No comment,2
9007-SHEUC,2024-11-04,No,36,service issue,1
8046-EATSF,2024-11-04,Unknown,93,requested callback,1
6524-EXIPV,2024-11-04,Yes,96,demaned refund,1
4581-NEGEN,2024-11-04,No,83,received refund,1
6740-RZVIT,2024-11-05,Yes,3,app not working,1
1595-IIYIZ,2024-11-05,No,49,requested callback,1
0853-JASES,2024-11-05,Yes,94,requested callback,1
2193-LTLHU,2024-11-05,Yes,67,requested callback,1
9869-INCLX,2024-11-05,No,49,happy with service,1
7815-OLMKL,2024-11-05,No,22,paymnt failed,2
2537-TDYLI,2024-11-05,Yes,22,No comment,3
4063-RGKQH,2024-11-05,Yes,54,No comment,1
0625-BUJYF,2024-11-05,No,41,received refund,1
7864-PIELG,2024-11-05,Yes,71,happy with service,1
7151-ETGLX,2024-11-05,No,52,guidance to renew,1
4646-QJPOT,2024-11-05,Yes,2,app not working,1
4250-NFMOF,2024-11-05,No,90,demaned refund,1
5586-FNQQD,2024-11-06,No,49,service issue,1
1825-ASGQS,2024-11-06,Yes,75,received refund,2
9711-ZMYZJ,2024-11-06,No,92,guidance to renew,1
4150-FXBZZ,2024-11-06,Yes,91,guidance to renew,1
8824-IKSTW,2024-11-06,Unknown,55,received refund,1
3400-EMUSV,2024-11-06,Yes,97,happy with service,1
5194-FBVTP,2024-11-06,Yes,89,No comment,2
5893-KWUET,2024-11-06,Yes,11,demaned refund,1
7507-IODMQ,2024-11-06,Yes,24,received refund,2
3959-ROSKQ,2024-11-06,Yes,91,billing complaint,3
6703-IPSTN,2024-11-06,No,71,guidance to renew,1
0486-DIIRZ,2024-11-06,No,49,service issue,1
8398-XFKAV,2024-11-06,No,57,requested callback,1
4230-PIIQB,2024-11-06,Yes,25,billing complaint,1
4998-YKZLB,2024-11-06,No,78,happy with service,2
3254-VAOUO,2024-11-06,No,76,No comment,3
0288-DWNVA,2024-11-06,No,83,service issue,1
6992-JPLHV,2024-11-07,No,91,app not working,1
6779-IUWBC,2024-11-07,Unknown,27,paymnt failed,1
9905-HIWCC,2024-11-07,No,99,service issue,1
8489-RCMYI,2024-11-07,No,53,guidance to renew,1
9693-IKGVU,2024-11-07,No,84,demaned refund,1
2953-EQPKM,2024-11-07,Yes,24,paymnt failed,1
1945-IBXQR,2024-11-07,No,93,No comment,1
2660-MVMTR,2024-11-07,No,46,received refund,1
6617-QMJGZ,2024-11-07,Yes,37,guidance to renew,2
6158-BSJSG,2024-11-07,No,59,guidance to renew,2
3020-ARUHH,2024-11-07,Yes,25,billing complaint,2
4004-FQGDW,2024-11-07,Yes,23,requested callback,1
1346-GGADC,2024-11-07,No,94,app not working,3
1641-BZSBQ,2024-11-07,No,96,No comment,1
3438-DDWHM,2024-11-07,Unknown,62,No comment,2
1610-BYCIF,2024-11-07,No,39,app not working,1
8081-CKIIN,2024-11-07,Yes,67,No comment,1
2146-RASWP,2024-11-07,Yes,95,app not working,2
3309-EHLTD,2024-11-07,Yes,91,requested callback,1
5484-KQAVB,2024-11-07,No,98,happy with service,1
7795-RTBLK,2024-11-07,Yes,13,app not working,2
1769-WKWYY,2024-11-08,Yes,23,No comment,1
0909-ACHMU,2024-11-08,No,21,received refund,1
2738-WUGOK,2024-11-08,No,64,guidance to renew,1
9932-CDPTH,2024-11-08,No,16,received refund,1
8792-RCCTE,2024-11-08,Yes,96,No comment,1
6019-QANCJ,2024-11-08,No,37,received refund,1
7238-FUKOO,2024-11-08,No,35,guidance to renew,1
7049-RRFWQ,2024-11-08,Yes,64,service issue,2
6692-NTHVP,2024-11-08,Yes,76,happy with service,1
3743-NCTHY,2024-11-08,No,56,app not working,1
9438-EKUCR,2024-11-08,Unknown,72,No comment,1
7421-SFBCX,2024-11-08,Yes,33,No comment,1
2774-TBBCB,2024-11-08,Unknown,78,received refund,1
3688-UJAZB,2024-11-08,Yes,55,demaned refund,1
2029-ZYAJJ,2024-11-08,Yes,71,billing complaint,1
3926-OYTEA,2024-11-08,No,94,No comment,1
4083-LVLPI,2024-11-08,No,29,requested callback,2
4904-YBTMW,2024-11-08,Yes,83,No comment,1
9898-ZSTIN,2024-11-08,No,51,demaned refund,1
5519-TYAMY,2024-11-08,Yes,43,paymnt failed,1
7725-SDLLD,2024-11-08,Yes,49,demaned refund,1
2348-MJRCC,2024-11-08,Yes,38,app not working,1
1402-KEPPG,2024-11-09,No,68,demaned refund,1
6280-SHQKY,2024-11-09,No,65,received refund,1
4614-CGNSN,2024-11-09,No,50,requested callback,1
3481-VOJIU,2024-11-09,No,98,demaned refund,1
8644-SKWNU,2024-11-09,No,15,app not working,1
6246-SFTTA,2024-11-09,Yes,60,No comment,1
1744-AMTVB,2024-11-09,No,80,requested callback,2
3778-TQLQP,2024-11-09,Yes,67,No comment,1
0366-RVIPB,2024-11-09,No,90,paymnt failed,1
4095-PGRSB,2024-11-09,No,85,guidance to renew,1
1363-ZJECQ,2024-11-09,Unknown,70,requested callback,1
8722-DEPIO,2024-11-09,No,1,happy with service,2
3011-SGTEB,2024-11-09,Unknown,26,app not working,1
5261-BSHSY,2024-11-09,No,1,received refund,1
0355-EJRBD,2024-11-09,Yes,39,requested callback,1
5450-UFIVJ,2024-11-10,Yes,74,service issue,1
2663-YOPXY,2024-11-10,No,64,No comment,2
5975-ANIZM,2024-11-10,Yes,10,No comment,1
4824-DMBWY,2024-11-10,No,93,No comment,1
7946-WQBYX,2024-11-10,Yes,71,guidance to renew,1
2957-XSLOG,2024-11-10,Unknown,76,happy with service,1
4593-LALAK,2024-11-10,No,43,No comment,1
5286-EZJQY,2024-11-10,Unknown,32,No comment,1
2697-EOEUG,2024-11-10,No,77,paymnt failed,1
1050-KPYEZ,2024-11-10,Yes,71,paymnt failed,2
7240-SRROB,2024-11-10,Yes,47,requested callback,1
3214-UDSTL,2024-11-10,Yes,38,received refund,2
6479-KFSFH,2024-11-10,No,68,guidance to renew,1
8263-TVCVO,2024-11-10,Unknown,16,happy with service,1
1767-FQDMN,2024-11-10,No,34,No comment,1
2278-PCFGA,2024-11-10,Yes,63,No comment,1
1790-KQKXN,2024-11-10,Yes,71,service issue,2
8763-IFGPV,2024-11-10,Unknown,22,No comment,2
9247-AAZTS,2024-11-10,Yes,40,requested callback,1
8013-NCZHW,2024-11-10,No,54,guidance to renew,2
9316-QHRDU,2024-11-10,Unknown,55,received refund,2
1340-DBUOU,2024-11-11,No,39,service issue,1
4104-MAWAS,2024-11-11,No,87,No comment,1
9438-PQAFF,2024-11-11,No,29,received refund,1
1967-MBJAQ,2024-11-11,Yes,13,billing complaint,1
4197-XRVKQ,2024-11-11,No,6,No comment,1
8319-EYRYI,2024-11-11,No,57,service issue,1
3740-RTESI,2024-11-11,Yes,19,demaned refund,1
5398-BQZJO,2024-11-11,No,21,received refund,1
4417-ITCWF,2024-11-11,Yes,19,No comment,1
4943-GNOAH,2024-11-11,No,10,No comment,1
7260-STKCI,2024-11-11,Yes,52,guidance to renew,1
1861-EOXVR,2024-11-11,No,96,No comment,2
3337-HPSST,2024-11-11,Yes,54,service issue,1
6114-PUXKJ,2024-11-12,Yes,71,happy with service,1
8394-IRPOB,2024-11-12,No,61,requested callback,1
4398-GIKHC,2024-11-12,Unknown,50,app not working,1
0667-HKSCX,2024-11-12,Yes,26,happy with service,1
5338-EYTWY,2024-11-12,Yes,52,happy with service,1
4860-CSQPN,2024-11-12,Yes,31,demaned refund,1
6044-VCCWT,2024-11-12,Yes,26,happy with service,1
4274-BFCUD,2024-11-12,No,37,guidance to renew,1
2779-TQCSH,2024-11-12,No,59,No comment,1
3721-NITKU,2024-11-12,Yes,82,No comment,2
7818-GWHEV,2024-11-12,No,37,service issue,1
6386-TBHBG,2024-11-12,Yes,35,guidance to renew,1
4668-CRWID,2024-11-13,Yes,42,demaned refund,1
9811-XRMEL,2024-11-13,Yes,87,No comment,1
1108-UXRPX,2024-11-13,Unknown,25,billing complaint,1
9174-MOMNH,2024-11-13,No,99,demaned refund,1
3550-OAYZJ,2024-11-13,Yes,75,guidance to renew,1
2116-UIYEB,2024-11-13,Yes,55,No comment,1
7289-OSCAN,2024-11-13,Yes,41,received refund,2
5670-XBJJK,2024-11-13,No,92,demaned refund,2
1774-JZHRB,2024-11-13,No,72,received refund,1
4299-YUGJC,2024-11-13,Yes,22,received refund,1
6775-REYHH,2024-11-13,Yes,9,No comment,2
0631-AJNXY,2024-11-13,No,11,No comment,1
4512-WGZSQ,2024-11-13,No,36,received refund,1
5384-ZEEMD,2024-11-13,No,59,happy with service,1
9761-DKZVY,2024-11-13,No,2,guidance to renew,1
7108-THIQB,2024-11-13,Yes,77,billing complaint,1
9758-BVAYG,2024-11-13,No,53,happy with service,1
7125-WLAVG,2024-11-14,No,77,No comment,2
8151-TBVZP,2024-11-14,No,6,paymnt failed,1
1448-LTQFK,2024-11-14,Yes,30,service issue,1
8704-EBEPG,2024-11-14,Yes,32,received refund,1
8188-ZQGAX,2024-11-14,Yes,35,happy with service,1
4464-KFCRZ,2024-11-14,No,70,paymnt failed,1
0436-BUVGH,2024-11-14,No,16,No comment,1
1724-PZMHI,2024-11-14,Yes,81,billing complaint,1
6179-TNZUV,2024-11-14,No,90,No comment,1
8779-NBZZK,2024-11-14,Yes,85,received refund,1
8386-CVXBF,2024-11-14,No,65,demaned refund,1
5105-XHPRU,2024-11-14,No,96,paymnt failed,1
8841-CGAZM,2024-11-14,Yes,47,happy with service,1
8327-WQONX,2024-11-14,Unknown,23,received refund,1
0254-EWXWD,2024-11-14,No,94,app not working,1
5802-VKLDH,2024-11-14,Yes,24,billing complaint,2
7473-CXAYX,2024-11-14,Yes,17,service issue,2
4214-KNCKA,2024-11-14,Yes,25,app not working,1
9679-MVWED,2024-11-15,No,49,paymnt failed,1
3730-KTGWN,2024-11-15,No,49,No comment,1
9391-PBIKB,2024-11-15,No,33,app not working,2
0661-UQXNY,2024-11-15,Yes,18,app not working,1
1659-EBOSD,2024-11-15,No,32,paymnt failed,1
8453-VMHXV,2024-11-15,No,30,No comment,1
0714-HJMBB,2024-11-15,No,65,service issue,2
4598-CRSJK,2024-11-15,Yes,15,No comment,2
7474-UMGBJ,2024-11-15,No,46,happy with service,1
8566-SRAEH,2024-11-15,Yes,87,No comment,1
2790-SRGDG,2024-11-15,Yes,79,No comment,1
6825-ZOXKL,2024-11-15,No,73,demaned refund,1
9252-NVXPW,2024-11-15,No,30,No comment,1
0283-KRFXB,2024-11-16,Yes,31,happy with service,1
7758-HOQKW,2024-11-16,Yes,90,demaned refund,1
1884-OGNKW,2024-11-16,Unknown,4,paymnt failed,1
6973-PYCXO,2024-11-16,No,51,requested callback,1
4007-MTYKI,2024-11-16,Yes,62,billing complaint,2
7316-VPRSV,2024-11-16,Yes,85,No comment,1
1341-DYFPN,2024-11-16,No,64,demaned refund,1
5693-HBUDQ,2024-11-16,Yes,25,happy with service,1
5046-BRWPT,2024-11-16,No,66,requested callback,1
2511-ERELD,2024-11-16,No,21,happy with service,2
5390-ULPJW,2024-11-16,Yes,0,received refund,1
4087-QAOHE,2024-11-16,Yes,54,No comment,2
2598-OIIII,2024-11-17,Unknown,83,No comment,1
0496-XRDEZ,2024-11-17,Yes,97,demaned refund,1
9499-AAPIF,2024-11-17,Yes,14,billing complaint,1
7070-WDINI,2024-11-17,Yes,37,No comment,1
0381-WMXVS,2024-11-17,Yes,30,paymnt failed,1
2006-RHJLS,2024-11-17,No,46,requested callback,2
0648-KMBVJ,2024-11-17,Yes,29,No comment,1
7419-WEBHR,2024-11-17,Unknown,84,No comment,2
6693-BPYOA,2024-11-17,No,37,app not working,1
0775-VVYRF,2024-11-17,Yes,69,paymnt failed,2
5226-ASJXY,2024-11-17,Yes,66,app not working,1
0442-CTVFT,2024-11-17,Yes,94,happy with service,1
1252-POBKT,2024-11-17,Yes,71,No comment,1
1309-UWFOZ,2024-11-17,Yes,73,No comment,2
1705-DDUXN,2024-11-17,Yes,67,No comment,1
3605-GQRKC,2024-11-17,Yes,2,service issue,1
2893-VCWFY,2024-11-17,Yes,99,billing complaint,2
1287-UYVQE,2024-11-17,Yes,67,No comment,2
2950-KCKTI,2024-11-18,Yes,32,requested callback,1
0301-ONVWE,2024-11-18,Unknown,53,requested callback,2
1382-RSYMJ,2024-11-18,Yes,40,happy with service,1
7955-PCMVC,2024-11-18,No,57,app not working,1
5540-REYXX,2024-11-18,Yes,94,happy with service,1
9333-ASSNN,2024-11-18,No,29,No comment,1
0273-IPUZB,2024-11-18,No,36,service issue,1
6494-TFKHD,2024-11-18,Yes,76,requested callback,1
9858-ZKHPT,2024-11-18,No,15,service issue,2
7910-HYWEW,2024-11-18,No,20,guidance to renew,1
7881-BUOKZ,2024-11-18,No,43,app not working,1
5058-KHSEX,2024-11-18,Yes,98,happy with service,2
9332-CJROL,2024-11-18,Yes,52,requested callback,2
7275-LLJFE,2024-11-18,Yes,0,app not working,1
0911-BEAYF,2024-11-18,Yes,35,received refund,2
8019-QJMPT,2024-11-18,Yes,16,No comment,1
7873-BREJM,2024-11-18,Yes,4,received refund,2
2247-SERLL,2024-11-19,Yes,49,No comment,1
6009-WPEVU,2024-11-19,No,34,No comment,1
7183-TAOKC,2024-11-19,No,15,paymnt failed,2
2125-EOJQN,2024-11-19,Unknown,38,paymnt failed,2
4376-FKGLH,2024-11-19,No,49,requested callback,1
7057-ENCGN,2024-11-19,Yes,75,No comment,2
9947-UVDRT,2024-11-19,Yes,22,guidance to renew,1
7265-ZKNON,2024-11-19,No,73,No comment,1
7072-XCPPJ,2024-11-19,Yes,79,demaned refund,1
6290-OKPRF,2024-11-19,Yes,23,service issue,1
1854-VIXDT,2024-11-19,Yes,34,requested callback,2
1474-LSTDW,2024-11-19,No,18,happy with service,1
0254-LIHNQ,2024-11-19,No,77,paymnt failed,1
0611-ZUQNZ,2024-11-19,Yes,14,happy with service,1
2667-ABZYZ,2024-11-19,Yes,98,service issue,2
1494-CRJQX,2024-11-19,No,84,requested callback,1
6749-AYOZB,2024-11-19,No,15,paymnt failed,1
4932-AJVXS,2024-11-19,Yes,66,received refund,1
1052-CCDEE,2024-11-19,Yes,11,app not working,1
1169-AXGBV,2024-11-20,Yes,15,billing complaint,1
8754-PINKH,2024-11-20,Unknown,31,happy with service,2
1664-MYQKW,2024-11-20,No,69,No comment,1
9255-AOMBB,2024-11-20,Yes,86,billing complaint,1
8407-IPTEE,2024-11-20,No,57,app not working,1
8391-WVIMR,2024-11-20,Yes,8,happy with service,1
2772-BRZMS,2024-11-20,No,64,requested callback,1
9184-SMCUE,2024-11-20,Yes,60,No comment,1
4339-YRNBZ,2024-11-20,No,13,No comment,1
1793-UGLII,2024-11-20,Yes,12,guidance to renew,2
5994-ATHAV,2024-11-20,Yes,22,No comment,1
3414-QPCUR,2024-11-20,No,9,app not working,1
9320-PJFYA,2024-11-20,Yes,90,billing complaint,1
8762-NAALJ,2024-11-20,Yes,56,No comment,1
7666-OUWYO,2024-11-21,Unknown,49,No comment,1
9121-DIYRD,2024-11-21,Yes,48,No comment,1
9564-VMDTA,2024-11-21,Yes,11,billing complaint,1
4688-YAFBR,2024-11-21,Unknown,31,received refund,1
1733-BOMLS,2024-11-21,No,79,received refund,1
8446-DLDHJ,2024-11-21,No,78,requested callback,1
7221-QCAHE,2024-11-21,Unknown,47,No comment,1
8422-HVQIW,2024-11-21,No,63,guidance to renew,2
9553-BPXQG,2024-11-21,Yes,19,received refund,1
2230-SOXJT,2024-11-21,No,40,No comment,2
0115-LNOCA,2024-11-21,Unknown,13,received refund,1
7403-NLYGP,2024-11-21,Yes,87,app not working,1
5073-ZQRQC,2024-11-21,No,73,service issue,2
0331-KGSIU,2024-11-22,Yes,73,service issue,1
1334-SSTBI,2024-11-22,Yes,33,No comment,1
7465-VUCTN,2024-11-22,No,77,app not working,1
1372-AGAXF,2024-11-22,No,48,guidance to renew,1
2612-EXGJJ,2024-11-22,No,21,No comment,1
2678-YLVFF,2024-11-22,No,91,No comment,2
0905-PJIND,2024-11-22,No,90,No comment,1
8252-SBSAT,2024-11-22,Yes,62,service issue,2
5076-MSQEW,2024-11-22,Yes,79,app not working,1
9735-EWKNT,2024-11-22,No,94,demaned refund,1
1726-FTKHQ,2024-11-22,No,98,No comment,1
4275-RDDNY,2024-11-22,No,2,received refund,1
7675-MEGCT,2024-11-23,Yes,24,billing complaint,1
5425-EDDWT,2024-11-23,No,31,billing complaint,1
3377-YFMLV,2024-11-23,No,41,received refund,1
9560-UTUSV,2024-11-23,Unknown,0,No comment,1
1208-EWLDH,2024-11-23,Unknown,78,requested callback,1
6853-CUURT,2024-11-23,No,80,guidance to renew,1
7138-QLKJV,2024-11-23,Yes,89,No comment,1
5765-JRVSR,2024-11-23,Unknown,99,paymnt failed,1
3197-CLVSK,2024-11-23,Yes,66,received refund,1
2264-RKOJG,2024-11-23,Yes,43,demaned refund,1
8968-CKJPA,2024-11-23,No,9,happy with service,1
7866-WTHYE,2024-11-23,Yes,16,No comment,1
2940-ISOAP,2024-11-23,Yes,92,service issue,1
9821-VZUKQ,2024-11-23,No,33,paymnt failed,1
4188-VXWQM,2024-11-24,Unknown,93,No comment,1
7992-FZRQY,2024-11-24,No,3,requested callback,1
1977-MDGIB,2024-11-24,No,79,happy with service,1
6289-WFJJG,2024-11-24,Yes,11,requested callback,1
8485-HUKJW,2024-11-24,Yes,47,No comment,2
2221-AKJKW,2024-11-24,No,63,No comment,1
9278-ZUAPR,2024-11-24,Yes,47,requested callback,2
4633-RGFWF,2024-11-24,No,71,received refund,1
4281-BLRQR,2024-11-25,Yes,27,app not working,1
9284-MQYLL,2024-11-25,No,68,demaned refund,1
4798-HDHWP,2024-11-25,Yes,16,guidance to renew,1
2379-MMTOE,2024-11-25,No,75,service issue,1
2741-LNSHC,2024-11-25,No,9,service issue,2
8407-SXKLG,2024-11-25,Unknown,30,happy with service,1
9326-OKQER,2024-11-25,No,46,guidance to renew,1
7586-TDQPS,2024-11-25,No,22,service issue,1
3727-GPNQW,2024-11-25,Yes,49,billing complaint,1
5082-HVBSP,2024-11-25,No,11,requested callback,1
3534-JWNAL,2024-11-25,No,43,paymnt failed,2
8828-AAFEJ,2024-11-25,Yes,79,demaned refund,2
0748-ZRUTO,2024-11-25,No,31,billing complaint,1
5091-EYCWH,2024-11-26,No,99,billing complaint,1
1614-GMDCF,2024-11-26,No,86,happy with service,1
2277-FCMXS,2024-11-26,No,71,received refund,1
6549-FSWFK,2024-11-26,No,71,app not working,1
0344-VJRFT,2024-11-26,No,68,No comment,1
7278-ELLYF,2024-11-26,No,4,requested callback,1
7766-HHCEE,2024-11-26,Yes,24,No comment,2
9267-BQUCM,2024-11-26,Yes,44,demaned refund,1
7963-OYXDO,2024-11-26,Yes,49,guidance to renew,1
1093-QBVHK,2024-11-26,No,27,service issue,2
8363-UZFIX,2024-11-27,Yes,97,billing complaint,1
4514-IVARL,2024-11-27,No,79,received refund,2
0474-GFVOZ,2024-11-27,Yes,11,app not working,1
3184-MONRQ,2024-11-27,Unknown,25,service issue,2
9477-QFUJN,2024-11-27,No,67,happy with service,1
6251-FSFOW,2024-11-27,No,88,No comment,1
2432-VOTYC,2024-11-27,No,54,billing complaint,1
0973-YNRGY,2024-11-27,Yes,8,happy with service,1
1528-IZDYP,2024-11-27,No,30,received refund,1
9822-YFJWP,2024-11-27,Yes,83,service issue,1
6418-ZIVXR,2024-11-27,Yes,52,happy with service,1
4336-BZHYJ,2024-11-27,Yes,34,demaned refund,1
6639-SQHEA,2024-12-01,No,68,guidance to renew,1
4810-LJQLA,2024-12-01,Yes,1,demaned refund,1
7790-SMWZG,2024-12-01,Yes,25,billing complaint,2
6849-GONDA,2024-12-01,No,75,received refund,2
2594-OLEJP,2024-12-01,No,58,happy with service,1
6913-NMPMT,2024-12-01,Yes,28,guidance to renew,1
7870-XKXQV,2024-12-01,Yes,94,happy with service,1
3830-CNNWK,2024-12-01,Yes,97,paymnt failed,1
8106-QKUZD,2024-12-01,Yes,27,app not working,1
2834-EIFHY,2024-12-01,Yes,5,billing complaint,1
0034-VVYLR,2024-12-01,No,55,guidance to renew,1
1937-WMGQL,2024-12-01,Yes,53,happy with service,1
5845-XOHIV,2024-12-01,Yes,36,received refund,2
3801-UMCXI,2024-12-01,Yes,44,received refund,1
7771-SKNOS,2024-12-01,No,27,service issue,1
3322-LFMVF,2024-12-01,Yes,8,demaned refund,2
7114-YGLPN,2024-12-02,No,2,paymnt failed,1
7112-LPAEI,2024-12-02,No,19,app not working,1
0568-LIDCI,2024-12-02,No,77,guidance to renew,1
6893-QOBFW,2024-12-02,Yes,83,No comment,1
0147-URZRH,2024-12-02,Unknown,67,app not working,1
6720-LFZIQ,2024-12-02,No,90,demaned refund,1
6127-UHZPV,2024-12-02,No,21,guidance to renew,2
9735-QDKAO,2024-12-02,Yes,53,demaned refund,1
4794-TRCOS,2024-12-03,Yes,67,paymnt failed,1
8186-CFLRZ,2024-12-03,No,13,received refund,1
5442-EFNWW,2024-12-03,No,95,demaned refund,1
4450-MFPJK,2024-12-03,Yes,53,No comment,1
7864-DSIAJ,2024-12-03,No,76,No comment,1
9812-DYPST,2024-12-03,Yes,2,app not working,1
7167-ELUPE,2024-12-03,No,73,service issue,2
8694-QYPDU,2024-12-03,No,46,No comment,1
1709-WFBAT,2024-12-03,Yes,49,No comment,1
0704-HPBGK,2024-12-03,Yes,93,No comment,1
8484-RSEVU,2024-12-03,No,8,No comment,1
7539-JXIQY,2024-12-03,Unknown,4,No comment,1
7825-LEKKU,2024-12-03,No,52,No comment,2
3107-WMXUG,2024-12-04,No,14,service issue,1
9095-YXFYV,2024-12-04,No,45,received refund,1
0634-NIXRP,2024-12-04,No,52,billing complaint,1
4217-YJKLA,2024-12-04,Yes,29,happy with service,1
0123-GLYUQ,2024-12-04,Yes,56,app not working,2
2618-PTKDX,2024-12-04,No,70,No comment,2
9028-EEINR,2024-12-04,Unknown,67,paymnt failed,1
7054-SOODN,2024-12-04,Yes,90,demaned refund,2
2312-KGQHN,2024-12-04,Yes,31,service issue,3
1814-LLCHP,2024-12-04,No,66,happy with service,2
4376-KEOBZ,2024-12-04,No,83,guidance to renew,1
6399-SKGLK,2024-12-04,Yes,34,received refund,1
0939-VHDTZ,2024-12-04,No,84,received refund,1
6232-GCPWF,2024-12-05,No,35,app not working,1
2904-NLQKM,2024-12-05,No,9,paymnt failed,1
9916-LLCVO,2024-12-05,Yes,41,app not working,1
5761-QZMSN,2024-12-05,Unknown,20,demaned refund,1
2765-OIHYG,2024-12-05,Yes,81,guidance to renew,2
7604-AXLRB,2024-12-05,Yes,26,paymnt failed,1
4563-RYKZA,2024-12-05,No,67,billing complaint,1
6211-YPTIU,2024-12-05,No,30,demaned refund,1
1727-PHQOQ,2024-12-05,Yes,9,demaned refund,2
8849-JGYNP,2024-12-05,Yes,47,billing complaint,2
4584-FPKDZ,2024-12-05,Yes,75,No comment,1
4974-XHKEC,2024-12-05,No,76,service issue,1
3955-ICAHB,2024-12-05,No,59,demaned refund,1
6985-LFKYH,2024-12-05,Yes,54,No comment,2
1944-EGDCJ,2024-12-05,No,3,guidance to renew,2
1009-EMAKW,2024-12-06,No,30,No comment,1
9928-GISQP,2024-12-06,Yes,15,paymnt failed,1
7415-IUXVA,2024-12-06,No,99,happy with service,1
6120-QLYMY,2024-12-06,No,79,paymnt failed,2
1808-VGYGP,2024-12-06,Yes,52,happy with service,2
6292-ZDWKY,2024-12-06,No,92,app not working,1
3183-UYTYD,2024-12-06,Unknown,44,app not working,2
8151-GJDEH,2024-12-06,No,76,requested callback,2
2068-SOPEX,2024-12-06,No,91,service issue,1
2624-JWFSD,2024-12-06,Yes,78,No comment,1
0610-TVKMV,2024-12-06,No,49,service issue,2
2096-QGJEQ,2024-12-07,Yes,34,service issue,1
5690-RXZOM,2024-12-07,Unknown,18,No comment,1
2560-DWGYL,2024-12-07,Unknown,8,requested callback,2
0099-IKRFU,2024-12-07,No,25,demaned refund,1
3112-PPVKQ,2024-12-07,No,81,requested callback,1
0249-MAAUI,2024-12-07,No,59,guidance to renew,2
5712-FLZFG,2024-12-07,No,67,service issue,1
9619-QDZCD,2024-12-07,Yes,67,guidance to renew,1
6738-ZKEGW,2024-12-07,No,96,happy with service,1
2188-SPEPC,2024-12-07,No,49,app not working,2
2301-VIYXG,2024-12-07,Yes,35,paymnt failed,1
3308-VYKID,2024-12-07,Yes,64,No comment,2
2002-DMPLF,2024-12-07,No,26,app not working,1
7688-RZWQA,2024-12-07,Unknown,63,app not working,1
7942-FACCJ,2024-12-07,Yes,82,No comment,1
2247-VOWGO,2024-12-07,No,4,demaned refund,1
4875-CHNZT,2024-12-07,Yes,74,requested callback,1
4753-UGACD,2024-12-07,No,57,guidance to renew,1
3517-MMALY,2024-12-07,No,11,service issue,1
8121-MGFHI,2024-12-08,No,36,received refund,1
9246-ORZKB,2024-12-08,Yes,98,No comment,1
6759-FEDPC,2024-12-08,No,45,requested callback,1
9477-UVDYL,2024-12-08,Yes,49,No comment,1
2937-ISJOB,2024-12-08,No,0,guidance to renew,1
3836-IKMHW,2024-12-08,No,30,received refund,1
2635-IMAAF,2024-12-08,Yes,91,paymnt failed,1
5196-OHNWP,2024-12-08,No,20,service issue,2
8105-WVXWQ,2024-12-08,Unknown,48,guidance to renew,1
7806-USUFT,2024-12-08,Yes,79,requested callback,1
2589-VUGEP,2024-12-08,Yes,49,No comment,1
8914-UBIQM,2024-12-08,Unknown,57,happy with service,2
7569-VDJMG,2024-12-08,No,45,No comment,2
8022-SZVYK,2024-12-08,No,21,billing complaint,1
1957-AEGPP,2024-12-08,No,75,guidance to renew,1
6440-CPJJH,2024-12-09,Yes,47,app not working,1
7604-BCCQL,2024-12-09,Unknown,37,billing complaint,2
6596-IRIRS,2024-12-09,No,4,billing complaint,1
0686-PEZGZ,2024-12-09,Yes,20,No comment,1
1653-GEQSM,2024-12-09,No,88,No comment,1
4000-MUANA,2024-12-09,No,9,guidance to renew,1
0582-OLZZK,2024-12-09,No,21,service issue,1
9974-OWLTF,2024-12-09,No,54,paymnt failed,2
6173-BOPWV,2024-12-09,Yes,53,app not working,1
2108-OSKSP,2024-12-09,No,90,paymnt failed,2
7257-WOFGA,2024-12-09,Unknown,1,billing complaint,2
0450-ATGYL,2024-12-09,No,43,happy with service,1
3599-GWOVV,2024-12-09,Yes,88,billing complaint,1
2414-OJBDF,2024-12-09,Yes,70,app not working,1
3669-XXTJP,2024-12-09,No,59,guidance to renew,1
8812-AZMVH,2024-12-10,Yes,29,paymnt failed,1
9360-XHWRL,2024-12-10,No,35,billing complaint,1
3735-GNYOG,2024-12-10,Yes,68,No comment,1
5855-UEKOS,2024-12-10,Yes,6,billing complaint,1
2026-NFOQQ,2024-12-10,Yes,87,happy with service,2
2522-RXAQA,2024-12-10,Yes,38,requested callback,1
0511-ZCMUM,2024-12-10,No,63,service issue,1
4175-DFLFA,2024-12-10,Yes,49,app not working,1
2487-TLPZA,2024-12-10,No,53,guidance to renew,1
2491-FVZFV,2024-12-10,Yes,17,guidance to renew,1
9428-PCNQC,2024-12-10,No,98,No comment,1
8329-HYPDX,2024-12-10,Yes,43,demaned refund,1
3101-FXVEW,2024-12-10,Yes,93,No comment,1
4019-MAWVO,2024-12-10,No,96,received refund,1
0252-VLLRB,2024-12-10,Unknown,83,billing complaint,1
9835-ESASX,2024-12-11,Yes,8,No comment,1
0344-LMYTN,2024-12-11,Yes,4,happy with service,1
6303-PJLJF,2024-12-11,Unknown,20,demaned refund,1
6422-RPIGS,2024-12-11,Yes,89,No comment,1
9020-RPPBF,2024-12-11,No,34,No comment,1
6630-KMCNQ,2024-12-11,Yes,94,guidance to renew,1
4272-ZRFYP,2024-12-11,Yes,52,No comment,1
6988-SZCFK,2024-12-11,No,88,received refund,2
0747-CFNBI,2024-12-11,No,76,guidance to renew,2
0683-DBVVI,2024-12-11,Yes,95,No comment,1
6830-NXUWN,2024-12-11,No,62,paymnt failed,1
3549-EEBXB,2024-12-11,No,59,billing complaint,1
4412-PSTOD,2024-12-11,No,0,billing complaint,2
7705-MQJDH,2024-12-11,Yes,37,billing complaint,2
3788-AAHLX,2024-12-12,Unknown,73,No comment,1
1710-VPFVP,2024-12-12,No,31,No comment,1
3995-JWHKB,2024-12-12,No,80,service issue,1
8161-MMMLB,2024-12-12,No,33,happy with service,1
5565-KKVEE,2024-12-12,Yes,51,No comment,1
2692-TFBHT,2024-12-12,Yes,83,received refund,1
9312-FXQNB,2024-12-12,No,94,happy with service,2
8551-KMFKK,2024-12-12,No,72,No comment,1
4617-UOLUD,2024-12-12,No,60,paymnt failed,2
2091-EWHEI,2024-12-12,No,4,No comment,1
5177-KWQQY,2024-12-13,No,87,happy with service,1
7272-NBZYQ,2024-12-13,Yes,78,service issue,1
1237-ZQNWY,2024-12-13,No,72,No comment,1
7667-OVWXV,2024-12-13,Unknown,92,paymnt failed,1
0451-WSTAB,2024-12-13,No,6,received refund,1
3717-CKHVV,2024-12-13,Unknown,20,happy with service,1
4766-AQCIT,2024-12-13,Yes,45,happy with service,2
3774-PYYQT,2024-12-13,Yes,86,guidance to renew,1
1766-YZYII,2024-12-13,No,41,billing complaint,1
7300-JUGUQ,2024-12-13,Unknown,37,demaned refund,1
7167-WDMHL,2024-12-13,Yes,62,demaned refund,1
3592-XRWWJ,2024-12-13,No,21,No comment,2
9937-VTGGL,2024-12-13,Yes,71,app not working,2
2318-SBTKT,2024-12-13,Yes,90,app not working,2
3247-YFRZF,2024-12-13,No,43,No comment,1
1559-DDJTK,2024-12-13,No,35,No comment,2
0446-SEQPY,2024-12-13,Yes,43,No comment,1
1489-HBLBQ,2024-12-14,No,28,received refund,1
4788-QGKFO,2024-12-14,Yes,73,No comment,1
8738-CZICZ,2024-12-14,Unknown,0,demaned refund,1
3117-LTODZ,2024-12-14,Yes,68,No comment,1
1063-HAKVZ,2024-12-14,No,58,app not working,1
3310-NUOAW,2024-12-14,No,4,No comment,1
5033-IBQDE,2024-12-14,Yes,71,app not working,1
0952-WFSHD,2024-12-14,Yes,74,No comment,1
4061-GIXCI,2024-12-14,No,84,guidance to renew,1
3866-JYZVZ,2024-12-14,Yes,29,guidance to renew,2
1887-DONOR,2024-12-14,Yes,12,requested callback,1
1236-XLBJS,2024-12-14,Yes,81,paymnt failed,1
3420-VTSAW,2024-12-14,No,29,service issue,1
7933-ZAVVF,2024-12-14,No,22,app not working,2
6752-FSJPU,2024-12-14,No,91,billing complaint,1
8648-HXJGW,2024-12-15,No,76,demaned refund,1
3600-HHXAS,2024-12-15,Yes,61,demaned refund,2
2970-FETLD,2024-12-15,Unknown,76,received refund,1
8035-XEAHO,2024-12-15,No,74,happy with service,1
1418-LMYEY,2024-12-15,Unknown,90,app not working,2
4382-YWWPG,2024-12-15,Yes,44,app not working,1
6178-VHUNK,2024-12-15,Yes,1,No comment,1
7620-RSDVL,2024-12-15,Yes,12,paymnt failed,1
3445-JMTDC,2024-12-15,Yes,21,guidance to renew,1
6832-KWIGA,2024-12-15,No,49,guidance to renew,1
7212-GHSBR,2024-12-15,Yes,55,service issue,1
8483-RNOJZ,2024-12-15,No,25,billing complaint,1
3564-SUQIR,2024-12-15,Yes,15,received refund,2
5942-XQJGI,2024-12-15,No,7,happy with service,1
9811-SVWZM,2024-12-15,Yes,15,app not working,1
7704-WLCLY,2024-12-15,No,10,paymnt failed,2
5390-EKRMJ,2024-12-15,No,88,app not working,2
6245-TMUSA,2024-12-15,Yes,49,paymnt failed,1
7039-SUUVM,2024-12-15,No,30,paymnt failed,2
2264-NQMJL,2024-12-15,No,15,happy with service,1
2682-PIZAS,2024-12-15,No,59,received refund,1
6241-DLRJZ,2024-12-15,Yes,49,requested callback,2
0671-JZEDB,2024-12-15,No,33,guidance to renew,2
3961-HWMYS,2024-12-15,Yes,18,No comment,1
4384-ZUMME,2024-12-15,Unknown,94,No comment,1
1707-KWSSU,2024-12-15,Unknown,17,paymnt failed,1
4255-QTEBO,2024-12-16,Yes,43,happy with service,1
8110-SLEVA,2024-12-16,No,95,happy with service,1
1016-XXUMC,2024-12-16,Yes,12,happy with service,1
4305-DOHDV,2024-12-16,Yes,52,No comment,1
2429-TCQYH,2024-12-16,Yes,78,received refund,1
6947-XBIFR,2024-12-16,No,87,billing complaint,1
9235-IIZSY,2024-12-16,No,23,service issue,2
6471-AXIAY,2024-12-16,Unknown,19,received refund,1
6555-LNZXA,2024-12-16,No,57,app not working,2
0052-DUCGY,2024-12-16,No,16,No comment,1
0089-PGSZR,2024-12-16,No,72,No comment,2
9815-TNOJH,2024-12-16,No,90,received refund,1
1320-ROQAD,2024-12-16,Yes,49,guidance to renew,1
4460-SUQPA,2024-12-16,No,17,No comment,1
8534-MFTIF,2024-12-16,Yes,37,received refund,1
6579-NESGI,2024-12-17,No,50,service issue,1
8546-ELESE,2024-12-17,Unknown,48,received refund,1
0480-RUNMB,2024-12-17,Yes,54,demaned refund,2
6254-KFOON,2024-12-17,No,80,billing complaint,1
5107-GUQTD,2024-12-17,No,49,requested callback,2
3227-DXTPM,2024-12-17,Unknown,13,No comment,1
7850-RPJFN,2024-12-17,Unknown,8,billing complaint,1
1030-ICUZS,2024-12-17,Yes,93,guidance to renew,1
8315-VTLCU,2024-12-17,Unknown,96,requested callback,1
5422-ZTLAQ,2024-12-17,No,40,paymnt failed,1
0237-HGETU,2024-12-17,No,92,app not working,1
3309-NQGPB,2024-12-18,Yes,30,No comment,1
6487-IFPJE,2024-12-18,Yes,66,requested callback,1
9206-YUXYU,2024-12-18,No,1,app not working,1
1293-ZXANQ,2024-12-18,Yes,40,paymnt failed,1
7567-WWJOF,2024-12-18,Yes,6,No comment,1
1310-RMWSJ,2024-12-18,Yes,47,paymnt failed,1
4508-BQCTV,2024-12-18,No,29,demaned refund,2
6741-VTAWQ,2024-12-18,Yes,66,paymnt failed,2
7241-TGIRW,2024-12-18,No,21,paymnt failed,2
8555-THSRM,2024-12-18,Yes,57,guidance to renew,1
6306-CECLW,2024-12-18,Yes,36,demaned refund,1
9334-VFHEI,2024-12-18,Yes,4,demaned refund,1
2224-OQOOX,2024-12-18,Yes,12,demaned refund,1
8813-NWVGV,2024-12-18,Unknown,37,app not working,1
0451-LYKAP,2024-12-18,Yes,98,happy with service,1
2523-DMCMI,2024-12-18,Yes,66,received refund,1
4165-NMFXC,2024-12-18,Yes,50,paymnt failed,1
6303-VIEYJ,2024-12-18,Yes,85,No comment,1
8268-XIJXY,2024-12-18,Yes,91,guidance to renew,1
8888-PNSWY,2024-12-18,No,84,paymnt failed,1
3403-FUBQY,2024-12-18,Yes,73,No comment,1
7253-YTOKS,2024-12-19,Yes,3,No comment,1
4536-DSLZS,2024-12-19,Yes,39,service issue,1
1160-TPJSY,2024-12-19,Yes,37,guidance to renew,1
7146-SDVMR,2024-12-19,Yes,48,billing complaint,1
7006-RUCOU,2024-12-19,No,64,No comment,1
2761-ZCWYT,2024-12-19,No,47,No comment,2
5766-NSZNQ,2024-12-19,Yes,26,paymnt failed,1
7407-TSZSC,2024-12-19,No,25,No comment,1
7406-HSLIF,2024-12-19,No,64,No comment,1
2709-RPPZY,2024-12-20,No,33,No comment,1
3132-JJXUU,2024-12-20,Unknown,48,billing complaint,1
6498-YDTWU,2024-12-20,Yes,49,No comment,1
0177-MYEEX,2024-12-20,Yes,63,No comment,1
6787-OHEKL,2024-12-20,Yes,84,guidance to renew,1
3402-UHDJY,2024-12-20,Yes,33,service issue,1
1202-DUHHX,2024-12-20,Yes,65,received refund,1
9766-TTPLU,2024-12-20,No,26,guidance to renew,2
1438-XWHEN,2024-12-20,No,2,requested callback,1
0128-ERPCG,2024-12-20,No,49,requested callback,2
1020-ROLKM,2024-12-20,Yes,94,billing complaint,1
6113-UPXGK,2024-12-21,Yes,9,service issue,1
6426-NVYWZ,2024-12-21,Yes,96,No comment,1
6361-LNSPR,2024-12-21,Yes,58,app not working,1
3917-NBKQX,2024-12-21,Yes,27,received refund,2
6720-RGAVE,2024-12-21,No,30,happy with service,1
7802-XJHFK,2024-12-21,No,62,happy with service,1
0277-TOKNA,2024-12-21,No,19,paymnt failed,2
5287-VYPKH,2024-12-21,No,86,billing complaint,2
4757-MINBD,2024-12-21,Yes,82,requested callback,2
7092-DRHDK,2024-12-21,Unknown,25,No comment,1
5471-QUFLZ,2024-12-21,Yes,73,service issue,1
4465-SFMIS,2024-12-21,No,84,No comment,2
2766-UPKPR,2024-12-21,Yes,32,No comment,1
4756-PWLSB,2024-12-21,Yes,68,paymnt failed,2
1225-ZYVBT,2024-12-22,Yes,11,paymnt failed,1
3664-ZRKGF,2024-12-22,No,55,No comment,2
8538-RLWSA,2024-12-22,No,80,billing complaint,1
1674-NBZJW,2024-12-22,No,37,No comment,1
6737-ANJWM,2024-12-22,Yes,17,guidance to renew,1
5435-SSTHG,2024-12-22,No,12,app not working,1
0179-ANSIB,2024-12-22,Yes,77,happy with service,1
1117-JXZAB,2024-12-22,No,90,guidance to renew,1
7485-SYQKC,2024-12-22,No,35,service issue,1
9553-CHRWD,2024-12-22,Yes,76,service issue,1
2182-FBWFL,2024-12-22,Yes,0,demaned refund,2
1071-BMMJJ,2024-12-22,No,42,No comment,1
5516-OTHPP,2024-12-22,No,77,demaned refund,1
3668-KHWYR,2024-12-22,No,90,billing complaint,1
2083-QSNJY,2024-12-22,No,49,No comment,1
5048-NUURI,2024-12-22,Yes,36,guidance to renew,1
6727-UDIYY,2024-12-23,No,12,guidance to renew,1
3786-HDQQV,2024-12-23,No,34,No comment,1
1263-QDPVW,2024-12-23,Yes,86,service issue,1
1492-JCLZF,2024-12-23,No,21,service issue,1
0497-HMABL,2024-12-23,No,84,app not working,1
5017-CBNHX,2024-12-23,Yes,49,paymnt failed,2
3998-CVJPO,2024-12-23,No,2,guidance to renew,2
2026-MUUYI,2024-12-23,Yes,70,app not working,1
0248-JCHJV,2024-12-23,Yes,2,No comment,1
1981-GLKFW,2024-12-23,Yes,32,demaned refund,1
7426-VRBYG,2024-12-23,Unknown,42,No comment,2
6512-XMWHH,2024-12-23,Yes,63,billing complaint,2
7198-SONBP,2024-12-23,Yes,89,No comment,1
8353-IFBJQ,2024-12-23,No,13,happy with service,1
4121-QLRJY,2024-12-23,Yes,49,guidance to renew,1
9537-JTWVM,2024-12-24,No,26,No comment,1
2454-YHHHI,2024-12-24,Yes,48,received refund,1
9380-LURHI,2024-12-24,Yes,70,guidance to renew,1
6439-WKRRZ,2024-12-24,No,59,No comment,2
3961-EIVZR,2024-12-24,Unknown,5,guidance to renew,2
7330-BFGTC,2024-12-24,No,85,happy with service,1
2390-FGXBS,2024-12-24,Yes,47,app not working,1
3589-OWYEJ,2024-12-24,Yes,68,requested callback,2
0778-QHZUM,2024-12-24,Yes,35,billing complaint,2
6158-TWNOI,2024-12-24,Yes,7,app not working,3
0611-CPHDN,2024-12-24,No,41,requested callback,1
6129-NZWLS,2024-12-24,No,56,guidance to renew,4
9074-ROYEM,2024-12-25,Yes,22,paymnt failed,1
3955-NZEVE,2024-12-25,Yes,25,paymnt failed,2
3548-IYDIW,2024-12-25,No,27,requested callback,1
8861-LZBCL,2024-12-25,No,44,No comment,2
8100-EAHNV,2024-12-25,Yes,61,service issue,1
9341-DYMSG,2024-12-25,Yes,77,demaned refund,1
0110-OKLYD,2024-12-25,No,49,No comment,1
9516-IQBGW,2024-12-25,Yes,65,No comment,1
2599-CPGTN,2024-12-26,No,7,guidance to renew,1
1978-RGWDJ,2024-12-26,Yes,70,No comment,1
9218-AGFKQ,2024-12-26,No,93,No comment,1
8251-EPNUB,2024-12-26,Unknown,73,service issue,1
4225-BFVGH,2024-12-26,Unknown,83,demaned refund,2
3888-BMWRK,2024-12-26,Yes,35,happy with service,1
3441-DQDMY,2024-12-26,Unknown,37,guidance to renew,1
9200-JSATN,2024-12-26,Yes,48,No comment,1
9871-EDJPR,2024-12-26,Yes,67,requested callback,1
4083-EXZXL,2024-12-26,Yes,57,No comment,1
4714-JIWBA,2024-12-26,Yes,66,No comment,1
8678-VFXTF,2024-12-26,No,86,No comment,1
8642-SUHFL,2024-12-26,Yes,49,paymnt failed,1
4977-BXDUR,2024-12-26,No,66,No comment,1
7707-ZJYHD,2024-12-26,Unknown,88,guidance to renew,1
2525-CWMRY,2024-12-26,No,53,demaned refund,1
3074-SVZDJ,2024-12-26,No,52,happy with service,2
6607-LXTIM,2024-12-26,Yes,59,No comment,1
2244-HAWNL,2024-12-26,No,60,service issue,1
6935-PUXYL,2024-12-26,Unknown,27,requested callback,2
5845-LNJMH,2024-12-27,No,2,paymnt failed,1
2080-GHBFB,2024-12-27,No,47,No comment,2
1432-DQACD,2024-12-27,No,33,received refund,2
4649-YKFCE,2024-12-27,Yes,60,happy with service,1
8969-NOELH,2024-12-27,No,49,app not working,2
2853-BOCVA,2024-12-27,No,80,billing complaint,1
1874-DVCHM,2024-12-27,No,39,No comment,1
3182-QVWUS,2024-12-27,Unknown,29,No comment,1
3098-XMJCW,2024-12-27,Yes,66,paymnt failed,2
8472-IZUJC,2024-12-27,No,17,received refund,1
7568-SIFQX,2024-12-27,No,85,No comment,1
0818-RQOHL,2024-12-27,Yes,21,No comment,2
1251-QCBKQ,2025-01-01,Yes,29,No comment,1
0922-VQUBU,2025-01-01,No,7,No comment,1
6171-BHRDU,2025-01-01,Yes,30,No comment,1
6966-DYTVZ,2025-01-01,Yes,61,No comment,1
3049-MYTWH,2025-01-01,No,81,requested callback,1
8667-NUNCS,2025-01-01,Yes,35,app not working,1
9803-NGCFC,2025-01-01,Yes,19,billing complaint,1
6293-ZZYQR,2025-01-01,Yes,36,No comment,1
5646-MHUDF,2025-01-01,No,11,billing complaint,1
2906-AJNLK,2025-01-01,No,36,paymnt failed,2
6497-XHLPA,2025-01-01,No,33,No comment,1
5533-FMFFL,2025-01-01,Yes,20,guidance to renew,2
0779-ARXRG,2025-01-01,Yes,22,billing complaint,2
4484-XUVHW,2025-01-01,No,96,paymnt failed,2
1028-TSMZT,2025-01-01,No,52,happy with service,2
1109-XKLXV,2025-01-01,Yes,45,No comment,2
9567-WFHGK,2025-01-01,Yes,57,No comment,1
4187-PLCSZ,2025-01-02,Yes,5,guidance to renew,1
5561-JMCII,2025-01-02,Yes,18,app not working,1
8353-MLGLU,2025-01-02,Yes,17,No comment,1
1371-CICIE,2025-01-02,No,0,demaned refund,1
5718-DNCJX,2025-01-02,No,82,happy with service,1
4510-VUTVU,2025-01-02,Unknown,51,happy with service,1
7621-CQNIG,2025-01-02,Unknown,1,billing complaint,1
6119-LDZZM,2025-01-02,Yes,5,happy with service,2
9630-UOMOM,2025-01-02,No,2,billing complaint,1
4505-AKIQW,2025-01-02,Yes,88,requested callback,1
0076-YERNF,2025-01-02,No,0,guidance to renew,1
9754-YRDXH,2025-01-02,No,29,received refund,1
8700-FBYCP,2025-01-02,Yes,87,received refund,2
7665-ASQQL,2025-01-02,No,56,received refund,1
7086-UEERG,2025-01-02,Yes,54,billing complaint,1
3305-OWEBB,2025-01-03,Unknown,49,No comment,1
7618-NBKNU,2025-01-03,Unknown,30,service issue,1
7538-UCHAL,2025-01-03,No,59,happy with service,1
2247-TOBNO,2025-01-03,No,57,No comment,1
9554-AETRD,2025-01-03,No,24,No comment,1
8567-RIULY,2025-01-03,No,94,billing complaint,1
4013-IKBJC,2025-01-03,No,62,happy with service,1
4052-ANNEQ,2025-01-03,Yes,23,paymnt failed,1
9764-JJUHH,2025-01-03,Yes,50,No comment,1
4736-EHQBH,2025-01-03,Yes,16,happy with service,1
9602-HCXZG,2025-01-03,No,2,guidance to renew,1
0785-JEJQB,2025-01-03,No,24,received refund,1
5751-HASAJ,2025-01-03,Yes,28,paymnt failed,1
8864-NXHJC,2025-01-03,No,78,guidance to renew,1
6619-NRHMW,2025-01-03,Yes,39,happy with service,1
1525-PMZKR,2025-01-03,No,59,No comment,1
4845-FKZPU,2025-01-03,No,18,guidance to renew,2
6760-BHMYP,2025-01-03,Yes,30,happy with service,1
8578-VBOOX,2025-01-03,Yes,83,No comment,1
4892-BUOQT,2025-01-03,No,98,guidance to renew,1
5138-RUSHY,2025-01-03,No,11,service issue,1
6482-PGIGN,2025-01-03,Yes,74,demaned refund,1
0351-RCSRX,2025-01-03,Yes,38,guidance to renew,1
6108-LHPDQ,2025-01-04,No,38,demaned refund,1
9648-QVGLH,2025-01-04,Yes,79,No comment,1
6570-ASQZG,2025-01-04,Unknown,66,received refund,1
0102-CHIBB,2025-01-04,Yes,77,demaned refund,1
5121-LEWWO,2025-01-04,No,99,app not working,1
6032-OPDIF,2025-01-04,No,17,billing complaint,2
3764-AHMCZ,2025-01-04,No,36,paymnt failed,1
6187-FFKJI,2025-01-04,Yes,74,demaned refund,1
2898-IKCIJ,2025-01-04,No,93,paymnt failed,1
4751-DKETL,2025-01-04,No,20,received refund,2
6952-HNIPR,2025-01-04,Yes,74,requested callback,1
2601-KUGNS,2025-01-04,Yes,49,app not working,1
7246-CVTUJ,2025-01-04,No,59,guidance to renew,1
2104-XXQCY,2025-01-04,No,34,No comment,1
2037-GPQLZ,2025-01-04,Yes,60,No comment,2
1057-ZAUOP,2025-01-05,Yes,42,demaned refund,1
0650-KPJDT,2025-01-05,Yes,72,happy with service,1
3122-WRZGW,2025-01-05,No,49,received refund,1
1349-YYRWY,2025-01-05,No,94,happy with service,1
9981-WDGMW,2025-01-05,Yes,8,billing complaint,1
4478-ODVVV,2025-01-05,Yes,83,No comment,1
5794-UWEPU,2025-01-05,No,21,No comment,2
3091-YWFSY,2025-01-05,Yes,55,paymnt failed,2
5280-RCBFW,2025-01-05,Yes,6,service issue,1
4740-JNJRE,2025-01-05,No,27,demaned refund,1
9745-ZPYQL,2025-01-05,No,41,billing complaint,1
2487-OATCC,2025-01-05,No,64,guidance to renew,1
7829-METFW,2025-01-05,Yes,19,demaned refund,2
3319-BEVXN,2025-01-05,No,78,service issue,1
8625-HNZTK,2025-01-06,No,46,app not working,2
5760-EHTBW,2025-01-06,No,1,No comment,1
0426-LTECP,2025-01-06,No,37,service issue,1
6732-NSIFF,2025-01-06,No,18,received refund,1
3880-LEULW,2025-01-06,No,58,app not working,1
0925-WLAKZ,2025-01-06,Yes,79,happy with service,1
5711-LXHKQ,2025-01-06,No,22,app not working,2
2384-SBSEC,2025-01-06,No,87,service issue,1
6686-EIAEH,2025-01-06,Unknown,2,app not working,1
2911-YQGRN,2025-01-06,Yes,87,app not working,1
8541-LMVSC,2025-01-06,Yes,51,No comment,1
4897-PGZMI,2025-01-06,Yes,60,guidance to renew,1
7921-UYJXZ,2025-01-06,Yes,99,guidance to renew,1
7707-PGLRE,2025-01-06,No,96,No comment,1
5075-CCRXJ,2025-01-07,Yes,69,received refund,1
7374-VUKDA,2025-01-07,No,80,No comment,1
1996-IHJVR,2025-01-07,Yes,70,app not working,1
0805-IQFNR,2025-01-07,Yes,96,guidance to renew,1
2515-PPYMK,2025-01-07,Yes,30,received refund,1
0570-DIROQ,2025-01-07,No,63,guidance to renew,2
5773-DVENK,2025-01-07,Yes,79,No comment,2
8502-THCAF,2025-01-07,Yes,29,demaned refund,2
5505-ZYCLW,2025-01-07,No,79,service issue,1
6785-XIIYZ,2025-01-07,No,41,requested callback,2
3776-DJJUD,2025-01-07,No,8,No comment,1
9829-CANYC,2025-01-07,Yes,39,No comment,2
0592-ECNMT,2025-01-07,No,49,received refund,1
5436-BHLJX,2025-01-07,Yes,6,received refund,1
8412-VSGCI,2025-01-07,No,8,guidance to renew,2
9099-HJXQO,2025-01-08,Unknown,72,happy with service,1
1654-RZDLZ,2025-01-08,Yes,6,happy with service,1
0312-HKCWY,2025-01-08,No,43,No comment,1
4506-HTMEU,2025-01-08,No,29,demaned refund,1
5269-YIULN,2025-01-08,No,91,requested callback,1
8511-YJJUR,2025-01-08,No,50,guidance to renew,1
5615-GNCCZ,2025-01-08,No,97,service issue,2
7671-OFZPP,2025-01-08,No,5,billing complaint,2
9089-EABSE,2025-01-08,No,41,received refund,1
1444-FQBTU,2025-01-08,Yes,86,happy with service,1
7093-DVOYI,2025-01-08,Unknown,65,app not working,1
9871-VHJHZ,2025-01-08,No,23,No comment,1
4633-TIMGU,2025-01-08,Yes,27,billing complaint,1
5212-VNJPW,2025-01-08,No,41,billing complaint,1
0595-HNDFP,2025-01-08,Yes,3,service issue,2
8503-UFYIP,2025-01-08,Yes,74,service issue,1
3905-CUGBX,2025-01-08,No,3,paymnt failed,1
1657-CNYZA,2025-01-08,No,99,service issue,1
8145-HUNUD,2025-01-08,Yes,72,paymnt failed,1
4971-ICQXE,2025-01-08,Yes,88,No comment,1
2839-YVJDF,2025-01-09,Yes,51,No comment,1
2238-RYJRM,2025-01-09,Yes,75,No comment,1
7797-JRPMX,2025-01-09,Yes,33,received refund,1
9239-MPAZP,2025-01-09,No,50,paymnt failed,1
2484-HAKXL,2025-01-09,No,6,No comment,1
7967-KTRFV,2025-01-09,Yes,74,No comment,2
9573-CEZGN,2025-01-09,Unknown,89,guidance to renew,1
5370-VZFCK,2025-01-09,No,58,service issue,1
7023-RXKIM,2025-01-09,Yes,44,No comment,2
1899-IOXSA,2025-01-09,Yes,10,billing complaint,1
3553-PGKUE,2025-01-09,Unknown,51,guidance to renew,1
3103-TMKIN,2025-01-09,Yes,92,No comment,1
7126-VCFJR,2025-01-09,Yes,7,paymnt failed,1
7442-XPQAF,2025-01-09,Yes,93,happy with service,1
3046-MYHLP,2025-01-09,Yes,77,billing complaint,1
0158-HQGGI,2025-01-10,Unknown,70,happy with service,2
0461-MKFDN,2025-01-10,Yes,37,paymnt failed,2
4655-DVEYI,2025-01-10,Yes,30,happy with service,1
1765-NFMSD,2025-01-10,No,35,paymnt failed,1
8552-FHYVI,2025-01-10,Yes,69,No comment,1
5046-BWBTL,2025-01-10,No,97,No comment,1
0199-LCVIX,2025-01-10,No,12,No comment,1
6345-OEABQ,2025-01-10,Yes,36,paymnt failed,1
7716-YZRGU,2025-01-10,Unknown,71,No comment,1
6755-KFVIM,2025-01-10,No,43,No comment,2
8365-YHRGO,2025-01-10,Yes,94,demaned refund,1
3933-VPYTO,2025-01-10,Unknown,13,happy with service,1
4728-CCAPA,2025-01-10,Yes,34,No comment,1
2586-DNRGB,2025-01-10,Yes,19,No comment,1
5087-QPAJR,2025-01-10,Yes,81,happy with service,2
4055-WMYDH,2025-01-10,No,87,demaned refund,1
9647-MKOBV,2025-01-10,Unknown,22,demaned refund,1
9513-QJWIK,2025-01-10,No,69,demaned refund,2
9756-CKAOP,2025-01-10,Yes,7,guidance to renew,2
6745-UNOYI,2025-01-10,No,33,service issue,1
2646-XQYUP,2025-01-10,No,71,requested callback,1
9665-URCPY,2025-01-11,Yes,65,received refund,1
9231-BUSKH,2025-01-11,No,58,paymnt failed,1
9347-DJVSI,2025-01-11,Yes,7,guidance to renew,1
7021-HXNJN,2025-01-11,Yes,44,happy with service,1
7155-IZXLM,2025-01-11,No,83,received refund,2
6651-DJDGL,2025-01-11,No,32,guidance to renew,1
4448-SMFFY,2025-01-11,Yes,82,happy with service,1
5290-SLYIW,2025-01-11,Yes,52,No comment,1
7166-EQSQT,2025-01-11,No,86,No comment,1
8823-GUGDN,2025-01-11,Yes,54,No comment,1
9001-UNYYT,2025-01-11,Yes,15,received refund,1
8276-UBOGU,2025-01-11,Yes,44,No comment,2
8495-VNDLM,2025-01-11,No,92,billing complaint,2
7592-DNLBK,2025-01-11,Unknown,91,app not working,1
7250-QEFOT,2025-01-11,Yes,13,No comment,1
3943-DTTAZ,2025-01-11,No,35,requested callback,1
4255-JMDAB,2025-01-11,Yes,27,paymnt failed,1
6991-FNDEH,2025-01-11,No,14,No comment,1
4620-FLYPD,2025-01-11,Unknown,68,service issue,2
0788-XHFXN,2025-01-11,Yes,15,demaned refund,1
6704-UYEQV,2025-01-11,Yes,47,No comment,2
0412-UEKUV,2025-01-11,Yes,95,No comment,2
7092-EXJNK,2025-01-12,Yes,16,app not working,1
8843-NZEAS,2025-01-12,Yes,91,No comment,1
9042-ZBMVQ,2025-01-12,Unknown,73,requested callback,1
1295-WUVHX,2025-01-12,No,68,billing complaint,1
9028-TNLVI,2025-01-12,No,11,paymnt failed,2
4823-JGGUD,2025-01-12,Unknown,90,received refund,1
3194-ARNBA,2025-01-12,Yes,48,app not working,1
8023-HVMLS,2025-01-12,No,1,billing complaint,2
1057-PSAKB,2025-01-12,Unknown,59,billing complaint,1
1843-AYODS,2025-01-12,Yes,53,demaned refund,1
3033-CEEQB,2025-01-12,No,52,service issue,1
0383-OLOSX,2025-01-12,Yes,62,billing complaint,1
2653-UHWYB,2025-01-12,No,38,No comment,1
2372-EGKYL,2025-01-12,No,5,paymnt failed,1
8695-TSTGP,2025-01-12,Yes,28,No comment,1
0183-WVNGP,2025-01-12,Yes,99,No comment,1
2107-BYFRO,2025-01-12,Yes,30,guidance to renew,1
6070-JVEEF,2025-01-13,No,43,No comment,1
3241-BEPGT,2025-01-13,Yes,49,guidance to renew,1
9539-CTEQY,2025-01-13,No,81,received refund,1
5490-TNWKI,2025-01-13,Unknown,96,service issue,1
0428-XPLGJ,2025-01-13,No,3,No comment,2
6016-EBVVL,2025-01-13,No,82,paymnt failed,1
5966-SOVJP,2025-01-13,Yes,3,No comment,1
3172-XFISU,2025-01-13,Yes,26,service issue,1
0855-YBERH,2025-01-13,No,60,demaned refund,1
7052-IMKUS,2025-01-13,Yes,19,No comment,1
6529-JDYDA,2025-01-13,No,16,service issue,2
0823-KNLFZ,2025-01-13,Yes,34,service issue,1
2465-FWGDB,2025-01-14,Yes,74,paymnt failed,1
7567-XMOIA,2025-01-14,Unknown,50,received refund,1
1928-TXFJZ,2025-01-14,Yes,75,service issue,1
4395-IXYMQ,2025-01-14,Yes,86,billing complaint,1
6491-ONSTG,2025-01-14,No,85,happy with service,1
3389-EWYUY,2025-01-14,Unknown,94,service issue,1
8517-UOUDA,2025-01-14,Yes,5,No comment,1
1799-SQVCD,2025-01-14,No,3,No comment,1
8694-HCLOV,2025-01-14,Yes,80,guidance to renew,2
6783-GTZDO,2025-01-14,Yes,71,paymnt failed,1
3394-VIASX,2025-01-14,No,44,app not working,1
6934-EQZUL,2025-01-14,No,18,No comment,1
3070-SOJNR,2025-01-14,No,14,No comment,1
8292-TVWPN,2025-01-14,No,25,requested callback,2
0675-ZPCSK,2025-01-14,No,87,No comment,1
6536-KBCIH,2025-01-14,Yes,20,billing complaint,1
0237-FNQMS,2025-01-15,No,33,No comment,1
9494-XCEQH,2025-01-15,No,11,paymnt failed,1
2947-DCLND,2025-01-15,Yes,50,happy with service,1
8255-BIVIC,2025-01-15,Yes,40,demaned refund,1
7566-ZUNGB,2025-01-15,Yes,80,billing complaint,1
5350-VTYVO,2025-01-15,No,76,No comment,1
1588-OOARZ,2025-01-15,No,51,guidance to renew,2
7935-HPBIP,2025-01-15,Yes,35,No comment,2
0790-YXBVN,2025-01-15,Yes,1,requested callback,1
5672-TJHJC,2025-01-15,Yes,90,requested callback,2
8657-RALWV,2025-01-15,Yes,55,No comment,2
8826-DQKZF,2025-01-16,No,88,No comment,1
1226-JRGYO,2025-01-16,No,49,requested callback,1
3358-DWLMU,2025-01-16,Yes,43,service issue,1
7590-AZAFL,2025-01-16,Yes,9,No comment,2
4142-UYNRY,2025-01-16,Yes,31,paymnt failed,1
9783-GMRAT,2025-01-16,Yes,15,demaned refund,1
9795-UFXVZ,2025-01-16,No,30,demaned refund,1
1409-AFAWJ,2025-01-16,No,26,billing complaint,1
3822-PUFNH,2025-01-16,Yes,91,requested callback,1
8905-KXINJ,2025-01-17,Yes,93,guidance to renew,1
7924-RWZTT,2025-01-17,No,9,guidance to renew,1
2291-WQZAU,2025-01-17,No,20,No comment,1
5427-XLVZV,2025-01-17,No,85,received refund,1
8126-OWEXQ,2025-01-17,Yes,42,app not working,2
8631-YZYUA,2025-01-17,Yes,15,happy with service,1
4560-DDTBZ,2025-01-17,Yes,15,billing complaint,1
2666-NPTSS,2025-01-17,Yes,77,paymnt failed,1
2493-AUUKO,2025-01-17,Unknown,37,app not working,2
1530-KIKBD,2025-01-17,No,48,No comment,1
8233-HREXZ,2025-01-17,No,48,No comment,1
0625-PJSDW,2025-01-17,No,23,No comment,2
3766-DBQBN,2025-01-17,No,75,received refund,1
3776-ZCFOC,2025-01-17,No,90,guidance to renew,2
3591-HFVBF,2025-01-17,No,33,demaned refund,2
6644-RZIVS,2025-01-17,No,18,app not working,1
2096-LJDHO,2025-01-17,Yes,72,No comment,2
5893-FMBQI,2025-01-17,Yes,24,service issue,1
4679-NXAAQ,2025-01-17,Yes,84,demaned refund,1
6212-IWVGJ,2025-01-18,Yes,86,happy with service,1
8159-KTXTQ,2025-01-18,No,89,No comment,2
9942-IGEBT,2025-01-18,Unknown,84,requested callback,1
3109-NNPLY,2025-01-18,Yes,5,billing complaint,1
1565-MTKDF,2025-01-18,No,15,No comment,2
2754-SHQNU,2025-01-18,Yes,61,demaned refund,1
4588-NTFAX,2025-01-18,No,49,billing complaint,1
6264-WEZVZ,2025-01-18,No,56,app not working,1
7798-GFBYJ,2025-01-18,No,25,service issue,2
3854-RMKKM,2025-01-18,No,8,paymnt failed,2
9192-LNEKB,2025-01-18,No,32,paymnt failed,1
4532-COFWH,2025-01-19,No,48,happy with service,2
8440-ZZEJO,2025-01-19,Unknown,68,service issue,1
0171-VIUPY,2025-01-19,Yes,14,No comment,2
5703-NTWFC,2025-01-19,No,14,guidance to renew,1
2663-GIZFS,2025-01-19,No,42,received refund,2
5984-ZOIJY,2025-01-19,Yes,4,demaned refund,1
0084-YNVKX,2025-01-19,Yes,52,billing complaint,1
7616-TBGJH,2025-01-19,No,32,billing complaint,1
1873-JBABC,2025-01-19,No,16,app not working,1
3703-UNXCI,2025-01-19,No,81,service issue,1
3716-DLZJH,2025-01-19,Yes,17,billing complaint,2
5618-BWRRG,2025-01-19,No,71,guidance to renew,1
6374-CMWTF,2025-01-19,Yes,40,No comment,2
3252-OIDZL,2025-01-19,Yes,4,paymnt failed,1
2393-JVNOG,2025-01-19,No,75,No comment,1
6048-XWYNM,2025-01-19,Yes,22,received refund,2
4408-HCFNG,2025-01-19,Unknown,11,requested callback,2
2345-TUBPF,2025-01-20,Yes,53,guidance to renew,1
0317-VTEHB,2025-01-20,Yes,58,No comment,1
0321-NMLQE,2025-01-20,No,67,No comment,1
0535-VAZZV,2025-01-20,Yes,78,app not working,1
5659-XZFVI,2025-01-20,Yes,42,happy with service,2
4355-SNFWL,2025-01-20,Yes,83,service issue,1
7299-AWYFK,2025-01-20,No,19,paymnt failed,1
1323-PMLHX,2025-01-20,No,28,service issue,2
5658-DXBOJ,2025-01-20,Yes,49,paymnt failed,2
6267-QSEPO,2025-01-20,No,4,received refund,1
0502-FUJKY,2025-01-20,Unknown,32,No comment,1
6973-GQTET,2025-01-20,No,10,requested callback,1
0425-ELWJS,2025-01-20,Unknown,59,service issue,1
7057-HXZMT,2025-01-20,No,93,received refund,1
5086-BLWFB,2025-01-20,Unknown,58,No comment,1
9516-OTVFB,2025-01-20,No,17,guidance to renew,1
8777-FKQRE,2025-01-20,No,40,paymnt failed,1
8183-NBVYS,2025-01-20,Yes,23,billing complaint,1
7885-UCRRF,2025-01-21,No,33,app not working,1
1209-TPKHI,2025-01-21,Yes,20,happy with service,2
1610-KSELY,2025-01-21,Yes,96,demaned refund,1
7227-LXCYY,2025-01-21,Unknown,11,happy with service,1
6685-DGXEW,2025-01-21,No,27,paymnt failed,1
1219-OZOTD,2025-01-21,Unknown,53,No comment,1
8816-CIDMC,2025-01-21,No,58,guidance to renew,1
2403-WNUCE,2025-01-21,Yes,77,No comment,2
4857-KAQVN,2025-01-21,Yes,79,No comment,1
3744-OYDLB,2025-01-21,Yes,91,service issue,1
5366-KXWBE,2025-01-21,No,77,app not working,1
5691-PNCVF,2025-01-22,No,2,No comment,1
2079-VZWUW,2025-01-22,No,2,No comment,1
1790-MQHDL,2025-01-22,Yes,9,billing complaint,1
7258-SRPQB,2025-01-22,Yes,82,requested callback,1
6922-TNZPS,2025-01-22,Yes,38,No comment,2
1254-QKQLM,2025-01-22,No,97,guidance to renew,1
4705-EDWWR,2025-01-22,Unknown,94,demaned refund,1
7877-KLXUW,2025-01-22,Yes,86,happy with service,1
2610-FBGDR,2025-01-22,No,35,billing complaint,1
6774-DZUTN,2025-01-22,Yes,49,No comment,1
7988-ITXTO,2025-01-22,Yes,51,happy with service,1
9749-DNYPA,2025-01-22,No,34,paymnt failed,1
3402-XXNTW,2025-01-22,Unknown,52,demaned refund,2
6215-GHDUL,2025-01-22,No,36,guidance to renew,1
3713-MKGCP,2025-01-22,Yes,80,paymnt failed,2
7433-PROGQ,2025-01-22,Unknown,19,billing complaint,2
0121-OQQGP,2025-01-23,Yes,66,No comment,1
3784-SANLZ,2025-01-23,No,74,paymnt failed,1
5796-ZVEFF,2025-01-23,Yes,34,requested callback,1
2911-DKDLL,2025-01-23,No,70,service issue,2
5629-VTIZR,2025-01-23,Unknown,16,requested callback,2
6185-SRVNK,2025-01-23,No,71,requested callback,2
2437-KCPTB,2025-01-23,No,38,happy with service,1
8341-UTQET,2025-01-23,Yes,66,paymnt failed,2
5527-ZSRSG,2025-01-23,Yes,18,guidance to renew,1
7982-UBYWQ,2025-01-23,Yes,78,received refund,1
2705-UVPOG,2025-01-23,Yes,86,billing complaint,2
4045-SZYZS,2025-01-23,No,71,service issue,1
7315-PUQDO,2025-01-24,No,89,demaned refund,1
7762-ZENRN,2025-01-24,No,50,requested callback,1
1158-EIHDI,2025-01-24,No,21,No comment,1
1403-OZBSX,2025-01-24,Unknown,58,requested callback,1
1379-VOBAC,2025-01-24,Unknown,7,happy with service,1
4773-JRIVS,2025-01-24,Yes,41,paymnt failed,1
1423-MWTUA,2025-01-24,Unknown,49,requested callback,1
8766-DUOQT,2025-01-24,Yes,2,billing complaint,1
4956-GJOJK,2025-01-24,Yes,75,guidance to renew,1
5425-UQUUH,2025-01-24,Yes,92,happy with service,1
6630-IEBHT,2025-01-24,No,52,No comment,1
3920-HMMIU,2025-01-24,Yes,74,demaned refund,2
2661-DOHYN,2025-01-24,Unknown,43,app not working,1
8276-YDYBT,2025-01-24,No,43,received refund,1
8003-EHPMN,2025-01-24,Yes,28,billing complaint,2
3004-FXIUF,2025-01-24,Yes,49,requested callback,1
5564-YIAKQ,2025-01-24,No,11,happy with service,1
4823-ZEBJW,2025-01-24,No,39,No comment,2
0863-HWCAW,2025-01-24,Unknown,70,happy with service,2
7158-MDNKU,2025-01-24,Unknown,43,No comment,2
1573-ZERVL,2025-01-25,No,62,happy with service,1
1765-PBSVF,2025-01-25,Yes,12,requested callback,1
3165-OZTWH,2025-01-25,No,68,service issue,1
3531-KYOLB,2025-01-25,Unknown,49,app not working,1
5881-LFRTB,2025-01-25,No,58,No comment,1
3899-JFCOD,2025-01-25,Yes,56,requested callback,1
7609-GJTJD,2025-01-25,No,24,received refund,1
4411-QAWNI,2025-01-25,No,74,requested callback,1
6627-NNHJD,2025-01-25,Unknown,32,paymnt failed,1
9502-QYYIW,2025-01-25,No,32,requested callback,2
5096-XKNWA,2025-01-25,No,43,No comment,1
0483-RLJBG,2025-01-25,Yes,40,happy with service,1
0440-HTRSM,2025-01-25,Yes,78,No comment,1
9505-FHGCE,2025-01-25,Unknown,17,service issue,1
6819-YIQVD,2025-01-26,No,51,demaned refund,1
0051-FPWYZ,2025-01-26,Yes,46,guidance to renew,1
7079-UEHTB,2025-01-26,No,78,requested callback,1
5112-WAZTI,2025-01-26,No,7,demaned refund,1
4931-QEGQX,2025-01-26,Yes,93,happy with service,1
3324-FIDEL,2025-01-26,Yes,97,billing complaint,1
3243-KGGUL,2025-01-26,No,11,billing complaint,1
6136-JEYGO,2025-01-26,Yes,30,No comment,2
7883-RLDTG,2025-01-26,Unknown,79,No comment,1
7484-RARPX,2025-01-26,No,24,requested callback,1
0760-FFXCI,2025-01-26,No,56,received refund,1
6162-AVJQQ,2025-01-26,Unknown,80,requested callback,1
0302-PPIAZ,2025-01-26,No,47,billing complaint,2
5053-DLPNI,2025-01-26,No,16,guidance to renew,1
2459-QLZEX,2025-01-26,No,6,happy with service,1
7889-NNFJU,2025-01-27,No,79,No comment,1
3499-HKKAT,2025-01-27,No,58,paymnt failed,1
5393-LOPQL,2025-01-27,No,93,paymnt failed,1
1696-GKJUV,2025-01-27,Yes,68,app not working,1
3669-KIFSJ,2025-01-27,No,60,app not working,1
3787-YVTEN,2025-01-27,No,71,No comment,2
8845-MLVKF,2025-01-27,No,74,requested callback,1
2270-FRLIP,2025-01-27,Yes,61,received refund,1
8241-AJRHW,2025-01-27,No,85,demaned refund,1
4794-SDQKW,2025-01-27,Unknown,54,app not working,2
0388-VBEVB,2025-01-27,Yes,42,demaned refund,1
6320-USXHP,2025-01-27,No,99,received refund,1
8003-QCNTI,2025-01-27,Yes,67,paymnt failed,1
0373-AQUKS,2025-01-27,Unknown,62,demaned refund,1
6871-VLTGY,2025-01-27,Unknown,94,requested callback,2
9884-MEXME,2025-01-27,Yes,69,guidance to renew,1
2763-JRDIX,2025-01-27,Unknown,72,happy with service,2
3485-BLNWP,2025-01-27,Unknown,72,paymnt failed,2
3439-FICWE,2025-01-27,No,30,paymnt failed,1
1124-JRODM,2025-01-27,No,64,demaned refund,1
7455-CEBRU,2025-01-27,Yes,69,No comment,2
7061-BBMEH,2025-02-01,No,20,No comment,1
0335-ZENZT,2025-02-01,Unknown,53,requested callback,1
1957-NSMEE,2025-02-01,No,8,happy with service,1
1312-PMKRU,2025-02-01,Yes,97,happy with service,2
9640-NBGET,2025-02-01,Yes,16,app not working,1
7427-UYIPK,2025-02-01,No,45,happy with service,1
1694-ZXFUS,2025-02-01,Yes,22,app not working,1
0813-OEZCR,2025-02-01,Yes,72,happy with service,1
2539-LKNHK,2025-02-01,No,79,happy with service,1
5679-KFBWR,2025-02-01,No,54,guidance to renew,2
4083-STUUZ,2025-02-01,Yes,93,No comment,1
5953-CDIHZ,2025-02-01,Yes,55,demaned refund,1
6172-GWMUA,2025-02-01,No,22,No comment,1
1910-ECUVK,2025-02-01,Yes,84,app not working,1
4875-EOUJL,2025-02-01,Yes,26,received refund,1
6606-SJMLT,2025-02-01,No,10,app not working,2
4724-ERNGU,2025-02-01,Yes,49,received refund,2
9908-FPYUB,2025-02-01,Yes,90,paymnt failed,1
1687-TMVMX,2025-02-02,Yes,0,guidance to renew,1
1490-JLQDO,2025-02-02,No,25,received refund,1
4947-SXLVH,2025-02-02,Yes,48,happy with service,2
6512-ACNDX,2025-02-02,No,83,guidance to renew,1
3207-UDLIH,2025-02-02,Yes,88,demaned refund,1
0173-ETMRU,2025-02-02,Yes,56,No comment,1
4580-UXJHF,2025-02-02,Yes,88,happy with service,2
1921-PJIMT,2025-02-02,Yes,7,requested callback,1
9909-XBONT,2025-02-03,Yes,40,requested callback,1
8727-WVDXY,2025-02-03,No,55,app not working,1
3308-YYIIU,2025-02-03,No,1,No comment,1
0553-YUDEW,2025-02-03,Yes,87,demaned refund,1
5177-KAZUJ,2025-02-03,Unknown,71,No comment,1
5305-ZNSVE,2025-02-03,No,1,service issue,2
6270-UWXBY,2025-02-03,Unknown,28,No comment,1
4327-FRXJE,2025-02-03,Yes,15,No comment,2
2403-WQRMP,2025-02-03,No,69,demaned refund,1
4897-JGRIM,2025-02-03,No,9,service issue,2
3214-VQFWW,2025-02-03,No,51,No comment,2
0383-IUZGP,2025-02-03,Yes,56,requested callback,2
2406-DBPYP,2025-02-03,Yes,60,guidance to renew,1
2906-FZNVE,2025-02-03,No,34,happy with service,1
5123-SCYOR,2025-02-03,Yes,98,service issue,1
0358-KBXBN,2025-02-03,No,54,No comment,1
2564-AJJQJ,2025-02-03,No,49,billing complaint,1
0074-JJQJY,2025-02-04,Yes,60,app not working,1
3101-RUMBY,2025-02-04,Unknown,74,billing complaint,2
0175-QVFQF,2025-02-04,Yes,17,No comment,1
3927-SWTOT,2025-02-04,Yes,81,No comment,1
3062-MMHOA,2025-02-04,Yes,32,requested callback,1
9851-WMKRC,2025-02-04,No,97,No comment,1
4136-AYATH,2025-02-04,No,35,No comment,1
7839-FYWJE,2025-02-04,Yes,86,No comment,1
8073-XSOOM,2025-02-04,Yes,32,No comment,1
9854-TALNF,2025-02-04,Yes,76,service issue,1
3034-SJOVI,2025-02-04,No,4,service issue,1
9468-YERUU,2025-02-04,Yes,31,requested callback,1
6883-QOBTR,2025-02-04,Unknown,46,happy with service,1
3135-RXPED,2025-02-04,Yes,83,No comment,1
1008-NZGNB,2025-02-04,No,73,received refund,1
2460-QVEWH,2025-02-04,Yes,43,guidance to renew,1
3748-NKWND,2025-02-04,Yes,13,happy with service,1
1172-RWRUT,2025-02-05,Yes,3,requested callback,1
8955-MWEIC,2025-02-05,No,69,demaned refund,1
4908-KXFLJ,2025-02-05,Yes,86,billing complaint,1
2623-QBOJM,2025-02-05,Yes,41,paymnt failed,1
8580-TPLFF,2025-02-05,No,79,happy with service,1
2850-ACANE,2025-02-05,Unknown,9,app not working,1
9423-XJOHP,2025-02-05,Unknown,91,No comment,1
6453-CCIJR,2025-02-05,Yes,21,demaned refund,1
9201-FVCYB,2025-02-05,Yes,15,guidance to renew,2
4677-FMYDC,2025-02-05,No,48,requested callback,1
9375-UCXKS,2025-02-06,No,65,No comment,1
0359-YLIEI,2025-02-06,Yes,93,received refund,1
6891-FCCSR,2025-02-06,Yes,29,received refund,1
6127-DSMJH,2025-02-06,No,36,received refund,1
8603-IKWLC,2025-02-06,No,22,billing complaint,1
6587-TWSLK,2025-02-06,Yes,74,app not working,1
4360-SJHJF,2025-02-06,No,51,service issue,1
7845-BFMJX,2025-02-06,No,75,received refund,1
7223-VBQBT,2025-02-06,Unknown,57,guidance to renew,1
7904-YFMMJ,2025-02-06,No,92,guidance to renew,1
7681-QFPHS,2025-02-06,Yes,50,service issue,1
1478-TKQKB,2025-02-06,Yes,3,No comment,1
7673-VFQRC,2025-02-06,Yes,64,happy with service,1
7037-HHNAC,2025-02-06,No,10,service issue,1
2180-EOLFO,2025-02-06,Yes,49,paymnt failed,2
3004-OOSFI,2025-02-06,Yes,22,paymnt failed,1
2342-AEEDN,2025-02-06,Yes,55,service issue,1
1783-XYASP,2025-02-06,Yes,8,No comment,1
8070-APPWH,2025-02-06,Yes,93,No comment,1
4117-YNYTT,2025-02-06,Unknown,27,requested callback,1
1300-GVETY,2025-02-06,Unknown,68,guidance to renew,2
5194-GENQC,2025-02-07,Yes,3,requested callback,1
8539-MBTLL,2025-02-07,No,15,paymnt failed,1
3293-SUVRW,2025-02-07,No,86,No comment,1
7273-TAVFK,2025-02-07,No,30,No comment,1
0115-HHTSL,2025-02-07,No,79,received refund,1
4908-DJIZI,2025-02-07,Yes,31,received refund,1
0800-JPWKD,2025-02-07,Yes,19,No comment,1
4249-PWGZL,2025-02-07,Yes,26,No comment,2
8272-RSNBO,2025-02-07,Yes,74,requested callback,2
0723-MQGHX,2025-02-07,Yes,69,guidance to renew,2
5335-VXEIR,2025-02-07,No,63,demaned refund,1
7521-HSLNB,2025-02-07,No,60,app not working,1
0565-ODYMO,2025-02-07,Yes,10,No comment,2
7909-JTOBI,2025-02-07,Yes,49,paymnt failed,2
4479-PJGEI,2025-02-07,No,19,No comment,1
7989-VIVDZ,2025-02-07,Unknown,34,received refund,1
1770-IZZJD,2025-02-07,No,42,requested callback,1
9722-DHJWE,2025-02-07,No,97,paymnt failed,1
7047-VKQMN,2025-02-07,Yes,1,demaned refund,1
1179-KWESI,2025-02-07,Yes,6,No comment,1
7531-WGHTS,2025-02-07,Yes,18,billing complaint,1
7656-NJFAI,2025-02-07,Yes,93,guidance to renew,1
7286-DSBDG,2025-02-07,Yes,80,requested callback,2
0995-FYAOU,2025-02-07,No,43,requested callback,2
3058-WXCXA,2025-02-07,No,51,paymnt failed,1
2223-WRZQS,2025-02-07,Yes,73,No comment,3
8719-YFCQT,2025-02-08,No,13,paymnt failed,1
8150-LEQYN,2025-02-08,No,19,paymnt failed,1
9366-BDMQD,2025-02-08,No,50,demaned refund,2
9719-ZZLLI,2025-02-08,No,44,received refund,2
8956-JHKRY,2025-02-08,Yes,44,No comment,1
4717-NQMMG,2025-02-08,Yes,7,No comment,1
8951-WSYII,2025-02-08,Yes,55,requested callback,1
7314-BIGOJ,2025-02-08,No,59,service issue,1
2081-CLAEP,2025-02-08,No,90,No comment,1
7288-OWLDM,2025-02-08,No,58,guidance to renew,1
2338-GMFVE,2025-02-08,Yes,76,requested callback,2
5019-WTPGH,2025-02-08,No,67,paymnt failed,1
1573-CNHJA,2025-02-08,No,12,service issue,1
0542-QLEEP,2025-02-08,Yes,67,service issue,1
9868-XCAMA,2025-02-09,Yes,36,service issue,1
5273-EXYTS,2025-02-09,Yes,73,No comment,1
6821-ENICW,2025-02-09,No,40,demaned refund,1
6381-LOSYK,2025-02-09,Yes,12,service issue,1
5842-MVVRQ,2025-02-09,No,7,No comment,1
4291-USIGL,2025-02-09,No,51,demaned refund,1
9418-FFPKH,2025-02-09,Yes,97,happy with service,1
5981-QVYLH,2025-02-09,Yes,27,app not working,2
3541-NRMIF,2025-02-09,Yes,51,service issue,1
2817-FOUUH,2025-02-09,No,86,service issue,2
7636-EPQCM,2025-02-09,Yes,66,service issue,1
1340-UGNFK,2025-02-09,No,27,guidance to renew,1
0510-XOBYE,2025-02-09,No,49,No comment,1
1831-DFKAM,2025-02-09,Yes,32,app not working,1
2350-RSBBX,2025-02-09,No,91,requested callback,2
9576-KOHQA,2025-02-09,Yes,13,billing complaint,1
7703-FYJPH,2025-02-10,No,46,paymnt failed,1
6365-JCDHE,2025-02-10,Yes,72,app not working,1
5712-HPNKV,2025-02-10,Yes,34,paymnt failed,1
0228-LWXDO,2025-02-10,No,81,No comment,1
9828-CCJWN,2025-02-10,No,85,received refund,2
1269-PYAAK,2025-02-10,Yes,32,requested callback,1
3040-KRYNP,2025-02-10,No,4,app not working,2
1320-EGLFU,2025-02-10,Yes,54,guidance to renew,2
7795-EVDDY,2025-02-10,Yes,12,demaned refund,1
9264-MWYLL,2025-02-10,No,60,happy with service,1
1304-VTQQH,2025-02-10,Unknown,11,paymnt failed,1
4747-HLJVY,2025-02-10,Yes,97,happy with service,1
4711-HVLQT,2025-02-10,No,18,happy with service,1
0926-HFVXK,2025-02-10,Yes,9,demaned refund,1
7035-JRZIT,2025-02-10,Yes,19,paymnt failed,1
5566-UUCPL,2025-02-10,Yes,21,paymnt failed,2
5721-YAJOY,2025-02-10,Yes,98,No comment,1
4370-WJGMU,2025-02-10,Yes,78,requested callback,1
7156-YKNMN,2025-02-11,Yes,57,No comment,1
2940-OQFVV,2025-02-11,Yes,85,No comment,1
0546-QHNSQ,2025-02-11,Unknown,7,app not working,1
5536-KVWOI,2025-02-11,No,45,billing complaint,1
9246-LBJTL,2025-02-11,No,78,No comment,1
1420-JNLFK,2025-02-11,No,62,received refund,1
3099-BHGKQ,2025-02-11,No,78,No comment,1
4456-OIMVY,2025-02-11,Yes,53,service issue,1
1744-KYHZU,2025-02-11,Unknown,8,requested callback,1
2901-PJIUP,2025-02-11,No,98,guidance to renew,2
8755-OIJBK,2025-02-11,No,12,received refund,2
5210-PYHAJ,2025-02-11,No,20,requested callback,1
7965-IQXMT,2025-02-11,Yes,39,paymnt failed,1
7661-YTUDN,2025-02-11,Unknown,23,received refund,2
5485-GCOQE,2025-02-11,Yes,97,app not working,2
4110-UVXDT,2025-02-11,Yes,13,requested callback,2
4017-THAJM,2025-02-11,Yes,84,demaned refund,1
0629-JTYRT,2025-02-12,Yes,18,requested callback,1
1553-HVCXG,2025-02-12,No,66,No comment,1
4034-XXNQY,2025-02-12,No,83,No comment,1
7395-BDNOU,2025-02-12,Yes,41,happy with service,1
7904-OPXWG,2025-02-12,Yes,87,app not working,1
5811-CGEZF,2025-02-12,No,82,No comment,1
5530-JBGZR,2025-02-12,Yes,40,demaned refund,1
1224-ZZBBM,2025-02-12,Unknown,33,happy with service,1
0707-HQPGZ,2025-02-12,Yes,62,service issue,1
6339-SYITV,2025-02-12,Yes,60,received refund,2
7456-HCDEQ,2025-02-12,Unknown,82,No comment,1
9955-OYJNL,2025-02-12,No,69,happy with service,2
0060-EWFRW,2025-02-12,No,96,received refund,2
2801-UDSRI,2025-02-12,Yes,14,paymnt failed,1
9128-SRVAS,2025-02-12,Yes,16,paymnt failed,1
4564-WFXEZ,2025-02-12,Yes,26,guidance to renew,2
4280-GHDJW,2025-02-12,Yes,55,paymnt failed,2
7573-BBBFU,2025-02-12,No,35,billing complaint,1
8663-NRMKV,2025-02-12,Yes,44,happy with service,1
7394-PBJAE,2025-02-12,No,41,No comment,1
1779-XRXMM,2025-02-13,No,50,billing complaint,1
1148-TYWUD,2025-02-13,No,60,service issue,1
4968-FJPCT,2025-02-13,Unknown,48,billing complaint,1
6290-YDFOA,2025-02-13,Yes,48,No comment,1
8475-XQHJH,2025-02-13,Yes,8,demaned refund,1
0935-JEQZB,2025-02-13,No,46,No comment,1
4983-DLQBU,2025-02-13,No,89,billing complaint,2
4986-QWSEH,2025-02-13,No,51,received refund,1
7827-IYTUK,2025-02-13,Yes,57,requested callback,2
1571-CSGHL,2025-02-13,Yes,99,service issue,1
9941-ZPUBA,2025-02-13,No,20,happy with service,1
9481-FJDNG,2025-02-13,No,36,demaned refund,1
9676-VWLUT,2025-02-13,Yes,55,No comment,1
2801-XNEPX,2025-02-13,No,92,received refund,1
3387-NXVYX,2025-02-13,No,13,paymnt failed,1
9376-JSHHU,2025-02-13,No,4,No comment,1
5509-OVJQA,2025-02-13,Yes,49,service issue,2
3183-KSQBS,2025-02-13,No,80,paymnt failed,2
7479-NXMZP,2025-02-13,Yes,87,service issue,1
7881-SMSXQ,2025-02-13,No,72,No comment,1
8752-PPQQC,2025-02-13,No,50,paymnt failed,1
2869-AWVQZ,2025-02-14,No,92,received refund,1
2537-RKPJU,2025-02-14,No,34,app not working,1
0842-TSAZA,2025-02-14,Yes,43,paymnt failed,1
4267-JHPEX,2025-02-14,Yes,73,No comment,1
0310-QJCLQ,2025-02-14,No,60,guidance to renew,1
9385-DHYSH,2025-02-14,Yes,70,service issue,2
2892-OPGDH,2025-02-14,No,6,guidance to renew,1
7107-QUVMW,2025-02-14,No,53,No comment,1
2434-ZOEHL,2025-02-14,Unknown,80,happy with service,1
4992-UPDVT,2025-02-14,Yes,33,demaned refund,1
9814-FSRQH,2025-02-14,No,46,No comment,1
6582-OJYBN,2025-02-14,Unknown,46,No comment,1
4279-ACSER,2025-02-14,Yes,29,paymnt failed,2
2358-MCHDQ,2025-02-15,Yes,0,No comment,1
6094-GAIYO,2025-02-15,Yes,87,received refund,1
3586-BDXPU,2025-02-15,No,54,No comment,2
9484-YHMMO,2025-02-15,Yes,51,happy with service,1
1125-QAISI,2025-02-15,Yes,97,No comment,1
7544-JNAPP,2025-02-15,No,1,requested callback,1
5795-SPHCI,2025-02-15,Yes,17,No comment,1
0226-SWYYU,2025-02-15,Unknown,62,No comment,1
6032-CQWQB,2025-02-15,Yes,61,No comment,1
8262-XCTSS,2025-02-15,Yes,63,happy with service,1
2743-CUBYC,2025-02-15,No,59,billing complaint,1
3278-HTQHT,2025-02-15,No,84,service issue,1
2839-UQBDC,2025-02-15,Yes,89,requested callback,2
9471-WXGCS,2025-02-16,No,12,received refund,1
1722-KBNTC,2025-02-16,No,18,paymnt failed,1
3714-ZEOMW,2025-02-16,Yes,30,service issue,1
5631-MHECJ,2025-02-16,Unknown,35,requested callback,1
7024-ZRUAE,2025-02-16,No,32,received refund,1
3181-GFLBZ,2025-02-16,No,48,guidance to renew,1
4214-CUTIH,2025-02-16,No,59,guidance to renew,2
5291-UNXOH,2025-02-16,Yes,49,paymnt failed,1
1709-WGRHG,2025-02-16,Yes,50,billing complaint,2
8809-XOMFZ,2025-02-16,No,6,No comment,1
4662-MELGH,2025-02-16,Yes,80,app not working,1
4755-YRVST,2025-02-16,No,19,paymnt failed,1
7505-UEOJB,2025-02-16,Unknown,2,app not working,1
2845-KUWJW,2025-02-16,Yes,72,service issue,1
7377-KEQFA,2025-02-16,Yes,71,billing complaint,1
9662-QOIPH,2025-02-16,Yes,8,happy with service,1
1690-LZTLZ,2025-02-16,No,18,received refund,2
3965-JJLMP,2025-02-17,No,33,paymnt failed,1
3383-UCSOW,2025-02-17,Yes,63,demaned refund,2
2769-VOYAE,2025-02-17,No,26,service issue,1
1574-GDYPZ,2025-02-17,No,55,guidance to renew,1
5943-JHJPT,2025-02-17,Yes,65,No comment,1
5314-VQKOQ,2025-02-17,No,19,billing complaint,1
3477-JGSJK,2025-02-17,Yes,44,received refund,2
8878-HFHDT,2025-02-17,No,97,received refund,1
7675-NAHCI,2025-02-17,Yes,80,No comment,2
9570-ESJOZ,2025-02-17,No,12,No comment,1
2676-VYQEK,2025-02-18,Unknown,10,requested callback,1
7288-XTLZU,2025-02-18,No,17,billing complaint,1
4605-BWGPD,2025-02-18,No,50,No comment,1
8007-QIMOK,2025-02-18,Yes,27,No comment,1
8835-ZVTZS,2025-02-18,Unknown,13,requested callback,1
9386-AIYEG,2025-02-18,No,43,No comment,2
2136-OCLDQ,2025-02-18,No,29,billing complaint,1
1247-HECUV,2025-02-18,No,6,billing complaint,2
8932-VIQXP,2025-02-18,Yes,12,demaned refund,2
3247-PRSSS,2025-02-18,No,18,happy with service,1
9739-MCDHR,2025-02-19,Yes,69,billing complaint,1
3615-CDIWN,2025-02-19,Yes,32,requested callback,2
3849-ZOAIT,2025-02-19,Unknown,59,No comment,1
4378-TRKBH,2025-02-19,Yes,70,requested callback,1
1937-LBHAS,2025-02-19,Yes,91,billing complaint,1
1391-OCCWL,2025-02-19,No,50,service issue,1
3721-CJYSX,2025-02-19,Yes,29,app not working,2
4812-ZTZRM,2025-02-19,Yes,70,billing complaint,1
2250-UOQZT,2025-02-19,No,59,service issue,2
8202-TAJIZ,2025-02-19,No,43,No comment,1
6150-OPJGN,2025-02-19,No,3,demaned refund,1
7387-YDWZO,2025-02-20,No,87,requested callback,2
5501-DMMZV,2025-02-20,No,64,requested callback,1
5005-XOVTQ,2025-02-20,Unknown,28,No comment,1
2291-MFMEV,2025-02-20,Yes,70,requested callback,1
5264-POOBL,2025-02-20,Yes,89,received refund,1
9651-DFQMR,2025-02-20,Yes,96,billing complaint,1
1287-PMPKF,2025-02-20,No,40,paymnt failed,1
8229-JZORY,2025-02-20,No,70,billing complaint,1
0673-YINWZ,2025-02-20,Yes,18,guidance to renew,2
4612-ASWCV,2025-02-20,Yes,13,demaned refund,2
8965-EFQAO,2025-02-20,Yes,10,billing complaint,1
7109-SPIYF,2025-02-20,No,92,happy with service,2
8117-XVTNJ,2025-02-20,Unknown,74,guidance to renew,2
1599-QWRCS,2025-02-21,No,95,demaned refund,1
6241-LMCSN,2025-02-21,No,66,app not working,1
8475-XZILX,2025-02-21,Yes,30,happy with service,1
0344-NDGRA,2025-02-21,Yes,98,billing complaint,1
6233-AAMUL,2025-02-21,No,18,No comment,1
1434-FJNNZ,2025-02-21,Unknown,37,requested callback,1
8940-QAEEN,2025-02-21,Unknown,54,paymnt failed,1
4350-CZGTH,2025-02-21,No,74,service issue,2
9621-WBJMU,2025-02-21,Yes,10,service issue,1
4370-YXBKL,2025-02-21,No,38,No comment,1
0772-HBTNW,2025-02-21,Yes,82,service issue,2
9946-TPOQQ,2025-02-21,No,12,requested callback,1
3475-IWIWR,2025-02-21,No,46,No comment,1
8058-DFJNY,2025-02-21,No,41,No comment,1
9982-NSELX,2025-02-21,Yes,49,No comment,1
4920-UDAER,2025-02-21,No,48,billing complaint,1
2360-BPQCG,2025-02-21,Yes,73,guidance to renew,2
6035-YJSTK,2025-02-21,Yes,71,requested callback,2
0626-XIUBL,2025-02-21,Yes,15,demaned refund,1
0701-MQJNS,2025-02-21,Yes,25,No comment,2
4629-PQIJI,2025-02-21,No,13,demaned refund,2
8493-KWDIE,2025-02-21,No,44,No comment,1
6252-BJCJF,2025-02-22,Yes,72,received refund,1
9919-VSVQI,2025-02-22,No,44,happy with service,1
8487-HGSXY,2025-02-22,Yes,65,paymnt failed,1
9813-RHTXC,2025-02-22,No,60,billing complaint,1
7948-GBAUW,2025-02-22,No,40,service issue,2
3717-VHOSQ,2025-02-22,Unknown,13,No comment,1
3881-UULMK,2025-02-22,Yes,13,service issue,2
2303-BZTFW,2025-02-22,Yes,19,happy with service,1
7011-HEFHC,2025-02-22,No,3,happy with service,1
9031-ZLIWW,2025-02-22,Yes,49,No comment,2
7306-CEFRB,2025-02-22,Yes,9,guidance to renew,1
4993-RKFJM,2025-02-22,Unknown,46,guidance to renew,1
3403-WHEGG,2025-02-22,No,47,guidance to renew,2
5141-CNKHV,2025-02-22,Yes,29,requested callback,1
9200-IZQPW,2025-02-22,No,99,received refund,1
7742-SXWHB,2025-02-23,No,6,requested callback,1
8881-GKWLW,2025-02-23,No,94,happy with service,1
3216-YDOAV,2025-02-23,Yes,14,guidance to renew,1
9281-ADYJH,2025-02-23,No,5,happy with service,1
0994-OWCHN,2025-02-23,Yes,66,billing complaint,2
0513-VQTCJ,2025-02-23,Yes,40,paymnt failed,1
6191-ALUUN,2025-02-23,Yes,35,No comment,1
4629-IXJIQ,2025-02-23,No,43,app not working,1
5927-WEWMG,2025-02-23,Yes,36,app not working,2
3325-MMAYK,2025-02-23,No,82,guidance to renew,1
4977-NAYCB,2025-02-23,No,56,happy with service,1
2830-IKMPS,2025-02-23,No,74,received refund,1
6222-GRIHS,2025-02-23,Yes,25,happy with service,2
7687-AAKHI,2025-02-24,Yes,46,No comment,1
1415-NCFCH,2025-02-24,Unknown,86,paymnt failed,1
6737-DLONU,2025-02-24,Unknown,69,happy with service,1
4894-RFRDQ,2025-02-24,No,70,requested callback,1
2718-DOFPK,2025-02-24,No,52,No comment,1
7219-PUQPI,2025-02-24,No,48,No comment,1
1398-PZKZK,2025-02-24,No,49,No comment,1
2177-QDBMY,2025-02-24,No,57,No comment,1
1506-IVBQI,2025-02-24,No,95,guidance to renew,1
8645-KQSJN,2025-02-24,No,57,demaned refund,1
8711-NDDIA,2025-02-24,Yes,54,guidance to renew,1
6292-CDVUD,2025-02-24,Yes,59,received refund,1
5797-USPIQ,2025-02-24,Yes,70,requested callback,1
4191-MQJFP,2025-02-24,No,62,paymnt failed,1
9381-JGWZY,2025-02-24,No,49,happy with service,1
7326-PEZYR,2025-02-24,No,39,app not working,1
3095-MRSNT,2025-02-24,Unknown,63,received refund,1
3331-NXOCV,2025-02-24,No,65,paymnt failed,1
2037-BTXFF,2025-02-24,Yes,49,No comment,1
2443-QMTJT,2025-02-24,No,39,app not working,1
8217-QCOBC,2025-02-24,Yes,96,happy with service,1
5114-BEDQT,2025-02-25,No,8,requested callback,1
6710-MJYXM,2025-02-25,Unknown,79,No comment,1
5980-TSPQY,2025-02-25,No,85,No comment,1
8556-FXPVK,2025-02-25,Yes,82,No comment,1
6410-NFQAD,2025-02-25,Yes,82,paymnt failed,1
4094-QBHHG,2025-02-25,No,83,service issue,2
9022-GWLPZ,2025-02-25,Yes,23,app not working,1
3618-OQZQD,2025-02-25,Yes,89,paymnt failed,2
9490-WPGKB,2025-02-25,Yes,10,requested callback,2
7384-RZBPK,2025-02-25,No,20,No comment,1
6766-ILVNM,2025-02-25,No,1,billing complaint,2
6603-RZJAP,2025-02-25,Yes,5,paymnt failed,1
3459-HVDNG,2025-02-25,No,78,service issue,1
6494-NRRLX,2025-02-25,No,25,received refund,2
5640-JWMDX,2025-02-25,No,49,guidance to renew,2
3667-OZENQ,2025-02-25,No,5,billing complaint,1
3193-FPJGM,2025-02-25,Yes,53,requested callback,1
5764-MDWHI,2025-02-26,Unknown,12,billing complaint,1
7472-BTKGT,2025-02-26,No,49,No comment,1
7432-EMQMZ,2025-02-26,Unknown,15,No comment,1
7135-EEDQA,2025-02-26,No,72,service issue,1
7973-PZQBF,2025-02-26,Yes,41,received refund,1
1863-RMXCZ,2025-02-26,No,55,No comment,1
4418-ZDHCZ,2025-02-26,No,66,No comment,2
7609-ZGTTS,2025-02-26,Yes,70,app not working,1
1402-RGPRI,2025-02-26,Yes,39,app not working,1
9166-AHFCB,2025-02-26,Yes,14,happy with service,1
4957-FBOXU,2025-02-26,No,36,app not working,1
2499-DUKHP,2025-02-26,No,40,No comment,1
8897-AOYEH,2025-02-26,Unknown,52,received refund,1
8330-SCSAY,2025-02-26,No,57,guidance to renew,1
9266-CQBVI,2025-02-26,No,24,app not working,1
5878-FKSJP,2025-02-26,No,91,requested callback,1
3867-ADPXT,2025-02-26,No,49,No comment,1
3362-PERHZ,2025-02-26,Yes,61,received refund,1
4608-IYRQQ,2025-02-26,Yes,12,demaned refund,1
4954-DDTOS,2025-02-27,Yes,42,requested callback,1
2226-IYUEW,2025-02-27,No,41,guidance to renew,1
6985-RWAPH,2025-02-27,No,76,app not working,1
3120-SPLYB,2025-02-27,Unknown,17,guidance to renew,1
9287-EEHIV,2025-02-27,No,39,billing complaint,2
9073-BVJXZ,2025-02-27,No,16,app not working,1
8765-HUPZL,2025-02-27,Yes,46,requested callback,1
5282-XEDAF,2025-02-27,No,29,requested callback,1
8427-KWVFG,2025-02-27,No,98,app not working,1
5188-LQJDH,2025-02-27,No,15,service issue,1
9959-HADWO,2025-02-27,Yes,36,demaned refund,1
0134-TACWD,2025-02-27,Yes,36,guidance to renew,2
2283-ZDJOD,2025-02-27,No,14,requested callback,2
6277-URQTE,2025-02-27,No,12,requested callback,1
4464-NWXJU,2025-03-01,Yes,24,service issue,1
7128-MTIMP,2025-03-01,Yes,40,service issue,1
4332-XFJNY,2025-03-01,Yes,49,happy with service,1
2917-WOBVL,2025-03-01,Yes,3,received refund,1
3112-GSYWQ,2025-03-01,Yes,75,demaned refund,1
3275-WUSVR,2025-03-01,Yes,28,requested callback,1
7925-GAFGD,2025-03-01,Yes,91,happy with service,1
6235-DHCYK,2025-03-01,Unknown,49,billing complaint,1
8901-EYUHX,2025-03-01,Yes,42,demaned refund,1
3747-KHMNE,2025-03-01,Yes,71,received refund,1
3052-YNOMR,2025-03-02,Yes,40,happy with service,2
7720-XAXXQ,2025-03-02,Yes,76,billing complaint,1
1854-CTGZT,2025-03-02,Yes,49,paymnt failed,1
7846-DPUDB,2025-03-02,Yes,31,No comment,2
3765-LZTUK,2025-03-02,No,40,demaned refund,1
6775-SQUUV,2025-03-02,No,59,demaned refund,1
5427-VCHDZ,2025-03-02,Yes,0,billing complaint,2
0972-LCEES,2025-03-02,No,9,demaned refund,1
0731-YIUQO,2025-03-02,Yes,4,paymnt failed,1
4841-SIEMO,2025-03-02,Unknown,66,app not working,1
9436-PCCGK,2025-03-02,Yes,18,No comment,1
4013-RKWEH,2025-03-02,Yes,24,No comment,1
7436-HTUVD,2025-03-03,No,59,service issue,1
1235-JUIHP,2025-03-03,No,83,billing complaint,1
4241-DGQSD,2025-03-03,No,83,guidance to renew,1
9796-UADMP,2025-03-03,Yes,87,app not working,1
1041-XKKFM,2025-03-03,No,70,app not working,1
3893-LUSZN,2025-03-03,No,88,No comment,1
2410-RCAEU,2025-03-03,Yes,12,guidance to renew,2
0381-XGVAM,2025-03-03,Unknown,19,paymnt failed,1
8587-PWHRV,2025-03-03,No,68,No comment,1
4370-FRXWH,2025-03-03,No,19,requested callback,1
9902-FIMLJ,2025-03-03,No,78,app not working,2
5073-ZZIAC,2025-03-03,No,19,requested callback,1
0979-FIWPH,2025-03-03,Yes,65,No comment,2
0618-LJGHP,2025-03-03,Yes,54,service issue,2
5227-XWNQP,2025-03-03,Yes,81,requested callback,2
7816-PVGOF,2025-03-03,Yes,84,demaned refund,1
2536-JKMAN,2025-03-04,Yes,48,guidance to renew,1
2915-XDIZE,2025-03-04,No,31,happy with service,1
6895-RSIEE,2025-03-04,Unknown,30,No comment,1
1895-ACIQX,2025-03-04,No,48,No comment,1
5811-MYFOU,2025-03-04,Yes,74,billing complaint,1
2469-GSKVQ,2025-03-04,Yes,45,demaned refund,1
3407-PWPNV,2025-03-04,Unknown,36,requested callback,1
7845-VBBSZ,2025-03-04,Yes,67,billing complaint,2
7856-FYWFE,2025-03-04,Unknown,49,app not working,1
9088-XJASK,2025-03-04,Unknown,62,received refund,1
0937-VMCNR,2025-03-04,No,15,No comment,2
6063-JVNAS,2025-03-04,Yes,29,No comment,1
9465-YXGWF,2025-03-04,Yes,22,No comment,2
1468-INDEA,2025-03-04,Yes,90,app not working,1
1294-ILOXX,2025-03-04,Yes,79,No comment,1
4022-AFRFU,2025-03-05,Yes,20,guidance to renew,1
0454-NYQWP,2025-03-05,No,69,guidance to renew,1
8427-FMHBU,2025-03-05,Unknown,58,No comment,2
4341-JGCVE,2025-03-05,Yes,66,No comment,1
7518-FATYV,2025-03-05,Unknown,71,billing complaint,1
4154-VOQZV,2025-03-05,Unknown,58,No comment,1
1445-CMGMN,2025-03-05,Yes,0,service issue,1
7186-NWUHT,2025-03-05,No,3,happy with service,1
3645-KOBMC,2025-03-05,No,49,No comment,1
0659-FNJCT,2025-03-05,No,95,received refund,1
9972-KUILF,2025-03-05,Yes,82,demaned refund,1
3136-BUDOT,2025-03-06,Yes,68,requested callback,1
2714-FHLRS,2025-03-06,No,37,No comment,1
3603-XQQUW,2025-03-06,Yes,89,billing complaint,1
0580-NLQAD,2025-03-06,Unknown,51,No comment,1
2639-DEBOQ,2025-03-06,Unknown,62,billing complaint,1
1055-NRPAH,2025-03-06,Yes,53,requested callback,1
9081-LNDKW,2025-03-07,Yes,50,received refund,1
7674-ZWVSC,2025-03-07,Yes,2,requested callback,1
4661-VSBBY,2025-03-07,No,58,service issue,1
3934-HGHSJ,2025-03-07,Yes,7,No comment,1
1823-QXLUA,2025-03-07,Yes,41,app not working,1
9860-TUHGG,2025-03-07,No,97,paymnt failed,1
3677-EWRKB,2025-03-07,Unknown,6,paymnt failed,1
8092-OSPBD,2025-03-07,No,1,paymnt failed,2
8011-CDDAK,2025-03-07,No,44,guidance to renew,1
9691-FWOMI,2025-03-07,No,36,guidance to renew,1
4473-XTDYU,2025-03-07,No,58,billing complaint,1
4486-UUNAU,2025-03-07,No,53,demaned refund,1
4454-SFUFA,2025-03-07,Unknown,80,demaned refund,1
3877-FKEFC,2025-03-07,No,87,guidance to renew,1
4202-PFESR,2025-03-07,Yes,90,service issue,2
7838-DOEQK,2025-03-07,Yes,74,No comment,3
8346-WCIQD,2025-03-07,Yes,48,No comment,2
7358-ZORQT,2025-03-08,Yes,82,received refund,1
9345-TRIRW,2025-03-08,Yes,16,happy with service,1
0034-ZHZXT,2025-03-08,Yes,1,happy with service,1
0795-RCEMP,2025-03-08,Yes,76,received refund,1
1055-MCNTD,2025-03-08,No,57,paymnt failed,1
5637-RUPXS,2025-03-08,Yes,78,billing complaint,1
3271-YKQKU,2025-03-08,No,18,service issue,1
9880-LXUEW,2025-03-08,Yes,21,guidance to renew,1
6187-BAASM,2025-03-08,No,39,No comment,1
5608-DUWJN,2025-03-08,Yes,0,No comment,1
5067-MSWGR,2025-03-08,Yes,27,No comment,2
1544-WHVOZ,2025-03-08,Yes,34,paymnt failed,1
6609-VLVIO,2025-03-08,Yes,32,service issue,1
2599-WVLRI,2025-03-08,No,1,billing complaint,2
2610-WLEUW,2025-03-09,No,38,No comment,1
9061-NHTLZ,2025-03-09,Unknown,73,requested callback,1
3126-YPJWI,2025-03-09,Unknown,19,happy with service,1
0974-KGPKD,2025-03-09,No,35,received refund,1
6588-CXSMO,2025-03-09,Yes,17,happy with service,1
8894-BDSBW,2025-03-09,No,25,No comment,1
4839-YSBVK,2025-03-09,No,56,billing complaint,1
5969-LZDTA,2025-03-09,No,46,paymnt failed,1
0404-IQJHC,2025-03-09,No,20,No comment,1
6033-YDNQJ,2025-03-09,No,98,demaned refund,1
0368-XFZAW,2025-03-09,Yes,88,No comment,2
3207-HLDRK,2025-03-09,No,87,demaned refund,2
5144-USEHA,2025-03-09,Yes,40,happy with service,1
3460-QUJKS,2025-03-09,No,26,No comment,1
6937-QBDPZ,2025-03-10,Yes,32,billing complaint,1
7587-IVBUC,2025-03-10,No,76,No comment,1
2180-YFBFD,2025-03-10,No,58,requested callback,1
7990-RPUXZ,2025-03-10,Yes,31,demaned refund,1
1312-CEGSC,2025-03-10,Yes,47,received refund,1
3145-VENGB,2025-03-10,No,98,No comment,1
1542-GTMWY,2025-03-10,Yes,35,happy with service,2
2877-VWXHH,2025-03-10,Yes,83,No comment,1
0761-BAYJH,2025-03-10,No,79,happy with service,1
5409-LRAWQ,2025-03-10,No,93,app not working,1
2301-UOUIB,2025-03-10,No,90,demaned refund,2
0834-NRVYA,2025-03-11,Yes,35,No comment,1
2053-AWZRF,2025-03-11,Unknown,77,paymnt failed,1
6311-NGUQJ,2025-03-11,Yes,54,No comment,1
9671-GMLXK,2025-03-11,Yes,40,billing complaint,1
1195-TTTNM,2025-03-11,Yes,73,billing complaint,2
1528-VPRUR,2025-03-11,No,84,requested callback,2
1914-UABUB,2025-03-11,Yes,96,happy with service,2
0435-IYCFM,2025-03-11,Yes,71,paymnt failed,1
1336-FVJBW,2025-03-12,Yes,37,billing complaint,1
7729-RGTJP,2025-03-12,Yes,33,demaned refund,2
9657-YNHEL,2025-03-12,Yes,53,received refund,1
0344-HIKBJ,2025-03-12,No,95,received refund,1
1883-TQKKE,2025-03-12,No,28,paymnt failed,1
4012-ZECGR,2025-03-12,No,86,service issue,1
5592-PIEOH,2025-03-12,Yes,34,requested callback,1
0839-CFNHJ,2025-03-12,No,36,app not working,1
6974-NEXOQ,2025-03-12,Yes,42,app not working,2
4484-NHGZM,2025-03-12,Yes,37,app not working,1
5594-ILPWZ,2025-03-12,Yes,54,demaned refund,1
4701-JWWNM,2025-03-12,Yes,25,demaned refund,1
2505-SEMMP,2025-03-12,Yes,20,happy with service,1
7073-KKSSZ,2025-03-12,No,91,No comment,2
5059-YJMJR,2025-03-12,Yes,30,happy with service,1
7482-EPIGA,2025-03-13,Yes,47,demaned refund,1
5537-WLKKD,2025-03-13,Yes,76,No comment,1
4114-FQKKL,2025-03-13,No,10,received refund,2
1065-KAFIJ,2025-03-13,Yes,82,demaned refund,1
5584-UDNXJ,2025-03-13,No,12,guidance to renew,1
6338-GAAKT,2025-03-13,Unknown,91,happy with service,1
7086-WEZTB,2025-03-13,Yes,4,No comment,1
9008-JKKGU,2025-03-13,No,60,app not working,1
1857-FUKLK,2025-03-13,No,72,happy with service,2
9642-OGKVD,2025-03-13,No,92,demaned refund,1
5006-XZXTX,2025-03-14,No,36,No comment,1
7678-UYPVL,2025-03-14,Unknown,34,No comment,1
7622-LYSRP,2025-03-14,Yes,37,billing complaint,2
7500-OSLGS,2025-03-14,No,42,No comment,1
5263-OENYI,2025-03-14,No,53,guidance to renew,2
1435-OTIMI,2025-03-14,Yes,0,happy with service,1
9238-FRYEP,2025-03-14,Yes,50,No comment,2
4781-AFGLE,2025-03-14,No,41,No comment,1
5223-EUWDW,2025-03-14,No,14,No comment,1
3914-VZXSH,2025-03-14,Yes,93,paymnt failed,1
5810-WVMBL,2025-03-14,Yes,19,paymnt failed,2
7144-KSRYG,2025-03-14,No,20,No comment,2
6937-WPGZJ,2025-03-14,No,57,service issue,2
7655-BOTFL,2025-03-14,No,49,paymnt failed,2
0598-BQLQT,2025-03-15,Yes,0,happy with service,1
4448-FKREF,2025-03-15,Yes,29,requested callback,1
3455-UQXJO,2025-03-15,No,49,paymnt failed,1
2150-DYIOQ,2025-03-15,No,73,guidance to renew,1
3723-XIHNT,2025-03-15,Yes,4,received refund,1
6162-GUYOU,2025-03-15,Yes,33,received refund,1
3745-PYXID,2025-03-15,Yes,49,billing complaint,1
1382-EYPOD,2025-03-15,No,20,billing complaint,1
2109-HQPMD,2025-03-15,Unknown,28,requested callback,2
9932-IMFJE,2025-03-16,Yes,27,requested callback,1
6537-DIANJ,2025-03-16,Yes,93,No comment,1
4312-GIYZK,2025-03-16,Yes,42,demaned refund,1
7840-SWHUN,2025-03-16,No,26,No comment,1
1460-FZDAT,2025-03-16,Yes,10,service issue,1
7611-IRKUT,2025-03-16,No,91,demaned refund,1
1427-XTXEQ,2025-03-16,Yes,6,No comment,1
8540-BAEPV,2025-03-16,Yes,61,requested callback,2
2669-MZCZE,2025-03-16,Yes,77,happy with service,2
7165-BUKMM,2025-03-16,Yes,66,requested callback,1
8681-ZOYWS,2025-03-16,Yes,77,guidance to renew,1
2703-CBWQY,2025-03-16,Yes,64,billing complaint,2
9222-CSGPF,2025-03-16,Yes,49,demaned refund,1
3121-SEWUA,2025-03-16,Yes,99,No comment,1
0750-VCDLL,2025-03-16,Yes,33,happy with service,1
4224-MNJNG,2025-03-16,No,44,No comment,1
5736-KRZLN,2025-03-16,No,24,guidance to renew,2
9963-OVALZ,2025-03-16,No,95,app not working,1
8895-EHVIE,2025-03-16,Yes,62,No comment,1
2946-OMWKQ,2025-03-17,Yes,63,requested callback,1
3092-TTNPN,2025-03-17,No,89,app not working,1
2737-XGDOX,2025-03-17,No,6,received refund,1
2528-XVJOR,2025-03-17,Yes,64,service issue,1
6611-VUJNL,2025-03-17,No,82,received refund,1
3211-QMTYX,2025-03-17,No,80,demaned refund,1
0029-HRIVS,2025-03-17,No,49,No comment,1
7406-ZQSFS,2025-03-17,Yes,79,billing complaint,1
2943-TRHMH,2025-03-17,Yes,29,billing complaint,1
9601-YUZNV,2025-03-17,No,13,demaned refund,1
5213-PYZUE,2025-03-17,Yes,77,received refund,2
7286-DMYUS,2025-03-17,Yes,58,No comment,1
7837-CRYTO,2025-03-17,Yes,29,received refund,1
0517-PXARQ,2025-03-17,Yes,79,requested callback,1
2864-NULOI,2025-03-17,No,84,requested callback,1
0526-SISCH,2025-03-17,Yes,96,No comment,1
2982-MXWUI,2025-03-17,Yes,7,happy with service,1
0518-VFYOT,2025-03-17,Yes,44,requested callback,1
0182-BTQOL,2025-03-17,No,75,requested callback,2
7906-XTEMD,2025-03-17,No,86,No comment,1
8417-MBRJA,2025-03-17,Yes,97,demaned refund,2
8307-SVZIW,2025-03-18,No,70,No comment,1
0013-MHZWF,2025-03-18,No,90,guidance to renew,1
7233-ZOXTF,2025-03-18,Yes,5,No comment,1
0404-AMQSN,2025-03-18,No,94,demaned refund,1
6979-PSSKQ,2025-03-18,No,78,received refund,1
5351-DIWGK,2025-03-18,Yes,21,demaned refund,1
3615-XGFFQ,2025-03-18,No,40,No comment,1
5016-OGXZL,2025-03-18,No,35,No comment,1
0433-LFCXT,2025-03-18,Yes,32,paymnt failed,1
2072-LMEOC,2025-03-18,Unknown,49,app not working,1
3516-DKVLL,2025-03-18,Yes,12,requested callback,1
0432-EQHHB,2025-03-18,Yes,6,guidance to renew,1
0258-QNAKP,2025-03-18,No,82,guidance to renew,2
6147-DGMAW,2025-03-18,Yes,53,received refund,1
7777-ZPOST,2025-03-18,Yes,11,billing complaint,2
8842-PEAHH,2025-03-18,No,22,No comment,1
9749-DXABR,2025-03-18,No,20,guidance to renew,1
6889-PUURB,2025-03-18,No,24,billing complaint,2
6042-OOELF,2025-03-18,Yes,11,No comment,1
2893-FBLDI,2025-03-18,No,75,No comment,2
3462-ZGTOE,2025-03-18,Yes,35,happy with service,1
5150-ZEQIM,2025-03-18,Yes,49,service issue,2
1274-SPYKC,2025-03-18,Unknown,85,paymnt failed,2
2072-ZIVYA,2025-03-18,Unknown,37,No comment,1
8236-MCZOT,2025-03-18,No,61,app not working,2
2572-CENHN,2025-03-18,No,60,No comment,2
8520-ILNAV,2025-03-18,Unknown,86,happy with service,1
1045-BSAQA,2025-03-18,Yes,78,demaned refund,1
3129-YJHSZ,2025-03-18,Yes,38,No comment,2
3682-DQGBD,2025-03-18,Yes,58,No comment,1
3136-QDIHB,2025-03-18,Yes,96,No comment,1
2127-XHJWC,2025-03-19,Yes,44,demaned refund,1
5205-IRTGJ,2025-03-19,Unknown,90,billing complaint,1
5822-IRREF,2025-03-19,No,79,received refund,1
1006-JRBNG,2025-03-19,Yes,54,No comment,2
0198-QCVPY,2025-03-19,Yes,32,paymnt failed,1
4058-PSJXP,2025-03-19,Yes,95,No comment,1
6621-OVMRC,2025-03-19,Yes,42,happy with service,1
4310-ESZFB,2025-03-19,No,7,service issue,1
6265-YBEGA,2025-03-19,No,75,billing complaint,1
2962-YMYDB,2025-03-19,No,79,billing complaint,1
1093-RZFKD,2025-03-19,Yes,65,No comment,1
7550-XJMHY,2025-03-19,No,6,requested callback,1
8456-OXBUZ,2025-03-19,Yes,74,demaned refund,1
8603-EAATD,2025-03-19,Yes,60,No comment,1
4929-ELTLH,2025-03-19,Yes,23,paymnt failed,1
8062-LPIZV,2025-03-19,Yes,17,happy with service,1
0746-OZWVW,2025-03-19,Yes,71,No comment,2
5500-XDVBM,2025-03-20,Yes,57,requested callback,1
8992-EQMKG,2025-03-20,No,80,guidance to renew,1
6993-EPTQI,2025-03-20,Yes,40,No comment,1
1991-WJRAL,2025-03-20,Unknown,85,happy with service,2
7829-QMLWO,2025-03-20,Yes,3,No comment,1
6399-WCFJT,2025-03-20,No,47,No comment,2
1801-PETBI,2025-03-20,Yes,45,billing complaint,1
2764-GFGZW,2025-03-20,Yes,2,paymnt failed,1
0549-TVWOE,2025-03-20,No,88,paymnt failed,1
3001-OEQND,2025-03-20,No,79,No comment,1
1874-UVDHU,2025-03-20,Yes,27,received refund,2
4161-JKTSM,2025-03-20,No,27,happy with service,1
5084-VCSFK,2025-03-20,No,44,app not working,1
4971-FYNPI,2025-03-20,No,42,requested callback,1
6185-NPKRJ,2025-03-21,Yes,49,received refund,1
3622-CPTOY,2025-03-21,Yes,14,happy with service,1
6453-WMEIP,2025-03-21,No,19,No comment,1
6746-VIYQI,2025-03-21,Yes,9,demaned refund,1
2399-LINYP,2025-03-21,Yes,32,demaned refund,2
5958-QXPTM,2025-03-21,No,84,guidance to renew,2
6337-NMEPX,2025-03-21,No,48,No comment,1
4222-EBOCV,2025-03-21,No,16,guidance to renew,1
5193-LUUOF,2025-03-21,No,56,billing complaint,1
1202-ZIRSM,2025-03-21,Yes,90,No comment,1
4769-GUVQK,2025-03-21,No,11,requested callback,2
8128-TOHPZ,2025-03-21,Yes,59,paymnt failed,1
7379-FSZWJ,2025-03-21,No,87,No comment,1
1561-TPAVL,2025-03-22,No,8,No comment,1
0413-MXVZI,2025-03-22,Yes,99,No comment,1
1977-WAJZV,2025-03-22,No,68,No comment,1
2597-IVXIY,2025-03-22,Yes,13,service issue,1
2601-YISJA,2025-03-22,No,73,No comment,2
5005-LOJCB,2025-03-22,No,83,No comment,1
6438-WAGWQ,2025-03-22,Yes,26,guidance to renew,1
5715-DDOVX,2025-03-22,No,14,requested callback,1
0426-CMYLJ,2025-03-22,No,43,paymnt failed,1
5276-GVDXM,2025-03-22,Yes,5,happy with service,2
9383-JNBLN,2025-03-22,No,88,billing complaint,1
3394-UIKXT,2025-03-23,No,29,demaned refund,1
0689-CIILJ,2025-03-23,No,62,billing complaint,1
1357-KJJVF,2025-03-23,Yes,94,No comment,1
4041-MHJAG,2025-03-23,Yes,39,demaned refund,1
8777-HXHDG,2025-03-23,No,50,received refund,1
4344-UMWGP,2025-03-23,Yes,83,No comment,1
8926-OQMXP,2025-03-23,Yes,47,paymnt failed,1
0783-RZGEL,2025-03-23,Yes,22,No comment,1
2311-IGKYP,2025-03-23,Yes,79,No comment,1
9347-ZRUTU,2025-03-23,No,41,paymnt failed,1
6215-XIIFZ,2025-03-24,Yes,88,billing complaint,1
3136-XVEMH,2025-03-24,Yes,0,billing complaint,2
4893-JYGYW,2025-03-24,No,91,No comment,2
8480-ZMIUB,2025-03-24,No,96,app not working,1
7739-QJMUK,2025-03-24,No,85,happy with service,1
3256-RCEDJ,2025-03-24,Yes,29,billing complaint,1
0682-YQATD,2025-03-24,No,77,No comment,1
8207-WQXLH,2025-03-24,No,95,happy with service,2
0552-HPTTN,2025-03-24,Yes,91,happy with service,1
3095-RQLCD,2025-03-24,Unknown,39,demaned refund,2
7650-QCNNS,2025-03-24,Yes,43,received refund,1
5952-NRROA,2025-03-24,Yes,77,billing complaint,2
1298-XXTGT,2025-03-24,No,87,No comment,1
3930-RYKCZ,2025-03-24,Yes,10,service issue,2
9332-OQXAR,2025-03-24,No,44,app not working,1
8899-SDLMS,2025-03-24,No,91,happy with service,1
2458-NMBXD,2025-03-24,No,25,service issue,1
3983-RRUOA,2025-03-24,No,86,demaned refund,1
4222-KKYQI,2025-03-24,Yes,49,happy with service,1
1406-RKJJE,2025-03-24,Yes,88,billing complaint,1
9256-BRPNT,2025-03-25,No,75,happy with service,1
0279-QMNVF,2025-03-25,Yes,60,requested callback,1
7462-BSJUA,2025-03-25,Unknown,22,No comment,2
6190-JEZBR,2025-03-25,Yes,13,guidance to renew,1
0102-QREUN,2025-03-25,Yes,85,demaned refund,2
7067-IMXYM,2025-03-25,Yes,97,guidance to renew,1
0936-DGJPT,2025-03-25,Yes,20,demaned refund,1
4170-JVCET,2025-03-25,Yes,99,No comment,1
5634-UGRDB,2025-03-25,No,11,demaned refund,1
3056-IAIHI,2025-03-25,Yes,42,No comment,1
2983-EXLXR,2025-03-25,Yes,55,No comment,1
7400-FFTIR,2025-03-25,No,72,paymnt failed,1
1692-XZXBA,2025-03-25,Yes,90,paymnt failed,1
5711-VTHKB,2025-03-25,No,9,app not working,2
1936-FHBII,2025-03-25,Yes,15,service issue,1
0636-BFAKZ,2025-03-25,No,90,No comment,1
4639-OISWB,2025-03-25,Yes,63,happy with service,1
5332-IXGUS,2025-03-26,No,38,No comment,1
5905-PXRWH,2025-03-26,Yes,44,billing complaint,1
1917-MNGOD,2025-03-26,No,16,No comment,1
3464-HSCGO,2025-03-26,No,55,No comment,1
1958-HVVOS,2025-03-26,Yes,19,guidance to renew,1
8310-RTHWB,2025-03-26,No,67,paymnt failed,2
7473-MOBEN,2025-03-26,No,79,demaned refund,1
9582-BKXDA,2025-03-26,Yes,85,demaned refund,2
0803-RDLNO,2025-03-26,No,46,paymnt failed,1
5734-OPKPU,2025-03-26,No,8,app not working,2
0199-BNEKH,2025-03-26,No,22,received refund,1
9987-BEWAI,2025-03-26,No,6,No comment,1
4186-UUQCV,2025-03-26,No,58,billing complaint,2
8574-BJZRE,2025-03-26,Yes,92,guidance to renew,2
9337-FKTPK,2025-03-26,Yes,35,received refund,1
8878-YTBQO,2025-03-26,Yes,43,happy with service,2
4312-ZLTMW,2025-03-26,Yes,84,No comment,1
1497-TZWEZ,2025-03-26,No,40,No comment,2
4551-NPTDK,2025-03-26,No,83,service issue,1
7667-CZFCB,2025-03-26,Yes,30,No comment,1
8158-CUVVR,2025-03-27,Unknown,35,paymnt failed,1
6296-BLEDT,2025-03-27,No,93,demaned refund,1
0876-HACXW,2025-03-27,Yes,8,paymnt failed,2
0218-FIRKL,2025-03-27,Yes,1,happy with service,1
6625-STMDA,2025-03-27,Yes,22,received refund,1
2263-QZCWH,2025-03-27,Yes,85,billing complaint,1
6862-XCEMT,2025-03-27,No,11,happy with service,1
8426-NLENC,2025-03-27,Yes,99,No comment,1
4783-YHIME,2025-04-01,Yes,3,No comment,1
7321-RLTBM,2025-04-01,Yes,50,app not working,1
5116-CRPOC,2025-04-01,Yes,79,app not working,1
8316-QIIDP,2025-04-01,Yes,39,No comment,1
0953-JAJXY,2025-04-01,Yes,64,billing complaint,1
1305-SMUFC,2025-04-01,No,50,billing complaint,2
0616-SSJMQ,2025-04-01,No,78,No comment,2
0308-ECEET,2025-04-01,No,37,demaned refund,1
9389-ZLYGN,2025-04-01,Yes,57,guidance to renew,1
9795-RRLOH,2025-04-01,Yes,60,requested callback,2
5770-HYWSB,2025-04-01,No,49,guidance to renew,1
6646-MIMJJ,2025-04-01,Yes,91,app not working,2
3077-TIYQM,2025-04-01,No,27,No comment,2
4957-KVOJG,2025-04-01,Yes,74,billing complaint,1
1859-QMHZQ,2025-04-01,No,34,No comment,1
7413-EKNCI,2025-04-01,No,27,No comment,2
6317-XRFFH,2025-04-01,No,41,demaned refund,1
0675-XGIAE,2025-04-02,No,97,app not working,1
4106-EFURM,2025-04-02,Yes,92,demaned refund,1
2845-LWOZS,2025-04-02,No,99,guidance to renew,1
0299-BPQVN,2025-04-02,No,27,paymnt failed,1
0919-RONYE,2025-04-02,No,27,happy with service,2
2201-NGIEN,2025-04-02,Unknown,31,guidance to renew,2
8961-HSWLM,2025-04-02,Yes,64,No comment,1
4510-SMYUC,2025-04-02,No,7,No comment,2
4633-RWCJL,2025-04-02,Yes,17,happy with service,1
2133-HSFMM,2025-04-02,No,42,No comment,2
1427-GKSMS,2025-04-02,Yes,7,No comment,1
0435-HCJWG,2025-04-02,Yes,19,demaned refund,2
2090-NANNF,2025-04-03,No,0,requested callback,1
1987-RPMXE,2025-04-03,Unknown,98,paymnt failed,1
0904-JIQLH,2025-04-03,No,12,billing complaint,1
4501-RZOTA,2025-04-03,Yes,18,requested callback,1
9828-PPJFX,2025-04-03,No,92,service issue,1
7216-GFZGY,2025-04-03,No,5,No comment,1
4847-RGDXH,2025-04-03,No,1,received refund,1
4970-PFAPZ,2025-04-03,Yes,49,No comment,2
6045-ARRBN,2025-04-03,No,88,No comment,1
7808-ZDBUZ,2025-04-03,Yes,74,guidance to renew,1
0028-ZOVKU,2025-04-03,No,49,No comment,2
9543-TCEBX,2025-04-03,No,58,app not working,1
9880-SHLVH,2025-04-04,Yes,22,No comment,2
6863-ZYYTO,2025-04-04,No,74,paymnt failed,2
9438-NGPGL,2025-04-04,Unknown,63,happy with service,1
2528-ELZZA,2025-04-04,No,83,No comment,1
8845-RRKOS,2025-04-04,No,7,app not working,1
0369-GJVDE,2025-04-04,No,88,received refund,2
2998-HXZGK,2025-04-04,Yes,61,billing complaint,1
6405-ZPJSK,2025-04-04,No,96,happy with service,1
7906-ZNTPY,2025-04-04,Unknown,86,service issue,1
2962-ZOFRG,2025-04-04,Unknown,89,No comment,1
9784-PQFCR,2025-04-04,Yes,0,service issue,2
4688-KVQFW,2025-04-04,No,93,guidance to renew,1
9206-QMLKS,2025-04-04,No,91,No comment,1
8895-ANDLF,2025-04-04,No,80,billing complaint,1
9396-DTGCD,2025-04-04,No,67,paymnt failed,2
0301-ZCWRY,2025-04-04,Unknown,39,service issue,1
8567-ZVCBH,2025-04-04,Yes,52,happy with service,1
0610-JPVAE,2025-04-05,No,5,guidance to renew,1
6097-ZKHJN,2025-04-05,Yes,74,No comment,2
9604-ABWPQ,2025-04-05,No,24,No comment,1
7396-MZMON,2025-04-05,No,73,service issue,1
3620-OHRLD,2025-04-05,Yes,58,No comment,1
5634-XYUEW,2025-04-05,Yes,9,app not working,2
9379-JTOBK,2025-04-05,Yes,27,app not working,1
9593-DXJPM,2025-04-05,Yes,44,billing complaint,1
8488-NDICD,2025-04-05,No,45,app not working,1
9648-HLELG,2025-04-05,No,32,No comment,2
4621-SIGPC,2025-04-05,Yes,26,received refund,1
7290-FCDCX,2025-04-05,Yes,33,guidance to renew,1
5134-NAZDH,2025-04-05,Unknown,66,demaned refund,2
2857-GRHIC,2025-04-05,Unknown,31,service issue,1
0167-CBSGC,2025-04-05,No,4,guidance to renew,1
0294-QXHXP,2025-04-05,Unknown,65,happy with service,2
4786-BXEQB,2025-04-06,Yes,53,demaned refund,1
1856-MBSYC,2025-04-06,No,72,requested callback,1
9467-XBDPT,2025-04-06,Unknown,99,app not working,1
7389-GNSAA,2025-04-06,No,28,demaned refund,1
2893-FKYTH,2025-04-06,No,75,No comment,1
6820-MPHZR,2025-04-06,No,26,service issue,1
4555-DASNS,2025-04-06,Yes,49,requested callback,2
3431-GCQOG,2025-04-06,No,88,requested callback,2
0049-XKNJV,2025-04-06,No,60,service issue,1
5688-QNDRY,2025-04-06,No,65,requested callback,1
2489-QPBBX,2025-04-06,No,95,No comment,1
1361-XTBEQ,2025-04-06,No,75,guidance to renew,1
7944-AMPLL,2025-04-06,Yes,55,No comment,2
1752-AVNNX,2025-04-06,Yes,76,paymnt failed,2
4070-MPRRR,2025-04-06,No,38,paymnt failed,1
4764-WXMSE,2025-04-06,Yes,35,demaned refund,1
8009-ICMZV,2025-04-07,Unknown,87,app not working,1
4853-QENRU,2025-04-07,Unknown,82,demaned refund,1
2602-XNHLR,2025-04-07,No,63,happy with service,1
2766-BMKQS,2025-04-07,Unknown,85,No comment,2
5884-DWLKU,2025-04-07,No,61,app not working,2
6103-RRBFT,2025-04-07,No,59,No comment,1
1769-MCKMO,2025-04-07,Yes,20,requested callback,1
4231-VIDYK,2025-04-07,No,49,service issue,1
8045-OVEQH,2025-04-07,Yes,44,No comment,1
2355-DITOD,2025-04-07,No,95,No comment,2
8680-YSNKW,2025-04-08,No,4,received refund,1
7547-CPJXZ,2025-04-08,Yes,80,happy with service,1
9030-BRJJI,2025-04-08,Yes,29,app not working,1
4731-OPGSH,2025-04-08,Yes,54,No comment,2
9159-DNQGQ,2025-04-08,Yes,73,No comment,2
4186-XQAOK,2025-04-08,No,21,billing complaint,1
5982-SXTOG,2025-04-08,Yes,35,service issue,1
1005-AMIVE,2025-04-08,Yes,30,received refund,1
6093-VVWLO,2025-04-08,Yes,45,No comment,1
4791-QHOYE,2025-04-09,No,24,demaned refund,1
7999-ADIJK,2025-04-09,Yes,98,No comment,1
1060-OXXDV,2025-04-09,Unknown,25,requested callback,1
2734-ZOIHG,2025-04-09,Yes,45,guidance to renew,1
4575-FDMVP,2025-04-09,Yes,10,billing complaint,1
4333-GJMRA,2025-04-09,Unknown,57,guidance to renew,1
8922-DCQSH,2025-04-09,Unknown,66,demaned refund,2
5518-KKBOK,2025-04-09,Yes,9,No comment,1
4910-JGVRN,2025-04-09,Yes,49,service issue,1
5514-GKZWI,2025-04-09,Yes,11,demaned refund,1
9949-BLKIS,2025-04-09,Yes,42,service issue,1
1189-WKZOJ,2025-04-09,No,9,demaned refund,1
0636-CFPST,2025-04-09,No,9,demaned refund,1
1440-IIYZJ,2025-04-09,No,75,app not working,1
6376-YOIYX,2025-04-09,Yes,2,received refund,1
0103-CJOSZ,2025-04-09,Yes,8,No comment,2
6478-XLLUE,2025-04-10,Yes,32,demaned refund,1
6083-YTSLF,2025-04-10,Yes,37,service issue,1
9967-KLPXW,2025-04-10,Yes,68,app not working,1
2945-HYWDP,2025-04-10,No,69,service issue,1
1406-PVIVT,2025-04-10,No,90,happy with service,1
5996-ZBAPK,2025-04-10,No,2,No comment,1
5956-NCHHD,2025-04-10,No,24,received refund,1
0575-HWVRJ,2025-04-10,Yes,57,demaned refund,1
4985-FFOJO,2025-04-10,Unknown,58,app not working,1
6414-PEZVZ,2025-04-10,No,11,requested callback,1
4620-CRKFT,2025-04-10,No,46,guidance to renew,2
5965-EWRDK,2025-04-10,No,77,demaned refund,2
2364-EIYWO,2025-04-10,No,94,demaned refund,1
2265-HXKIY,2025-04-10,Yes,13,requested callback,1
5621-POXLJ,2025-04-11,Yes,16,requested callback,1
6950-DSYAW,2025-04-11,Yes,67,paymnt failed,1
4201-LKWYH,2025-04-11,Yes,16,requested callback,1
3906-RDOXN,2025-04-11,Yes,6,No comment,2
2363-TPINY,2025-04-11,No,17,received refund,1
3613-UJTWP,2025-04-11,Yes,4,requested callback,2
7007-TQGNQ,2025-04-11,No,66,service issue,1
5058-FHTJG,2025-04-11,Unknown,57,app not working,1
8415-ERBOE,2025-04-11,No,8,No comment,1
1185-ZEJVM,2025-04-11,No,8,app not working,2
3621-TGELO,2025-04-11,No,8,No comment,1
8337-KBNBB,2025-04-11,Yes,50,service issue,1
5582-SWMJF,2025-04-11,No,77,app not working,1
8563-QYGUF,2025-04-11,Yes,44,requested callback,1
1391-WFSSQ,2025-04-12,Yes,68,demaned refund,1
6260-MBYWG,2025-04-12,No,76,No comment,1
2666-NYALH,2025-04-12,Yes,84,service issue,1
1630-PJAGY,2025-04-12,No,1,No comment,1
7588-DFINZ,2025-04-12,Yes,56,No comment,1
5940-YVYNL,2025-04-12,No,8,billing complaint,1
5800-GBOWK,2025-04-12,Yes,51,happy with service,1
7272-PJCYL,2025-04-12,Yes,13,demaned refund,1
5342-QLUSU,2025-04-12,No,43,received refund,1
5635-QIPHP,2025-04-12,Yes,81,No comment,1
7991-XRIAA,2025-04-12,Yes,5,received refund,1
7417-EWXMP,2025-04-12,Yes,64,guidance to renew,2
9746-NNNYD,2025-04-13,No,68,service issue,1
0624-XPPAU,2025-04-13,Yes,7,No comment,1
0203-FUWRE,2025-04-13,Yes,17,demaned refund,1
9441-UZMIN,2025-04-13,No,28,paymnt failed,1
3473-KSDGB,2025-04-13,No,80,No comment,2
3383-BFHDZ,2025-04-13,No,30,guidance to renew,1
1258-HSBUZ,2025-04-13,No,12,requested callback,2
0305-JBTTG,2025-04-13,No,43,demaned refund,1
4432-FOAVY,2025-04-13,Yes,43,billing complaint,1
8739-RNSFG,2025-04-13,Yes,89,service issue,1
5747-PTEVF,2025-04-13,No,95,guidance to renew,2
7992-LNMMI,2025-04-13,No,43,app not working,1
7938-WUWGF,2025-04-14,No,52,billing complaint,1
9503-AKCME,2025-04-14,Unknown,80,requested callback,1
2202-CUHNV,2025-04-14,Yes,97,No comment,1
0698-YRCSO,2025-04-14,Yes,27,No comment,1
9637-GNZSP,2025-04-14,Yes,61,service issue,1
3397-JBUPB,2025-04-14,Yes,5,No comment,1
1661-WGTZO,2025-04-14,Yes,69,paymnt failed,1
3645-FWYGC,2025-04-14,No,12,No comment,1
0926-ZPUET,2025-04-14,No,49,guidance to renew,1
7580-UMILF,2025-04-14,Yes,95,happy with service,1
4103-PNWDC,2025-04-14,No,25,app not working,1
2659-MDQJU,2025-04-14,Unknown,73,guidance to renew,1
0520-QEMQX,2025-04-14,Yes,49,No comment,1
5841-DTRRU,2025-04-14,No,65,No comment,2
0232-IQOQX,2025-04-14,No,98,app not working,1
3034-PGLIH,2025-04-15,No,10,No comment,2
9038-RVQXE,2025-04-15,Yes,69,service issue,1
6756-KWCSJ,2025-04-15,Yes,33,No comment,2
8803-ZIMND,2025-04-15,Yes,73,No comment,1
4000-EJLMC,2025-04-15,Unknown,71,app not working,2
4363-RRFLX,2025-04-15,Yes,92,service issue,1
3020-BPEYA,2025-04-15,Yes,9,paymnt failed,1
5335-BPDEK,2025-04-15,Yes,34,No comment,1
0158-YTAYK,2025-04-16,Unknown,6,paymnt failed,1
2031-EWKWO,2025-04-16,Yes,49,guidance to renew,2
2757-JWDUH,2025-04-16,Yes,40,requested callback,2
4409-AKUKS,2025-04-16,Yes,7,No comment,1
6908-OLFYD,2025-04-16,Unknown,57,happy with service,1
3080-IUUCH,2025-04-16,Yes,42,billing complaint,1
8997-DWSTB,2025-04-16,Yes,38,No comment,1
8518-WJCSW,2025-04-16,Yes,37,received refund,1
9165-NJAOR,2025-04-16,No,89,requested callback,1
9760-SIBVS,2025-04-16,Yes,91,No comment,2
3348-OFDEU,2025-04-16,Yes,71,happy with service,1
8378-JPGDZ,2025-04-16,No,33,paymnt failed,2
0626-FHXVV,2025-04-16,No,10,happy with service,1
0704-HCUTP,2025-04-17,Yes,20,No comment,1
9825-OSUFP,2025-04-17,No,53,service issue,1
4867-UJSFZ,2025-04-17,Unknown,17,No comment,2
2472-MKTOA,2025-04-17,Yes,33,billing complaint,1
1480-KXJVV,2025-04-18,Yes,99,demaned refund,1
9767-TXZJC,2025-04-18,Unknown,84,No comment,1
2901-RFRTB,2025-04-18,No,11,demaned refund,1
7650-SDLNF,2025-04-18,Unknown,4,No comment,1
0730-FVHFB,2025-04-18,Yes,83,paymnt failed,1
1903-MYPER,2025-04-18,Unknown,15,No comment,2
5751-LYBCG,2025-04-18,Yes,35,No comment,1
3009-XALZQ,2025-04-18,Yes,29,happy with service,1
5615-ACAGR,2025-04-19,No,94,app not working,1
4243-DASLD,2025-04-19,Yes,35,demaned refund,1
5085-QHYCB,2025-04-19,Yes,81,No comment,1
4650-QNKJP,2025-04-19,Yes,63,guidance to renew,1
7357-AKNZV,2025-04-19,Yes,39,No comment,1
9140-UWZIT,2025-04-19,Yes,42,received refund,1
4483-XMFYS,2025-04-19,No,42,requested callback,1
0138-VUSSQ,2025-04-19,No,51,guidance to renew,1
0111-NGTBY,2025-04-19,No,56,happy with service,1
9608-EUVVA,2025-04-19,Yes,5,No comment,1
5634-VXCNM,2025-04-19,Yes,56,service issue,1
1165-MPLCP,2025-04-19,Yes,41,No comment,1
5786-CRRUM,2025-04-19,No,54,guidance to renew,1
7235-JYCSB,2025-04-19,Yes,4,requested callback,1
9215-IMBUF,2025-04-19,Unknown,14,requested callback,1
4008-QYWNV,2025-04-19,Unknown,61,No comment,2
3315-SJXPW,2025-04-19,Yes,24,guidance to renew,1
8471-KIYDQ,2025-04-19,No,78,happy with service,1
5605-XFMUV,2025-04-19,Yes,54,received refund,1
8783-AYVNH,2025-04-19,No,49,guidance to renew,1
6894-UUDUG,2025-04-20,Yes,93,paymnt failed,1
3016-EOOQR,2025-04-20,No,65,received refund,1
6185-VLXGD,2025-04-20,Yes,63,paymnt failed,1
7197-NLXYQ,2025-04-20,No,36,happy with service,1
6583-ASUFC,2025-04-20,Yes,14,No comment,1
6456-MUOLO,2025-04-20,Yes,96,guidance to renew,1
6349-TIOXY,2025-04-20,Yes,62,No comment,2
0402-PRLCJ,2025-04-20,Yes,66,No comment,1
0264-DXXTZ,2025-04-20,No,38,No comment,1
4830-USOIM,2025-04-20,Yes,52,received refund,2
8090-BOXJH,2025-04-20,Yes,86,happy with service,2
1409-CYDPF,2025-04-20,Yes,52,No comment,1
7818-WYGKF,2025-04-20,Yes,71,requested callback,1
0551-SFTDZ,2025-04-21,Yes,45,No comment,1
3448-ZJGHW,2025-04-21,No,77,requested callback,1
4989-OJZMS,2025-04-21,No,90,service issue,1
8871-IVGMU,2025-04-21,Yes,87,No comment,1
8436-ABVIT,2025-04-21,No,22,paymnt failed,2
4314-PKCPH,2025-04-21,No,49,app not working,1
0442-TWSXX,2025-04-21,No,38,No comment,1
9616-XFTZX,2025-04-21,No,6,guidance to renew,1
0386-CBDGY,2025-04-21,Yes,93,No comment,1
0312-ABQCD,2025-04-21,No,13,app not working,1
6601-NKZXB,2025-04-21,Yes,92,service issue,1
1555-SLZJK,2025-04-21,Unknown,70,requested callback,1
2040-CUOJO,2025-04-21,Yes,41,No comment,1
8977-PSZZQ,2025-04-21,Yes,38,billing complaint,1
8522-GMXQT,2025-04-22,No,40,guidance to renew,1
9993-LGLAE,2025-04-22,Yes,32,billing complaint,1
1349-ALDDO,2025-04-22,No,78,billing complaint,1
5132-KMPRV,2025-04-22,No,19,No comment,1
0577-UZSKF,2025-04-22,No,65,guidance to renew,1
3714-LGVQH,2025-04-22,No,23,No comment,1
5318-TRTSU,2025-04-22,No,98,service issue,1
3095-VVSUX,2025-04-22,No,56,paymnt failed,1
5341-HQZTE,2025-04-22,Yes,20,paymnt failed,1
3975-JMVJF,2025-04-22,No,34,paymnt failed,1
0861-KOLRW,2025-04-22,Yes,89,paymnt failed,2
7541-KDXCY,2025-04-22,No,11,No comment,2
5189-GZJNL,2025-04-22,No,30,received refund,2
8950-QJPOZ,2025-04-22,Yes,0,happy with service,2
7527-KERKH,2025-04-22,No,47,received refund,1
1623-IVXJG,2025-04-23,No,62,demaned refund,1
0476-ZENUN,2025-04-23,No,60,No comment,1
4841-QKTHC,2025-04-23,Unknown,58,No comment,1
0202-GRLPQ,2025-04-23,Yes,3,requested callback,1
3251-OQBYR,2025-04-23,Yes,97,received refund,1
1903-WNTRJ,2025-04-23,Yes,76,No comment,1
0398-EMYWQ,2025-04-23,No,77,paymnt failed,1
6303-LMYOF,2025-04-23,Unknown,74,happy with service,1
3841-QBCTE,2025-04-23,No,2,service issue,1
6633-TKYQW,2025-04-23,Unknown,95,No comment,1
5228-UTQUT,2025-04-23,No,68,app not working,1
5251-OFRGG,2025-04-23,No,34,happy with service,1
9366-ARSUV,2025-04-23,Yes,48,billing complaint,2
2142-AIHAG,2025-04-23,No,89,guidance to renew,1
6371-HBGNA,2025-04-23,No,63,No comment,1
3331-MVXBE,2025-04-23,Yes,43,No comment,1
5038-EUZQQ,2025-04-24,Yes,97,demaned refund,1
0301-FBWRG,2025-04-24,Yes,95,No comment,1
5893-KNXZR,2025-04-24,Yes,33,received refund,1
0154-GKOTF,2025-04-24,No,56,No comment,1
5301-ZNGWR,2025-04-24,No,34,No comment,1
6822-PWMSX,2025-04-24,Yes,20,service issue,1
1574-GRYBI,2025-04-24,No,2,requested callback,1
3836-XEDPF,2025-04-24,No,9,received refund,1
0030-QEWZD,2025-04-24,Yes,45,billing complaint,1
4918-BNNIJ,2025-04-24,No,28,app not working,1
2769-ZZVNS,2025-04-24,Yes,54,service issue,1
5121-VVZQN,2025-04-24,Yes,59,service issue,2
2641-WSWSK,2025-04-24,Yes,38,paymnt failed,1
9195-PBUEG,2025-04-24,No,83,No comment,1
3038-SCCOA,2025-04-24,Yes,3,app not working,1
1358-YSLPR,2025-04-24,Yes,68,received refund,2
8333-YKCDU,2025-04-24,Unknown,59,No comment,1
7614-VYKRY,2025-04-24,No,20,paymnt failed,1
5903-CEEWX,2025-04-25,Yes,77,guidance to renew,1
2997-MCJRR,2025-04-25,Yes,38,received refund,2
5620-KNLYS,2025-04-25,No,23,received refund,2
3965-OAVTL,2025-04-25,Yes,45,paymnt failed,1
2656-UPICR,2025-04-25,Yes,75,No comment,1
0157-YTOKO,2025-04-25,No,85,paymnt failed,1
9614-YMTTF,2025-04-25,No,35,billing complaint,1
2166-CIDWB,2025-04-25,Unknown,92,received refund,1
9415-JWCOP,2025-04-25,No,5,No comment,2
2897-TZJFM,2025-04-25,Yes,89,service issue,1
0942-WMFJT,2025-04-25,No,69,service issue,1
5774-ZLKGH,2025-04-25,Yes,46,received refund,1
6518-FOXWK,2025-04-25,No,35,happy with service,2
5283-TKWNX,2025-04-26,Unknown,11,service issue,1
2283-VILKF,2025-04-26,No,39,happy with service,1
4974-JMCTK,2025-04-26,Yes,32,paymnt failed,1
9477-MUGLS,2025-04-26,Yes,92,No comment,1
9824-ECJXX,2025-04-26,No,92,happy with service,1
6833-IYOEH,2025-04-26,Unknown,38,service issue,1
4418-SEKHJ,2025-04-26,No,35,paymnt failed,2
0989-GACOC,2025-04-26,Yes,90,service issue,2
4361-KBIIZ,2025-04-26,Yes,5,received refund,1
5069-EQMVZ,2025-04-26,Yes,84,demaned refund,1
6696-GDOVU,2025-04-26,No,87,No comment,1
8615-CQYTQ,2025-04-26,Yes,36,app not working,1
2454-LYRBP,2025-04-27,Unknown,85,No comment,1
8299-NUYCC,2025-04-27,No,34,No comment,1
7767-KQJHF,2025-04-27,No,5,demaned refund,1
9645-LVTUI,2025-04-27,No,0,requested callback,1
4917-WAQKX,2025-04-27,No,36,billing complaint,1
9224-LQBEE,2025-04-27,Yes,42,billing complaint,1
9685-AWWBD,2025-04-27,No,98,No comment,1
9602-LWORY,2025-04-27,Yes,1,service issue,2
4838-IVWCK,2025-04-27,No,63,service issue,1
9098-RJGCZ,2025-04-27,Yes,28,requested callback,3
7259-AFARU,2025-05-01,No,72,demaned refund,1
8763-XIOCO,2025-05-01,Yes,45,demaned refund,1
2860-FMRDP,2025-05-01,Yes,89,happy with service,1
2771-PXQPP,2025-05-01,Unknown,2,No comment,1
2871-UFYIB,2025-05-01,Yes,78,received refund,1
6813-GDCIF,2025-05-01,No,49,demaned refund,2
9807-JPUMY,2025-05-01,No,25,service issue,1
1690-MIHMM,2025-05-01,Yes,57,happy with service,1
4077-PIQBJ,2025-05-01,No,72,guidance to renew,2
9478-JACHV,2025-05-01,No,53,requested callback,1
4372-DSEWK,2025-05-01,No,94,No comment,2
4685-DGKRI,2025-05-02,Yes,80,app not working,1
0359-ULWTI,2025-05-02,No,84,service issue,1
7690-MNCKW,2025-05-02,Yes,0,service issue,1
0335-HDDHT,2025-05-02,Yes,52,No comment,1
8006-OLHTR,2025-05-02,No,22,received refund,1
4551-PZWGU,2025-05-02,Yes,94,No comment,1
7560-OAKUW,2025-05-02,Yes,64,received refund,2
7925-RRNFW,2025-05-02,Yes,68,demaned refund,1
1020-JODCB,2025-05-02,No,18,service issue,2
3242-CDOLU,2025-05-02,Yes,43,demaned refund,1
0529-ZLVSP,2025-05-02,No,17,service issue,1
4190-GOMFO,2025-05-02,No,24,requested callback,2
8568-FXZKZ,2025-05-03,Yes,96,happy with service,1
5227-YVYGN,2025-05-03,No,86,app not working,1
8642-ESQSC,2025-05-03,Unknown,31,billing complaint,1
9342-RXKCD,2025-05-03,Yes,74,received refund,1
6643-FSCBQ,2025-05-03,Yes,82,paymnt failed,1
9648-CPTRI,2025-05-03,Unknown,14,No comment,1
8171-SJPPX,2025-05-03,Yes,10,service issue,2
2594-SLEOU,2025-05-03,No,6,guidance to renew,2
3552-GLCDW,2025-05-03,Yes,57,No comment,1
3305-GRJBX,2025-05-03,Unknown,17,billing complaint,1
1480-CMIEK,2025-05-03,Yes,87,No comment,1
0419-KAPOF,2025-05-03,No,65,received refund,2
2270-SSDHY,2025-05-03,No,43,guidance to renew,2
2216-KIRVJ,2025-05-03,No,66,app not working,1
8847-XLDVX,2025-05-03,No,56,guidance to renew,1
7469-TCLCF,2025-05-03,No,8,guidance to renew,2
9600-MMWZR,2025-05-04,Yes,88,No comment,1
8500-XCDLN,2025-05-04,Yes,56,received refund,1
0660-SUQFP,2025-05-04,No,44,No comment,1
7311-XMAMD,2025-05-04,Yes,64,No comment,1
7873-DLRYY,2025-05-04,Yes,49,requested callback,1
9701-CBTXA,2025-05-04,No,67,demaned refund,1
8230-GEOZY,2025-05-04,Yes,47,No comment,1
1369-YOORX,2025-05-04,Yes,97,guidance to renew,2
8458-YPOTR,2025-05-04,Yes,70,guidance to renew,2
7598-NMUET,2025-05-04,Yes,8,No comment,1
7792-ZGRMD,2025-05-05,No,24,requested callback,1
7065-TVNXF,2025-05-05,Yes,54,app not working,1
9351-UKDLC,2025-05-05,No,19,paymnt failed,1
4006-UFIJK,2025-05-05,No,49,No comment,1
3455-QRLMV,2025-05-05,Yes,53,No comment,1
6713-GXSAS,2025-05-05,No,30,No comment,2
0544-WLYBO,2025-05-05,Yes,68,No comment,1
0150-VAYZR,2025-05-05,No,13,guidance to renew,1
9317-ZUVGP,2025-05-05,Yes,49,guidance to renew,1
0295-OTMAG,2025-05-05,Unknown,33,guidance to renew,1
5940-IECDQ,2025-05-06,No,45,happy with service,1
8366-BRDJU,2025-05-06,Yes,48,No comment,1
9731-OUFMF,2025-05-06,Yes,82,received refund,1
4372-SXQTQ,2025-05-06,Yes,11,service issue,1
5125-FNWZN,2025-05-06,Yes,95,paymnt failed,1
1696-GDXBX,2025-05-06,Yes,9,happy with service,1
7662-XFNPU,2025-05-06,Yes,15,No comment,1
3046-VYDFR,2025-05-06,No,31,billing complaint,2
3724-FNSIC,2025-05-06,Yes,80,demaned refund,1
9646-ZBVCJ,2025-05-06,Unknown,8,paymnt failed,1
2746-VXBIG,2025-05-06,Yes,14,app not working,1
4850-MGXMF,2025-05-06,Yes,49,happy with service,1
5258-SHZCX,2025-05-06,No,71,app not working,1
2948-RMFQQ,2025-05-06,Yes,98,demaned refund,2
1897-QZKGS,2025-05-06,Yes,51,billing complaint,1
2565-KOIJI,2025-05-06,No,51,No comment,1
5487-OQSLC,2025-05-07,No,41,service issue,1
9831-ILARP,2025-05-07,No,10,happy with service,1
3261-PDWLS,2025-05-07,Yes,27,paymnt failed,1
3116-OLYYS,2025-05-07,No,24,received refund,1
8930-UHDUO,2025-05-07,Yes,11,received refund,1
8406-FPVQC,2025-05-07,No,8,happy with service,1
9581-GXKWN,2025-05-07,Yes,17,happy with service,2
5553-BHCMS,2025-05-07,Yes,20,No comment,1
2305-YOPQL,2025-05-07,Yes,5,No comment,1
7571-DNBUN,2025-05-07,No,66,requested callback,1
8100-CIOFF,2025-05-07,Yes,85,happy with service,1
5044-REYPH,2025-05-07,Yes,29,paymnt failed,1
6085-WQLKD,2025-05-07,Unknown,23,service issue,1
3641-SGNOE,2025-05-07,No,79,requested callback,1
6923-LYCAQ,2025-05-07,No,36,paymnt failed,1
6438-UNBGY,2025-05-08,No,14,service issue,1
4330-LQEZM,2025-05-08,No,10,billing complaint,1
9431-IGLXH,2025-05-08,Yes,28,app not working,1
4229-KZJRM,2025-05-08,No,30,No comment,1
2180-BKJIR,2025-05-08,Yes,19,No comment,1
3090-GJGBD,2025-05-08,No,61,No comment,1
6304-CRZDT,2025-05-08,No,32,app not working,2
7165-EUHDQ,2025-05-08,Yes,76,received refund,1
5698-IBDQM,2025-05-08,Yes,26,guidance to renew,1
0907-TKQEE,2025-05-08,Unknown,88,billing complaint,1
5618-XDQVB,2025-05-08,Yes,8,paymnt failed,1
9787-SSQLG,2025-05-08,No,49,app not working,1
8342-PWOYK,2025-05-08,No,1,No comment,2
7838-OHNXZ,2025-05-08,Yes,54,guidance to renew,1
9274-KDKOL,2025-05-08,No,59,guidance to renew,1
6110-YGOTU,2025-05-08,No,2,No comment,1
3727-AROTG,2025-05-09,No,10,No comment,1
0650-HAFKI,2025-05-09,No,58,demaned refund,2
0202-TFGLB,2025-05-09,Yes,72,service issue,2
4201-WLOHR,2025-05-09,No,71,received refund,1
0443-OCNPU,2025-05-09,No,64,No comment,2
9264-ZUFSD,2025-05-09,No,80,guidance to renew,1
0447-SHJCT,2025-05-09,Yes,65,happy with service,1
6765-QGUEP,2025-05-09,No,3,paymnt failed,1
2506-QMAEM,2025-05-09,Yes,76,service issue,2
4492-GCOWQ,2025-05-10,No,83,happy with service,1
5143-GOHXC,2025-05-10,Yes,82,app not working,1
8442-ROZLN,2025-05-10,Unknown,95,requested callback,1
8995-EWYDA,2025-05-10,Yes,21,paymnt failed,1
5521-SKCRG,2025-05-10,No,78,requested callback,2
1892-YWEAO,2025-05-10,Yes,72,billing complaint,1
8920-HSTJK,2025-05-10,Yes,16,demaned refund,1
1429-QIJXG,2025-05-10,No,97,paymnt failed,1
9546-HCYVJ,2025-05-10,Unknown,15,No comment,1
9478-ISCAW,2025-05-10,No,46,app not working,2
0065-IDBXT,2025-05-10,Yes,25,requested callback,1
9188-GHXFQ,2025-05-10,No,90,No comment,1
4922-ABXNI,2025-05-10,Yes,87,No comment,2
4308-HSVBX,2025-05-11,No,50,service issue,1
3631-UIERV,2025-05-11,Unknown,97,No comment,1
6738-CSSAI,2025-05-11,Yes,57,demaned refund,1
2612-XPVCA,2025-05-11,No,54,app not working,1
7420-DLNKX,2025-05-11,Yes,85,No comment,1
6592-CDSTG,2025-05-11,Unknown,36,happy with service,1
9622-AXHTA,2025-05-11,Unknown,22,received refund,2
8861-KVCBP,2025-05-11,No,79,received refund,2
9219-RRFRL,2025-05-11,Yes,50,app not working,1
9554-AYFCN,2025-05-11,Yes,53,No comment,1
0816-LTVPS,2025-05-11,Unknown,39,billing complaint,2
4663-WZQXJ,2025-05-11,Yes,17,happy with service,1
9944-KDHIU,2025-05-12,No,14,service issue,1
8528-EKQEE,2025-05-12,Yes,89,service issue,1
4117-ZJSDT,2025-05-12,No,54,No comment,1
4311-VVCHZ,2025-05-12,Yes,48,demaned refund,1
5419-NFUSW,2025-05-12,Unknown,46,billing complaint,1
6622-OWBTL,2025-05-12,Yes,81,app not working,1
0856-BNLRW,2025-05-12,No,2,received refund,2
9704-GMTFS,2025-05-12,Yes,91,happy with service,1
7633-XLVFM,2025-05-12,Yes,0,happy with service,1
5970-NUMJT,2025-05-12,Yes,8,received refund,1
1060-IBIXJ,2025-05-12,No,56,No comment,1
2872-XTWSO,2025-05-12,No,23,guidance to renew,1
7786-QUIFM,2025-05-12,Yes,2,service issue,1
7669-JXQIQ,2025-05-12,Yes,69,guidance to renew,1
4132-VQJHV,2025-05-12,Yes,49,No comment,1
7138-TRCVB,2025-05-12,Yes,55,No comment,1
4732-VESAM,2025-05-12,No,49,happy with service,2
8931-REWOP,2025-05-12,No,48,happy with service,1
0766-DENCJ,2025-05-12,No,80,paymnt failed,2
0478-GRNVA,2025-05-13,Yes,68,service issue,1
8854-WMGAB,2025-05-13,No,11,demaned refund,1
7158-GRHIW,2025-05-13,Yes,20,No comment,1
1462-AFCZX,2025-05-13,No,4,No comment,1
4087-JNCHI,2025-05-13,Yes,99,guidance to renew,1
9665-QDBHF,2025-05-13,Unknown,78,No comment,1
2344-SZIXH,2025-05-13,Yes,73,guidance to renew,1
4226-VLVDW,2025-05-13,Yes,20,happy with service,2
7220-PWRJP,2025-05-13,Yes,51,received refund,1
6238-WTKPK,2025-05-13,Unknown,49,demaned refund,1
4227-FHGYA,2025-05-13,Yes,97,billing complaint,2
9570-GMMMW,2025-05-13,No,28,No comment,2
9066-JAIDB,2025-05-13,Yes,87,happy with service,2
5444-YWYMC,2025-05-13,No,5,received refund,1
9394-LOEHV,2025-05-13,Yes,76,No comment,1
6735-AXQWC,2025-05-13,Yes,93,No comment,2
6642-LHVYD,2025-05-14,Yes,95,demaned refund,1
4455-TRTWT,2025-05-14,Yes,81,guidance to renew,1
7491-AOUHU,2025-05-14,No,76,No comment,1
4753-TTIAR,2025-05-14,No,69,requested callback,1
3040-SOCKE,2025-05-14,No,66,paymnt failed,1
7509-YIVWM,2025-05-14,Yes,70,app not working,1
5645-IFXHD,2025-05-14,No,66,paymnt failed,1
3701-BGROJ,2025-05-14,No,98,received refund,1
9228-NXUUD,2025-05-14,Yes,13,No comment,1
0386-MEIRY,2025-05-14,Yes,84,received refund,1
7759-GWGQF,2025-05-14,No,36,happy with service,2
6902-YZLXF,2025-05-14,Yes,9,No comment,1
3689-ACLBL,2025-05-14,Yes,81,No comment,1
3158-ZQWZC,2025-05-14,Yes,94,billing complaint,1
8843-SHQGK,2025-05-14,Unknown,52,service issue,1
7341-YNTSX,2025-05-14,Yes,58,happy with service,2
2105-ZHDVZ,2025-05-14,Yes,43,happy with service,2
5575-QQFQL,2025-05-14,Unknown,89,No comment,1
4938-QKUSW,2025-05-14,No,35,guidance to renew,2
4546-YMECP,2025-05-14,Yes,74,guidance to renew,1
9218-UMMAA,2025-05-14,Yes,53,service issue,1
2816-BEJMG,2025-05-14,Yes,65,service issue,2
9437-MZCMI,2025-05-15,No,37,app not working,1
5627-KDAPL,2025-05-15,Yes,1,received refund,1
9602-OYHLJ,2025-05-15,Yes,23,received refund,1
4269-GFXIX,2025-05-15,Unknown,68,received refund,2
2282-CIBRS,2025-05-15,No,81,app not working,1
1601-TILVF,2025-05-15,No,90,received refund,1
5259-NGJCO,2025-05-15,No,95,happy with service,1
4105-KTKQT,2025-05-15,Yes,42,happy with service,2
8601-OOSDX,2025-05-15,No,66,app not working,1
3439-YDMOE,2025-05-15,Unknown,96,received refund,2
8912-PJURW,2025-05-15,Yes,65,No comment,1
2496-HEGMP,2025-05-15,Unknown,13,guidance to renew,1
0715-LKPPZ,2025-05-15,No,32,requested callback,1
1334-RUNMI,2025-05-15,Yes,5,No comment,2
8124-RUUZE,2025-05-15,Yes,70,guidance to renew,2
6859-NMENQ,2025-05-16,No,2,No comment,1
6957-UVDMN,2025-05-16,Yes,91,No comment,1
7345-BSKBF,2025-05-16,Yes,49,No comment,2
8444-TWBOT,2025-05-16,Yes,74,No comment,2
9576-UPTDK,2025-05-16,Yes,67,paymnt failed,1
7782-KCYZF,2025-05-16,Yes,46,No comment,1
3901-TMDCB,2025-05-16,Yes,60,happy with service,2
5551-GORWZ,2025-05-16,Unknown,42,No comment,2
2187-QTRPV,2025-05-16,Yes,11,happy with service,3
2544-ZCUAM,2025-05-16,No,57,No comment,2
6346-NCYIU,2025-05-16,No,49,demaned refund,1
4892-MRXEX,2025-05-17,No,2,requested callback,1
9973-WULTI,2025-05-17,No,71,requested callback,1
5788-XHONL,2025-05-17,No,83,No comment,1
3163-OODRV,2025-05-17,No,40,No comment,1
6706-XZSZW,2025-05-17,Yes,49,happy with service,2
6372-UXSXG,2025-05-17,Yes,57,billing complaint,1
3665-LJSZS,2025-05-17,Yes,32,requested callback,1
9216-WYNNU,2025-05-17,Yes,15,app not working,1
6733-CKXUV,2025-05-17,No,50,No comment,1
9917-GRTRH,2025-05-17,No,31,No comment,1
0820-FUDNQ,2025-05-17,No,10,service issue,1
2164-HNTYW,2025-05-17,Unknown,63,received refund,2
9009-FFWZY,2025-05-17,No,74,paymnt failed,1
0597-RAOXR,2025-05-17,No,9,demaned refund,2
0592-VPLLW,2025-05-17,No,1,demaned refund,2
6911-MJFPK,2025-05-18,Yes,49,demaned refund,1
5372-WGIKL,2025-05-18,Yes,35,received refund,1
8633-KFVIN,2025-05-18,No,39,billing complaint,1
3979-GCLDO,2025-05-18,No,33,happy with service,1
7038-MYXAP,2025-05-18,No,35,No comment,2
4726-SGFXW,2025-05-18,No,0,happy with service,1
1405-IJXYU,2025-05-18,Yes,10,happy with service,2
1769-KZMZB,2025-05-18,No,49,requested callback,1
6540-CMEGH,2025-05-18,No,9,No comment,1
7968-LECVX,2025-05-19,Yes,92,service issue,1
4742-VPGGI,2025-05-19,No,76,happy with service,1
2304-ISKRK,2025-05-19,Yes,70,received refund,1
6244-UNYCM,2025-05-19,No,57,guidance to renew,1
6277-ETOZN,2025-05-19,Yes,9,No comment,1
7071-MKITF,2025-05-19,Yes,12,requested callback,1
3453-KIDCA,2025-05-19,No,31,guidance to renew,1
6833-AIAVI,2025-05-19,Yes,8,No comment,1
0313-GJVTZ,2025-05-19,Unknown,33,No comment,1
3665-LZXTA,2025-05-19,No,45,No comment,1
6907-FDVBQ,2025-05-19,Yes,20,received refund,2
8404-YQHSC,2025-05-19,Unknown,32,billing complaint,1
1056-UOIXH,2025-05-19,No,10,requested callback,1
2271-MZVUX,2025-05-19,No,24,No comment,2
8496-EVHPJ,2025-05-19,No,9,guidance to renew,1
9646-AZIQB,2025-05-20,Yes,58,No comment,1
7521-HGDJS,2025-05-20,No,69,happy with service,1
7199-UVKLE,2025-05-20,Yes,20,billing complaint,2
7759-AWOHV,2025-05-20,No,44,demaned refund,1
5186-FGIDC,2025-05-20,No,46,requested callback,1
7243-GLFSE,2025-05-20,No,39,No comment,1
7633-KRTLR,2025-05-20,No,33,app not working,1
3370-AJTXH,2025-05-20,No,48,happy with service,2
5226-NOBGX,2025-05-20,Unknown,74,demaned refund,1
2100-JGEIF,2025-05-20,Yes,73,guidance to renew,1
8539-GBVOM,2025-05-20,Yes,12,app not working,1
2405-NBMEY,2025-05-20,Yes,10,service issue,1
6267-ORAJO,2025-05-20,No,7,requested callback,2
3670-XKECK,2025-05-20,No,92,No comment,1
6798-CGAIB,2025-05-21,Yes,29,demaned refund,1
1616-SDJYH,2025-05-21,No,80,requested callback,2
4137-MQPNG,2025-05-21,No,37,No comment,1
3518-XYLBG,2025-05-21,No,86,received refund,2
0601-TKRLI,2025-05-21,Yes,73,service issue,1
0169-ZUXEZ,2025-05-21,Yes,9,service issue,2
9656-EFHRV,2025-05-21,Yes,8,happy with service,1
5566-UZABL,2025-05-21,No,68,paymnt failed,1
6492-ZDKOT,2025-05-21,Yes,71,guidance to renew,1
2727-IZZGS,2025-05-21,Yes,55,demaned refund,1
5490-MTRMS,2025-05-21,Yes,56,guidance to renew,1
9322-WQEDD,2025-05-21,No,10,app not working,1
0964-MDKYP,2025-05-21,Yes,45,No comment,1
4329-FSRNP,2025-05-21,Yes,5,received refund,2
2847-KWPYP,2025-05-21,Yes,59,app not working,1
1711-JJITX,2025-05-21,Yes,9,service issue,1
5629-OKXUV,2025-05-21,No,75,No comment,2
2425-CGLGT,2025-05-22,No,9,No comment,1
0161-INDKX,2025-05-22,No,86,service issue,1
4931-BUVSS,2025-05-22,No,31,app not working,1
1823-FCNKW,2025-05-22,Yes,53,demaned refund,1
0128-RYFRM,2025-05-22,No,36,demaned refund,1
1247-BFHLX,2025-05-22,No,92,received refund,1
1345-KGYCH,2025-05-22,Yes,40,No comment,1
4766-KVTGS,2025-05-22,No,64,requested callback,2
6789-AVVWA,2025-05-22,No,29,guidance to renew,1
3420-SOFIA,2025-05-22,No,95,guidance to renew,2
8404-UEIHS,2025-05-22,Yes,90,No comment,1
9223-FLTHK,2025-05-22,Yes,39,No comment,2
2618-USIZL,2025-05-22,No,21,demaned refund,1
9582-PCMMC,2025-05-22,Unknown,48,service issue,1
2618-GRGKD,2025-05-22,No,19,service issue,1
7030-WYYGA,2025-05-22,Yes,25,service issue,1
2766-WLMPD,2025-05-22,Yes,4,billing complaint,1
9930-WUHRK,2025-05-22,Yes,84,No comment,1
2034-DTVTM,2025-05-22,Yes,84,requested callback,1
1906-VDCWW,2025-05-23,Yes,31,service issue,1
2971-CQFCX,2025-05-23,No,95,requested callback,1
1719-QIIBH,2025-05-23,No,22,No comment,1
5905-NOJII,2025-05-23,Unknown,79,No comment,2
7040-VFNLD,2025-05-23,Yes,7,demaned refund,1
0578-XRYHC,2025-05-23,Unknown,75,service issue,1
8720-ARRPW,2025-05-23,No,16,No comment,1
3999-JUKOJ,2025-05-23,Yes,73,guidance to renew,1
8537-FVKPJ,2025-05-23,No,57,service issue,1
4859-TSHII,2025-05-23,No,49,billing complaint,1
3198-USWZZ,2025-05-24,No,53,guidance to renew,1
0604-YPNMZ,2025-05-24,No,24,paymnt failed,1
7895-EFXBL,2025-05-24,No,50,service issue,1
4773-EPZKD,2025-05-24,No,89,received refund,1
9507-RMIDL,2025-05-24,Yes,86,guidance to renew,1
8880-EKVAV,2025-05-24,No,34,No comment,1
0042-RJEVK,2025-05-24,Yes,17,paymnt failed,1
0371-RXZWQ,2025-05-24,No,94,No comment,1
8099-OQCMI,2025-05-24,Yes,93,happy with service,1
8256-CMOTX,2025-05-24,Yes,15,guidance to renew,1
3774-KOWQD,2025-05-24,No,9,billing complaint,1
2524-RQAYS,2025-05-24,No,64,service issue,1
0485-NUDXY,2025-05-24,Yes,66,service issue,1
9135-LTCEP,2025-05-24,No,73,demaned refund,1
8992-FHDXA,2025-05-25,Yes,71,No comment,1
1578-PKEVA,2025-05-25,No,25,received refund,1
1781-JZKKI,2025-05-25,No,25,No comment,1
3352-SNWFQ,2025-05-25,Unknown,15,requested callback,1
9350-NZGJP,2025-05-25,Yes,88,No comment,2
2736-KLTLK,2025-05-25,No,87,No comment,1
3532-VLLPZ,2025-05-25,Yes,28,demaned refund,1
6404-NZNMM,2025-05-25,No,49,No comment,1
0365-LGGGW,2025-05-25,No,4,received refund,1
8113-FHXOQ,2025-05-25,No,2,guidance to renew,2
8579-SQGCA,2025-05-25,Yes,8,demaned refund,1
2106-GHRXT,2025-05-25,No,59,paymnt failed,1
9219-UAEHP,2025-05-25,No,60,paymnt failed,2
3861-WPJWR,2025-05-25,No,77,No comment,2
2182-VKTLD,2025-05-25,Yes,50,demaned refund,1
2354-BHEMQ,2025-05-26,No,99,requested callback,1
2593-ZOARX,2025-05-26,Yes,15,demaned refund,1
7867-EVKCM,2025-05-26,No,82,No comment,1
3168-FBDRK,2025-05-26,Yes,36,guidance to renew,2
7477-GOXNA,2025-05-26,Yes,89,No comment,2
7310-LYKZL,2025-05-26,Yes,60,guidance to renew,1
6530-ISEYY,2025-05-26,Unknown,73,billing complaint,1
1475-CMGYS,2025-05-26,Yes,60,requested callback,1
7420-GTEAB,2025-05-26,Yes,97,guidance to renew,1
8199-YYITM,2025-05-26,Yes,12,demaned refund,2
6407-XLCYQ,2025-05-26,Yes,36,service issue,1
9290-QBMAG,2025-05-26,Yes,75,received refund,2
5137-FBIYP,2025-05-26,Yes,6,No comment,2
9388-GKPEJ,2025-05-26,Yes,87,happy with service,1
2419-NEIWJ,2025-05-26,Unknown,16,service issue,1
5962-QROEX,2025-05-26,Yes,86,happy with service,3
0744-OYTHR,2025-05-26,Yes,51,app not working,1
4638-LJKOF,2025-05-26,Yes,36,No comment,1
4180-TQKXS,2025-05-26,No,19,app not working,2
4821-ORBHG,2025-05-27,Yes,57,No comment,1
8846-FIRRJ,2025-05-27,Unknown,95,requested callback,1
2915-CSGNX,2025-05-27,No,28,billing complaint,1
1513-YDSNI,2025-05-27,No,11,requested callback,1
0522-YMTED,2025-05-27,No,1,guidance to renew,1
2042-YGQEO,2025-05-27,No,75,guidance to renew,1
6544-SIVID,2025-05-27,No,61,app not working,1
3454-WXZLT,2025-05-27,No,77,app not working,2
8692-XSBQK,2025-05-27,Yes,43,No comment,2
0189-XAZHX,2025-05-27,Yes,49,received refund,1
5567-ENWSX,2025-05-27,No,50,demaned refund,1
4189-TBYAS,2025-05-27,No,73,No comment,1
4232-SHPMP,2025-05-27,No,41,No comment,1
1400-ZCHOI,2025-05-27,Yes,99,app not working,1
6879-VDBUV,2025-05-27,Yes,95,No comment,2
8140-YZEFO,2025-05-27,No,72,paymnt failed,1
9469-VHWWJ,2025-05-27,Yes,12,app not working,1
9776-TTWEJ,2025-05-27,Yes,3,No comment,1
9278-IIXKS,2025-06-01,Yes,4,demaned refund,1
2373-TPGPB,2025-06-01,No,56,happy with service,1
1151-PLSZL,2025-06-01,No,45,service issue,1
8003-RGFDH,2025-06-01,Yes,62,app not working,1
3063-PWIMV,2025-06-01,Yes,48,service issue,2
4698-DVZVP,2025-06-01,Yes,99,billing complaint,1
9500-PKJHS,2025-06-01,Yes,54,guidance to renew,1
1911-BGHEB,2025-06-01,No,2,received refund,1
2979-LONUT,2025-06-01,No,27,paymnt failed,2
7702-SAMBM,2025-06-01,Yes,4,billing complaint,1
2432-NUCGK,2025-06-01,No,27,received refund,1
2979-OYZIF,2025-06-01,No,93,No comment,1
8090-DZLFS,2025-06-01,Unknown,8,service issue,1
8364-HYJZS,2025-06-02,Yes,84,No comment,1
8836-DHKQU,2025-06-02,No,14,app not working,1
9908-CXVRA,2025-06-02,Yes,66,received refund,2
4008-JIXYO,2025-06-02,Yes,80,No comment,1
5308-CFBCT,2025-06-02,Yes,29,billing complaint,1
8907-OLKKQ,2025-06-02,Yes,56,app not working,1
6606-SVIAP,2025-06-02,Yes,15,received refund,2
7024-IXGQP,2025-06-02,Yes,87,requested callback,1
9893-FLNCU,2025-06-02,No,35,No comment,1
2580-XKMSS,2025-06-02,No,16,No comment,1
3481-USBIR,2025-06-02,Yes,37,paymnt failed,1
3790-XIYES,2025-06-02,No,50,app not working,2
7418-FQCCC,2025-06-02,Yes,76,No comment,1
1478-PXEKY,2025-06-02,No,99,demaned refund,2
9822-YEJWC,2025-06-02,Yes,19,requested callback,2
5211-DXYYF,2025-06-02,No,16,requested callback,1
6774-CKITV,2025-06-03,Unknown,19,service issue,1
8373-OBOIW,2025-06-03,Yes,14,app not working,1
1455-UNUXS,2025-06-03,Unknown,3,app not working,1
9588-XAJAI,2025-06-03,Yes,44,demaned refund,1
4452-XWFWO,2025-06-03,Unknown,30,No comment,1
2921-EHFPK,2025-06-03,No,26,app not working,1
8512-HPATW,2025-06-03,Yes,54,received refund,1
7884-SVZRF,2025-06-03,Yes,54,No comment,1
8385-FWPJF,2025-06-03,No,21,paymnt failed,2
0588-UFAGL,2025-06-03,Yes,71,app not working,1
5527-YDDNP,2025-06-03,No,25,app not working,1
7978-KQSCH,2025-06-03,Yes,19,No comment,1
9839-RXWTM,2025-06-03,No,52,app not working,2
2377-PQTYH,2025-06-03,Yes,83,billing complaint,2
8118-MBYXH,2025-06-03,Unknown,19,app not working,1
3297-QLZBX,2025-06-03,Yes,15,guidance to renew,2
3966-YWOIF,2025-06-04,No,96,demaned refund,1
0135-UNKGX,2025-06-04,No,67,guidance to renew,1
3623-LNPKK,2025-06-04,Yes,76,No comment,1
9549-BAADX,2025-06-04,Yes,88,service issue,1
8490-DJJUQ,2025-06-04,Yes,47,app not working,2
5293-VSPNK,2025-06-04,Yes,73,service issue,1
5432-DPQZP,2025-06-04,No,34,happy with service,1
3776-NXMHE,2025-06-04,Yes,36,guidance to renew,2
4181-CGHUR,2025-06-04,Unknown,77,No comment,1
6510-EYERZ,2025-06-04,Yes,2,app not working,1
4866-JQCTR,2025-06-04,Yes,37,demaned refund,1
9239-CCPUH,2025-06-04,Unknown,92,requested callback,1
5552-XQQDM,2025-06-04,Yes,30,billing complaint,2
6152-ZMKVW,2025-06-05,No,61,No comment,1
7244-JQBCK,2025-06-05,No,72,service issue,1
5401-OZGSM,2025-06-05,Yes,73,requested callback,1
8626-LCPHM,2025-06-05,Yes,74,paymnt failed,1
4293-JWNAS,2025-06-05,No,30,No comment,1
9280-RFTAQ,2025-06-05,Unknown,31,No comment,1
2755-OYYKR,2025-06-05,Yes,91,paymnt failed,2
1837-UZXNS,2025-06-05,No,92,demaned refund,1
5553-XRRLX,2025-06-05,No,26,app not working,1
3703-CXDEI,2025-06-05,No,60,No comment,1
3785-OGZTB,2025-06-05,Yes,49,No comment,1
4012-IKPOL,2025-06-05,Yes,53,requested callback,2
9865-TUTWG,2025-06-05,No,43,requested callback,1
9608-KTEVB,2025-06-05,No,59,No comment,2
1491-PLYZK,2025-06-05,No,97,No comment,1
1444-TCFHY,2025-06-05,Yes,85,requested callback,2
7508-FNRPK,2025-06-05,Unknown,65,No comment,2
7030-NHGGX,2025-06-06,No,59,happy with service,1
2814-VQELW,2025-06-06,Yes,41,guidance to renew,1
6731-TKXGD,2025-06-06,Yes,84,requested callback,1
4313-FIVJK,2025-06-06,No,49,guidance to renew,2
1204-DZSCN,2025-06-06,No,78,No comment,1
8771-ZQGUZ,2025-06-06,No,31,happy with service,2
6832-KHMDA,2025-06-06,No,90,No comment,2
1311-KBQMA,2025-06-06,No,29,No comment,1
7538-UPGVR,2025-06-06,Yes,12,billing complaint,1
9768-RGYCH,2025-06-06,Yes,86,demaned refund,1
4979-IURMH,2025-06-06,Yes,29,app not working,1
4696-ECUKM,2025-06-06,No,53,requested callback,1
2424-VEBMV,2025-06-06,No,24,received refund,2
8789-ECGNG,2025-06-06,No,85,No comment,1
5642-TJSOO,2025-06-06,Yes,95,paymnt failed,1
5973-LPDOD,2025-06-07,Yes,14,guidance to renew,1
6638-AWZCC,2025-06-07,Yes,21,No comment,1
1219-HIDFJ,2025-06-07,No,58,guidance to renew,1
7013-ITGJT,2025-06-07,No,3,No comment,1
9851-JTNPE,2025-06-07,Unknown,59,billing complaint,1
2566-QXGOO,2025-06-07,No,97,No comment,1
0671-UJAME,2025-06-07,Yes,31,happy with service,1
6994-NXFST,2025-06-07,Yes,61,demaned refund,2
8354-GNZHQ,2025-06-08,Yes,40,demaned refund,1
2347-LRQME,2025-06-08,Yes,86,No comment,1
9339-UFBLZ,2025-06-08,No,23,service issue,1
1632-CSJBX,2025-06-08,Yes,16,service issue,2
5230-WVSCR,2025-06-08,Yes,49,requested callback,2
9530-MWCUT,2025-06-08,No,25,No comment,1
5716-HRVWT,2025-06-08,Yes,84,happy with service,1
0482-QCVEN,2025-06-08,No,18,No comment,1
6369-OHBWC,2025-06-08,Unknown,94,guidance to renew,2
3642-VHRPF,2025-06-08,No,62,received refund,2
4445-PUDRF,2025-06-08,No,95,requested callback,1
3161-ALWHY,2025-06-08,Yes,48,happy with service,1
2199-PWLTR,2025-06-08,No,58,guidance to renew,1
5712-EHDET,2025-06-09,Yes,60,requested callback,1
2177-VKRWW,2025-06-09,No,74,No comment,1
4061-VVVJX,2025-06-09,Yes,85,No comment,1
5713-QUQMV,2025-06-09,Yes,78,demaned refund,1
8808-WZIJR,2025-06-09,Yes,43,No comment,2
3368-OQIXC,2025-06-09,Yes,64,service issue,1
8634-VWAXP,2025-06-09,Yes,62,requested callback,1
9912-SALLP,2025-06-09,No,65,app not working,1
5803-TVRVE,2025-06-09,Unknown,19,paymnt failed,2
4294-JAYMS,2025-06-09,No,6,service issue,1
3968-VHYQB,2025-06-09,No,72,demaned refund,1
8299-OBKUD,2025-06-09,No,1,No comment,1
2456-VBMIF,2025-06-09,No,52,No comment,1
2113-WPKRJ,2025-06-09,No,80,received refund,2
6668-SFKTH,2025-06-09,Yes,63,No comment,1
7619-CMUZF,2025-06-10,Unknown,46,paymnt failed,1
0569-NLFHO,2025-06-10,Yes,20,guidance to renew,1
4383-YLUFY,2025-06-10,Yes,71,guidance to renew,1
9344-NQQIY,2025-06-10,No,44,No comment,2
4765-QOSBU,2025-06-10,Yes,6,billing complaint,2
3951-MJKZB,2025-06-10,No,92,No comment,1
6442-BVRGF,2025-06-10,Yes,72,happy with service,1
3497-WHGSD,2025-06-10,Yes,36,guidance to renew,1
8977-BFUZZ,2025-06-10,No,97,happy with service,1
1570-YNWHY,2025-06-10,Unknown,68,No comment,1
9225-SMANE,2025-06-10,No,56,happy with service,1
3190-WVCJR,2025-06-10,No,56,demaned refund,2
0887-LLKKL,2025-06-10,Yes,69,guidance to renew,1
9067-XGZLO,2025-06-10,Yes,71,No comment,1
6255-XQZSK,2025-06-10,Yes,65,happy with service,1
3042-PXKEM,2025-06-10,Yes,14,received refund,2
9170-QCZBF,2025-06-11,No,36,guidance to renew,1
9164-LHBNS,2025-06-11,Yes,74,requested callback,1
1418-SHYVI,2025-06-11,No,92,No comment,1
1234-ZMUIP,2025-06-11,No,74,No comment,1
8684-AOJLR,2025-06-11,No,54,No comment,1
8948-WVVGJ,2025-06-11,No,89,service issue,1
9537-TNJRN,2025-06-11,Yes,28,billing complaint,2
9743-VSCWZ,2025-06-11,Yes,20,service issue,1
2988-GANEV,2025-06-11,Unknown,67,happy with service,2
4796-RTHUO,2025-06-11,No,72,received refund,2
3639-THDKD,2025-06-11,Yes,44,service issue,1
4053-SNECM,2025-06-11,Yes,69,service issue,2
9437-CCPEX,2025-06-11,No,10,happy with service,1
0767-QIQBG,2025-06-11,Unknown,4,service issue,1
7716-PTBJE,2025-06-11,No,48,No comment,1
0249-AGRTJ,2025-06-12,Yes,21,No comment,1
2063-RAZAQ,2025-06-12,Yes,39,app not working,1
4362-JNYSS,2025-06-12,Yes,5,app not working,1
0245-CROBK,2025-06-12,Yes,11,No comment,1
5443-HMTYH,2025-06-12,Yes,87,demaned refund,1
2578-XPLPO,2025-06-12,Yes,78,app not working,1
9869-DOCSP,2025-06-12,Yes,49,received refund,1
4362-XIIEB,2025-06-12,Yes,53,received refund,1
4325-ISBLP,2025-06-12,Yes,59,app not working,1
2602-LLAYZ,2025-06-12,Yes,63,paymnt failed,2
9573-ZGZXU,2025-06-12,Unknown,25,billing complaint,1
7442-WEDPH,2025-06-12,Yes,0,received refund,2
8451-HXCYI,2025-06-12,Unknown,49,requested callback,2
6510-PRVKN,2025-06-12,No,40,service issue,1
8340-JAJCY,2025-06-12,Yes,48,No comment,2
1433-UAFXA,2025-06-12,Yes,28,No comment,1
3205-DSZMC,2025-06-13,No,22,No comment,1
0065-JSCRH,2025-06-13,No,83,app not working,1
5455-EZUED,2025-06-13,No,20,guidance to renew,1
5474-DGAUY,2025-06-13,Yes,12,guidance to renew,1
9305-JMCYR,2025-06-13,No,78,service issue,1
3704-TMPXU,2025-06-13,No,72,app not working,1
2239-STVBH,2025-06-13,Yes,98,paymnt failed,1
1653-JPTRZ,2025-06-13,No,28,happy with service,3
7792-DWLBC,2025-06-13,No,23,demaned refund,1
5309-RWFRA,2025-06-13,No,23,happy with service,1
2800-EJOAI,2025-06-14,Yes,56,billing complaint,1
6212-ISUEH,2025-06-14,No,14,received refund,1
6389-PKRTC,2025-06-14,No,50,No comment,1
8839-GRNLS,2025-06-14,Yes,93,No comment,1
3318-AZPVL,2025-06-14,No,78,paymnt failed,1
8398-EBKPI,2025-06-14,Yes,4,happy with service,1
3397-TESGB,2025-06-14,Yes,79,received refund,1
1297-GTQHV,2025-06-14,Yes,49,service issue,1
2564-PVLTD,2025-06-14,Yes,47,billing complaint,1
9180-LQTNM,2025-06-14,Yes,22,No comment,1
8851-NAZEY,2025-06-14,Yes,53,No comment,1
1844-EZYVO,2025-06-14,Yes,49,happy with service,2
4525-ZNPRI,2025-06-14,No,15,service issue,1
2229-KTOKV,2025-06-14,Yes,93,app not working,2
5935-MESZV,2025-06-14,No,58,billing complaint,1
7245-XBIUG,2025-06-14,No,71,guidance to renew,2
1123-LFVNX,2025-06-14,No,37,app not working,1
2047-KRKUN,2025-06-14,Yes,49,guidance to renew,1
4878-NXSSE,2025-06-14,No,77,guidance to renew,1
2929-IWBOS,2025-06-15,Yes,93,demaned refund,1
6358-NHXEW,2025-06-15,Yes,99,billing complaint,1
0287-ZCYVT,2025-06-15,Yes,21,requested callback,1
5630-XZVNT,2025-06-15,No,79,requested callback,1
3147-EELMD,2025-06-15,No,49,No comment,1
9434-FNKDU,2025-06-15,No,86,demaned refund,1
0101-AGOZS,2025-06-15,Yes,94,No comment,2
7283-PXJQP,2025-06-15,Unknown,3,No comment,1
8366-YTQJN,2025-06-15,Yes,56,demaned refund,1
9303-MOKDR,2025-06-15,No,94,app not working,1
4641-RTGFV,2025-06-16,Yes,4,service issue,1
5199-JNMEE,2025-06-16,Yes,21,happy with service,1
5438-DPJSG,2025-06-16,No,10,No comment,1
8458-ENTQL,2025-06-16,Unknown,2,No comment,1
3663-ZGUQV,2025-06-16,Yes,81,guidance to renew,2
3469-BKKIG,2025-06-16,No,32,guidance to renew,1
7161-YBBGM,2025-06-16,No,71,No comment,1
2146-OSJIS,2025-06-17,Yes,45,No comment,1
2445-QNNLR,2025-06-17,Yes,24,demaned refund,1
6338-SAXJI,2025-06-17,No,92,No comment,1
4178-ONBMV,2025-06-17,Yes,75,app not working,1
8136-PZPGO,2025-06-17,Yes,83,app not working,1
7134-YACTF,2025-06-17,No,96,service issue,1
3320-MPTXR,2025-06-17,Yes,43,No comment,1
6128-EFAEZ,2025-06-17,Unknown,38,app not working,2
1583-BJKWD,2025-06-17,No,13,No comment,1
1437-HHXXW,2025-06-17,No,54,received refund,3
3615-SQOHC,2025-06-17,Yes,26,requested callback,2
8952-RHWGD,2025-06-17,Yes,22,No comment,1
3588-KEQNP,2025-06-17,Unknown,92,No comment,2
7329-SAXCR,2025-06-17,No,50,received refund,1
8102-VZZEN,2025-06-17,Unknown,53,demaned refund,1
6191-LWYVK,2025-06-17,Yes,16,received refund,1
3504-VSYOV,2025-06-17,Yes,40,app not working,1
2064-AQFXL,2025-06-18,No,59,No comment,1
2624-WKMXS,2025-06-18,Yes,1,No comment,1
9372-POZBJ,2025-06-18,Yes,75,service issue,1
6326-RBMIS,2025-06-18,No,68,No comment,1
4586-OXXRA,2025-06-18,No,85,requested callback,2
3974-RFABH,2025-06-18,No,10,demaned refund,2
6373-KTMKH,2025-06-18,No,93,app not working,1
7939-DUVRI,2025-06-18,No,78,app not working,2
9714-FDUUT,2025-06-18,Unknown,81,app not working,1
2579-RTQAS,2025-06-18,Unknown,53,demaned refund,2
6817-ENLBL,2025-06-18,Unknown,32,No comment,2
4909-JJAWH,2025-06-18,Yes,99,demaned refund,1
8883-BCTWO,2025-06-18,Yes,15,No comment,1
0178-TLLTN,2025-06-18,Yes,6,No comment,1
8977-YQMGE,2025-06-18,No,67,service issue,1
9344-SJKHM,2025-06-18,Yes,88,happy with service,2
7259-DCVRQ,2025-06-18,Unknown,12,billing complaint,1
2575-EVNNE,2025-06-18,Yes,48,requested callback,2
5201-JOBYR,2025-06-18,No,65,demaned refund,2
1324-VJAWJ,2025-06-18,Yes,3,app not working,2
6758-LATGS,2025-06-18,Yes,96,guidance to renew,2
2553-XLVDN,2025-06-19,No,49,billing complaint,1
6375-FCILR,2025-06-19,Yes,17,paymnt failed,2
8870-JMLZT,2025-06-19,Yes,13,service issue,1
5549-RLGMZ,2025-06-19,No,70,No comment,1
5133-GDGRL,2025-06-19,Yes,98,service issue,1
3855-AWYCS,2025-06-19,No,78,app not working,2
3498-VLPQE,2025-06-19,Yes,38,No comment,2
6609-XIPHV,2025-06-19,Yes,96,billing complaint,1
9608-VJQBY,2025-06-19,No,6,billing complaint,1
4968-JAOVN,2025-06-19,No,23,service issue,1
7138-QFMTI,2025-06-19,No,43,demaned refund,2
9963-KMCGU,2025-06-19,Unknown,87,No comment,2
7581-UOLMS,2025-06-19,No,32,No comment,1
9350-JCXVC,2025-06-19,No,60,guidance to renew,1
3865-SZCUE,2025-06-19,No,84,service issue,1
3025-LHAJB,2025-06-19,No,94,demaned refund,1
4291-VETKT,2025-06-19,Unknown,60,billing complaint,1
1926-YEJNQ,2025-06-20,Yes,24,happy with service,1
4451-ATARH,2025-06-20,No,32,received refund,1
3991-IOZZJ,2025-06-20,Unknown,49,app not working,1
2627-CLRVK,2025-06-20,Yes,70,No comment,1
1256-FBNAZ,2025-06-20,Yes,55,demaned refund,2
8953-RTCEQ,2025-06-20,Yes,46,app not working,2
0072-HXLTD,2025-06-20,No,49,No comment,1
6642-RJQAO,2025-06-20,Yes,31,received refund,2
4045-BGOMY,2025-06-20,No,54,No comment,1
6140-ALBSI,2025-06-20,Yes,45,paymnt failed,2
1248-SRYOQ,2025-06-20,Yes,5,guidance to renew,1
7215-RISTG,2025-06-21,No,72,guidance to renew,1
8320-GQTGR,2025-06-21,No,90,service issue,1
4724-UATWM,2025-06-21,Yes,4,guidance to renew,2
0497-KDQUA,2025-06-21,No,22,happy with service,1
3631-IAVZQ,2025-06-21,No,73,guidance to renew,1
6274-IFQDA,2025-06-21,Yes,58,app not working,1
4949-KZRPP,2025-06-21,No,16,happy with service,1
0668-BTFFB,2025-06-21,Yes,44,requested callback,2
5943-QTVKF,2025-06-21,Yes,8,demaned refund,1
1988-UGTSE,2025-06-21,Yes,24,guidance to renew,2
7886-MFXKB,2025-06-21,No,68,app not working,1
1426-IYVRA,2025-06-22,Yes,61,demaned refund,1
9308-ERNYM,2025-06-22,Yes,96,service issue,1
1384-TACPI,2025-06-22,Unknown,29,received refund,1
1982-XIWZV,2025-06-22,Yes,91,app not working,1
1547-PQJGM,2025-06-22,Yes,98,service issue,1
8271-WZYNZ,2025-06-22,No,56,No comment,1
2023-BDPEI,2025-06-22,No,28,service issue,1
7902-GFYGU,2025-06-22,Yes,66,No comment,1
8485-HHQNN,2025-06-22,No,2,billing complaint,1
8642-HCUJS,2025-06-22,Yes,16,app not working,2
5401-FJINS,2025-06-22,No,63,requested callback,2
0058-RIDXD,2025-06-22,Yes,51,service issue,1
1689-FKMCB,2025-06-22,Yes,37,paymnt failed,2
2754-VANFH,2025-06-22,No,1,service issue,1
0283-ZRXHG,2025-06-22,No,62,happy with service,1
7431-FHFIX,2025-06-22,Unknown,25,happy with service,2
8681-LFJGR,2025-06-23,No,93,No comment,1
8505-FGFBT,2025-06-23,Yes,34,demaned refund,1
0368-FZFPQ,2025-06-23,No,89,paymnt failed,1
0310-UMNOV,2025-06-23,No,49,guidance to renew,1
7336-UITNJ,2025-06-23,No,58,app not working,1
3047-FSQFM,2025-06-23,No,44,requested callback,1
6012-SXULU,2025-06-23,Yes,75,demaned refund,1
6077-RTNJS,2025-06-23,No,91,requested callback,1
7099-VKTTY,2025-06-23,No,6,No comment,1
8357-KUNBF,2025-06-23,Yes,19,happy with service,2
0031-OALRE,2025-06-23,Yes,60,No comment,2
3901-CVIWY,2025-06-23,Unknown,83,No comment,1
4593-RPSCF,2025-06-24,Yes,99,paymnt failed,1
9074-SCMHI,2025-06-24,No,78,No comment,1
5209-XIXXR,2025-06-24,Yes,17,received refund,1
7288-IWOIF,2025-06-24,No,96,No comment,1
7636-MHQME,2025-06-24,Yes,68,service issue,1
8157-AUAZW,2025-06-24,Unknown,92,happy with service,1
3551-OITVK,2025-06-24,Yes,41,No comment,1
1086-EVMUX,2025-06-24,No,46,received refund,1
5245-GJLBC,2025-06-24,Yes,71,happy with service,1
7493-YZGMM,2025-06-24,Yes,17,No comment,2
3544-EDNIG,2025-06-24,Yes,83,guidance to renew,1
0526-IGVCO,2025-06-24,Yes,12,happy with service,2
4311-VZYPX,2025-06-25,Yes,67,demaned refund,1
5874-GHJNT,2025-06-25,No,52,app not working,1
1592-CGUJP,2025-06-25,Yes,94,happy with service,1
2771-DNFZW,2025-06-25,Yes,51,No comment,1
8812-LTWNF,2025-06-25,No,51,billing complaint,1
3506-EAFIN,2025-06-25,Yes,11,received refund,1
6955-CFKUG,2025-06-25,Unknown,5,received refund,1
9061-HVZOX,2025-06-25,No,99,guidance to renew,2
0353-AIGQW,2025-06-25,No,71,guidance to renew,1
7490-RCQQK,2025-06-25,Unknown,14,service issue,1
4805-NQRZY,2025-06-25,Unknown,2,paymnt failed,1
1137-WRPXJ,2025-06-25,No,71,service issue,1
3709-AXDVY,2025-06-25,Yes,53,app not working,1
9913-ZGMKW,2025-06-25,No,37,No comment,1
9190-GBYAX,2025-06-25,Yes,74,paymnt failed,1
8331-YBEAE,2025-06-25,No,8,service issue,1
6492-YAGVF,2025-06-25,No,49,No comment,1
7938-KWTHG,2025-06-25,No,82,service issue,1
0249-UJAPB,2025-06-25,No,59,No comment,1
9116-LGUYL,2025-06-25,Yes,0,service issue,2
3509-JBDXP,2025-06-25,Yes,80,app not working,1
1721-QGPMX,2025-06-25,Yes,99,app not working,1
5744-IKJQY,2025-06-25,Yes,14,happy with service,1
9859-XBUSA,2025-06-26,No,40,service issue,1
8644-MMRGJ,2025-06-26,No,66,billing complaint,1
5440-RFWKV,2025-06-26,Yes,88,received refund,1
5470-UITUF,2025-06-26,Yes,90,happy with service,2
2078-EAKRS,2025-06-26,Yes,29,billing complaint,1
1370-SGJDR,2025-06-26,Unknown,51,guidance to renew,1
2866-BLFDZ,2025-06-26,Unknown,80,billing complaint,1
9423-WWOEU,2025-06-26,Yes,44,received refund,1
8156-MHQFJ,2025-06-26,Unknown,61,service issue,1
3786-RVMDL,2025-06-26,Yes,4,happy with service,1
4900-TIRHL,2025-06-26,Yes,17,No comment,1
8433-WQJOS,2025-06-26,Unknown,46,No comment,1
7709-YIAEB,2025-06-26,Yes,4,happy with service,1
6746-EORQD,2025-06-26,Unknown,9,demaned refund,1
9102-FEGRK,2025-06-27,Yes,52,received refund,1
5083-DGQJB,2025-06-27,No,23,service issue,1
1146-OOCRK,2025-06-27,Yes,66,guidance to renew,1
8189-MVPQO,2025-06-27,Yes,44,guidance to renew,1
9092-ZVSQM,2025-06-27,Unknown,95,happy with service,2
6805-NVUNC,2025-06-27,No,15,paymnt failed,1
2945-EEPRZ,2025-06-27,Yes,30,No comment,2
5738-CLCKJ,2025-06-27,No,73,billing complaint,2
2902-WWMXB,2025-06-27,Yes,36,No comment,1
0843-KSAEM,2025-06-27,Yes,88,paymnt failed,2
1020-IRFHB,2025-06-27,Yes,98,No comment,1
8955-XDSTV,2025-06-27,No,24,paymnt failed,1
5596-UVUWD,2025-06-27,Yes,86,service issue,1
4003-BRSGG,2025-06-27,No,33,app not working,2
0071-MEZTX,2025-06-27,No,62,demaned refund,1
2780-VDINK,2025-07-01,Yes,28,No comment,1
9564-WZJXJ,2025-07-01,No,47,No comment,1
4939-RPERN,2025-07-01,No,54,happy with service,1
8757-BXMNG,2025-07-01,No,14,No comment,1
1520-JZHCE,2025-07-01,Yes,18,No comment,1
5275-UFSTZ,2025-07-01,Yes,13,No comment,1
0570-RCEDP,2025-07-01,Unknown,61,paymnt failed,1
9903-BOQKU,2025-07-01,Yes,45,service issue,1
5876-VFVOC,2025-07-01,No,27,billing complaint,1
1891-VOCGW,2025-07-01,No,64,demaned refund,1
0048-TUFTZ,2025-07-01,Yes,62,app not working,1
8971-SGKXM,2025-07-01,Yes,61,No comment,1
6216-EBGTX,2025-07-01,Yes,12,happy with service,2
6191-HYMCH,2025-07-01,No,30,demaned refund,1
7714-PIJWX,2025-07-01,No,35,billing complaint,1
7392-MQWOF,2025-07-02,Unknown,23,guidance to renew,1
6367-FIVKW,2025-07-02,No,49,received refund,2
6242-KMPMC,2025-07-02,Unknown,62,received refund,1
6156-XUGLO,2025-07-02,Unknown,47,No comment,1
0341-TPYOC,2025-07-02,Yes,12,paymnt failed,1
3650-TGJQW,2025-07-02,Unknown,94,guidance to renew,1
3211-RPTLG,2025-07-03,Yes,65,paymnt failed,1
5482-DBCHW,2025-07-03,Unknown,55,billing complaint,1
5434-QAAPI,2025-07-03,Yes,39,service issue,1
1817-PXAKB,2025-07-03,No,47,No comment,1
5931-FJHVS,2025-07-03,Yes,32,demaned refund,2
5469-BADTU,2025-07-03,No,2,guidance to renew,1
8940-IYWTM,2025-07-03,No,54,app not working,1
6007-ZIPCR,2025-07-03,No,49,happy with service,2
6033-MLHEO,2025-07-03,No,31,requested callback,1
0516-WTNCZ,2025-07-03,Yes,14,happy with service,2
0287-OPMLJ,2025-07-03,Yes,68,app not working,1
4947-HMWXK,2025-07-03,No,49,guidance to renew,1
4976-ULBZG,2025-07-03,Yes,53,received refund,1
1010-RVNBL,2025-07-03,Yes,1,service issue,1
9253-WDBSB,2025-07-03,Yes,49,No comment,1
4394-BPNZL,2025-07-03,Yes,39,guidance to renew,1
8688-JWQIX,2025-07-03,Yes,24,billing complaint,2
6134-AETAH,2025-07-03,Yes,59,received refund,2
4883-GMZJT,2025-07-03,No,63,guidance to renew,1
6233-DAYSH,2025-07-03,No,27,paymnt failed,1
1641-ZPGOS,2025-07-04,Yes,34,No comment,1
5333-ZMTFY,2025-07-04,No,2,happy with service,1
0312-YLJKO,2025-07-04,Yes,82,No comment,1
9796-QKZEO,2025-07-04,Yes,99,requested callback,1
3722-RQERS,2025-07-04,No,26,happy with service,1
7120-GDHAK,2025-07-04,Unknown,37,received refund,1
2902-PESUZ,2025-07-04,Yes,47,guidance to renew,1
2214-IWIJS,2025-07-04,Yes,28,received refund,1
4097-VNLRR,2025-07-04,No,96,received refund,2
5443-ILYFN,2025-07-04,Unknown,32,received refund,1
6570-OYDCT,2025-07-04,Yes,83,demaned refund,1
1973-ZOKEY,2025-07-04,Yes,49,received refund,2
2379-SUTZL,2025-07-04,No,91,received refund,2
4926-JCAGL,2025-07-04,No,27,No comment,1
1980-UKYUN,2025-07-04,No,86,No comment,1
9007-LZXZQ,2025-07-04,Unknown,49,No comment,2
4197-ZIQAX,2025-07-05,No,58,app not working,1
8423-WQAXW,2025-07-05,Yes,27,guidance to renew,1
6009-AJZSD,2025-07-05,Yes,52,app not working,1
6381-AXOMJ,2025-07-05,Unknown,0,No comment,1
9529-EAOCI,2025-07-05,Yes,67,No comment,2
7670-PPPEY,2025-07-05,Yes,16,No comment,2
8874-ICPPL,2025-07-05,Yes,40,demaned refund,1
6725-JONGW,2025-07-05,No,39,received refund,2
8239-JEUGS,2025-07-05,Yes,0,billing complaint,1
3924-NNPHT,2025-07-06,No,81,service issue,1
8832-WCFQO,2025-07-06,Unknown,39,paymnt failed,1
9180-WMPXP,2025-07-06,No,82,No comment,1
8395-QETOW,2025-07-06,No,37,billing complaint,1
3945-JWSGP,2025-07-06,No,7,app not working,1
2687-SCXOP,2025-07-06,Yes,53,demaned refund,1
2253-ZVSKS,2025-07-06,No,18,happy with service,1
4777-ZNYGF,2025-07-06,Yes,52,No comment,1
7179-VPDYH,2025-07-06,Yes,11,No comment,1
1116-ZUCFE,2025-07-06,Yes,40,requested callback,2
6515-KPNCE,2025-07-06,Yes,0,billing complaint,2
2279-CGKDY,2025-07-06,No,58,guidance to renew,1
1699-QVJKX,2025-07-06,Yes,58,demaned refund,1
9889-NZWOF,2025-07-06,No,68,happy with service,2
0507-SSHFC,2025-07-06,Yes,79,demaned refund,2
2742-MZPSW,2025-07-06,Unknown,20,app not working,2
6741-HEWNC,2025-07-07,Yes,31,app not working,1
4079-SZZJQ,2025-07-07,No,58,No comment,2
2692-RUTUC,2025-07-07,Unknown,6,billing complaint,2
9779-WZJVM,2025-07-07,Yes,48,requested callback,1
8742-VTDRZ,2025-07-07,No,2,No comment,1
4282-WLRTF,2025-07-07,Yes,11,No comment,1
9363-SIAUA,2025-07-07,Yes,65,No comment,1
1331-RSZNB,2025-07-07,Unknown,39,guidance to renew,1
6817-IYOWT,2025-07-07,Unknown,1,demaned refund,1
2012-GZVUT,2025-07-07,Yes,96,service issue,1
9401-XZTJR,2025-07-07,No,65,app not working,2
2867-WOVIL,2025-07-07,Yes,15,received refund,1
4907-OVAEO,2025-07-08,Yes,49,app not working,2
7789-EXSSO,2025-07-08,Yes,49,received refund,1
1479-EPJHF,2025-07-08,No,37,billing complaint,2
8630-ALNRX,2025-07-08,No,21,No comment,2
7213-USWQO,2025-07-08,No,67,happy with service,1
4426-FZMBA,2025-07-08,No,51,guidance to renew,1
9106-XWWET,2025-07-08,No,22,billing complaint,2
1833-GIADS,2025-07-08,No,16,service issue,1
8212-RZLPF,2025-07-08,No,81,billing complaint,1
8779-EJEYZ,2025-07-08,No,3,happy with service,2
5614-NUFBE,2025-07-08,No,73,received refund,1
3900-NUAHK,2025-07-08,Yes,84,guidance to renew,1
0405-XESXH,2025-07-08,No,42,app not working,2
7034-DUBXY,2025-07-08,Yes,66,happy with service,1
2074-EQGUT,2025-07-09,Yes,99,billing complaint,1
3337-IUIVX,2025-07-09,Unknown,93,requested callback,1
3543-EWRGO,2025-07-09,Unknown,28,requested callback,1
8943-SRKUD,2025-07-09,No,72,service issue,1
1041-DMLDO,2025-07-09,No,21,No comment,1
4162-PDRMN,2025-07-09,No,90,app not working,1
8381-UOVVM,2025-07-09,Yes,65,app not working,1
3700-DKRPV,2025-07-09,No,55,app not working,1
4793-NCFEE,2025-07-09,Yes,8,billing complaint,1
2286-AHJDD,2025-07-09,Unknown,45,No comment,1
6799-MLSXX,2025-07-09,Yes,15,demaned refund,1
7623-RBAGK,2025-07-09,Yes,48,No comment,2
6246-ZWLPV,2025-07-09,Yes,42,guidance to renew,1
3608-AQIVC,2025-07-10,Unknown,4,service issue,1
8251-NQAED,2025-07-10,No,50,requested callback,1
5663-SWVNE,2025-07-10,Yes,84,guidance to renew,1
7561-LXVHI,2025-07-10,Unknown,18,app not working,1
5162-FTOMU,2025-07-10,No,49,paymnt failed,1
1345-THLFH,2025-07-10,Yes,94,service issue,1
0213-SCGTQ,2025-07-10,Unknown,36,No comment,1
1144-DAKVH,2025-07-10,No,98,guidance to renew,1
4309-CWGVP,2025-07-10,Yes,33,demaned refund,2
1258-OZUAL,2025-07-10,Yes,43,No comment,1
0799-UODHD,2025-07-10,No,13,paymnt failed,2
2431-SRXTA,2025-07-10,Yes,44,demaned refund,1
1509-EOZNC,2025-07-10,No,31,guidance to renew,1
5250-SUFUQ,2025-07-10,No,5,service issue,1
1451-PTDXL,2025-07-10,Unknown,93,happy with service,2
4697-OUYYP,2025-07-10,No,58,billing complaint,1
4754-OYQMP,2025-07-10,Yes,82,paymnt failed,2
1337-VAXPK,2025-07-10,Unknown,19,app not working,1
6491-IPSGR,2025-07-10,Yes,35,No comment,1
4936-PLCVC,2025-07-11,No,2,No comment,1
4724-PRQDP,2025-07-11,Yes,74,received refund,2
8310-ZFLVF,2025-07-11,No,10,paymnt failed,1
1131-OLMDF,2025-07-11,No,72,demaned refund,1
8156-AITTA,2025-07-11,No,34,billing complaint,1
2604-UNTGU,2025-07-11,No,22,No comment,1
6443-DUSTH,2025-07-11,No,14,No comment,2
4065-VDFIN,2025-07-11,Yes,16,paymnt failed,1
8223-WICJF,2025-07-11,Yes,46,No comment,1
0214-AUQQE,2025-07-11,No,34,app not working,1
6735-QICEO,2025-07-11,Yes,91,No comment,1
7983-JQTAH,2025-07-11,Yes,98,No comment,1
4569-SFNFQ,2025-07-11,No,52,demaned refund,1
5862-KXIWN,2025-07-11,Yes,92,No comment,1
4354-RULPI,2025-07-11,Yes,86,requested callback,1
5226-SDQRF,2025-07-11,No,90,requested callback,1
1734-ZPDMQ,2025-07-11,Yes,55,happy with service,1
2680-PGYGJ,2025-07-11,Yes,82,No comment,1
5261-VRXRO,2025-07-12,Yes,41,No comment,1
9839-VTDHP,2025-07-12,No,41,billing complaint,1
7847-OGFYF,2025-07-12,Yes,76,received refund,1
0914-FBLPS,2025-07-12,Yes,39,billing complaint,2
8113-EZDCQ,2025-07-12,Unknown,49,paymnt failed,3
7861-YMQUX,2025-07-12,Yes,36,happy with service,1
2568-LPGSR,2025-07-12,Yes,72,requested callback,2
4562-WBQOR,2025-07-12,No,76,app not working,1
5609-LLWBI,2025-07-12,No,45,demaned refund,2
4112-JUPFW,2025-07-12,No,64,No comment,2
3205-ONHNI,2025-07-12,Yes,97,No comment,1
6327-DAPBU,2025-07-13,No,22,app not working,1
1625-ZVSNO,2025-07-13,No,64,paymnt failed,1
7162-TSBIC,2025-07-13,No,74,demaned refund,1
4963-PQVID,2025-07-13,No,15,No comment,1
8462-FHNVI,2025-07-13,No,21,paymnt failed,1
8850-AXOVT,2025-07-13,Yes,56,guidance to renew,2
6160-SRSPN,2025-07-13,No,90,demaned refund,2
3032-WAEUE,2025-07-13,Yes,73,demaned refund,1
9125-PIDLH,2025-07-13,Yes,54,app not working,1
1241-GDWSK,2025-07-13,Unknown,68,No comment,1
1020-CDANT,2025-07-14,Yes,68,service issue,1
5720-YOYKX,2025-07-14,Yes,95,app not working,1
3432-WOCIY,2025-07-14,Yes,48,No comment,1
8915-PJVOK,2025-07-14,Yes,10,No comment,1
6420-GBWWY,2025-07-14,Yes,26,No comment,1
5718-YSIEP,2025-07-14,Yes,44,No comment,2
0424-JUTDJ,2025-07-14,No,52,No comment,1
9133-NKXFO,2025-07-14,No,61,No comment,1
1421-ZZRSV,2025-07-14,No,89,No comment,1
7528-AKHXC,2025-07-14,Yes,87,happy with service,1
5115-XHSMO,2025-07-14,No,70,paymnt failed,1
5503-QYLUI,2025-07-14,No,70,paymnt failed,1
4428-DAJQJ,2025-07-14,Yes,12,app not working,1
0457-PSPOE,2025-07-14,Yes,54,received refund,1
7700-CDKFQ,2025-07-14,No,69,app not working,2
7176-FCWYR,2025-07-14,Unknown,44,requested callback,1
4246-SKEJO,2025-07-14,No,71,guidance to renew,1
7382-WRYWR,2025-07-15,Unknown,53,No comment,2
2489-VDPBB,2025-07-15,Unknown,36,app not working,1
8027-UGPFD,2025-07-15,No,72,No comment,2
0481-IIQSQ,2025-07-15,No,79,No comment,1
3570-XIFAN,2025-07-15,Yes,85,No comment,1
5512-ASIDA,2025-07-15,No,51,received refund,1
2335-QMAFS,2025-07-15,Yes,13,No comment,2
7346-UMWCC,2025-07-15,Yes,27,happy with service,1
7953-ILJEY,2025-07-15,No,78,guidance to renew,2
8859-DJZMF,2025-07-15,No,48,demaned refund,1
7550-OMDXA,2025-07-16,Yes,69,billing complaint,1
5518-FPKWD,2025-07-16,No,84,paymnt failed,1
7951-KYCPL,2025-07-16,Yes,85,received refund,1
8332-RYLGP,2025-07-16,No,51,No comment,1
8548-QAYRB,2025-07-16,Unknown,56,happy with service,1
2381-VZYFI,2025-07-16,Yes,32,service issue,1
5086-VDVSQ,2025-07-16,No,33,requested callback,2
3127-JCLQR,2025-07-16,Unknown,43,demaned refund,1
0537-EREZP,2025-07-16,Yes,49,happy with service,2
3953-SWXZG,2025-07-16,Unknown,13,received refund,1
0598-XWPMS,2025-07-16,No,95,app not working,1
9109-SUYRK,2025-07-16,Yes,99,No comment,2
8233-VNWNM,2025-07-16,Yes,29,billing complaint,1
4962-RMOMW,2025-07-17,Unknown,23,No comment,1
0386-IEAZI,2025-07-17,Yes,43,service issue,1
5237-WIWRA,2025-07-17,No,4,service issue,2
5445-FZTOD,2025-07-17,Yes,55,requested callback,2
5748-BEABD,2025-07-17,No,53,app not working,2
2450-SAWDZ,2025-07-17,No,49,happy with service,2
3916-KBNYT,2025-07-17,Yes,59,happy with service,1
5598-CZRXR,2025-07-17,No,92,billing complaint,1
1776-RAZJT,2025-07-17,No,73,No comment,2
1364-DQTAO,2025-07-17,Yes,96,No comment,1
6046-LFHSK,2025-07-17,No,44,No comment,1
4697-PVVMO,2025-07-17,No,94,happy with service,1
7379-OYNHL,2025-07-17,No,17,billing complaint,1
3436-FCQQO,2025-07-18,Yes,91,demaned refund,1
6360-XQTEW,2025-07-18,No,86,happy with service,1
5304-WMGNV,2025-07-18,No,45,No comment,1
5420-DDNQM,2025-07-18,Unknown,49,requested callback,1
4391-EIOUM,2025-07-18,Yes,16,happy with service,1
7414-NVMVJ,2025-07-18,No,9,billing complaint,1
9225-JZMZE,2025-07-18,Yes,49,No comment,2
1538-VOPDA,2025-07-18,Yes,33,happy with service,2
7511-UQLWX,2025-07-18,Yes,42,No comment,1
5756-YKRAT,2025-07-18,Yes,82,guidance to renew,1
0670-YOKWW,2025-07-18,Yes,53,No comment,1
9728-LMNUQ,2025-07-18,Yes,48,guidance to renew,1
8517-NHOHK,2025-07-18,Yes,3,No comment,2
2721-XVPQM,2025-07-18,No,89,requested callback,2
6130-VZPRG,2025-07-18,Unknown,14,happy with service,1
6072-NUQSF,2025-07-18,No,65,No comment,2
9771-IYPQT,2025-07-18,Yes,97,paymnt failed,2
0457-YIVIN,2025-07-19,Yes,18,requested callback,1
9831-INIQC,2025-07-19,No,28,guidance to renew,1
5048-HGQHC,2025-07-19,Unknown,70,received refund,1
1184-XHWUO,2025-07-19,No,2,app not working,2
9532-MZUFV,2025-07-19,No,13,demaned refund,1
2283-ZPENG,2025-07-19,No,43,app not working,1
7448-WOCPV,2025-07-19,Yes,19,No comment,1
9159-GPTJB,2025-07-19,Yes,85,requested callback,1
0536-QHXQK,2025-07-19,Yes,67,No comment,1
7371-OCRWB,2025-07-19,Yes,16,service issue,1
7482-MAIBU,2025-07-19,No,65,No comment,1
6359-VMMET,2025-07-19,Yes,61,guidance to renew,2
5455-NKDXK,2025-07-19,No,51,No comment,1
0933-IMKLJ,2025-07-19,Unknown,66,demaned refund,1
8582-KWTSQ,2025-07-19,Yes,59,received refund,2
3398-PQFMJ,2025-07-19,No,32,paymnt failed,1
6306-USQLZ,2025-07-19,No,10,No comment,1
0652-WMCGN,2025-07-19,Yes,82,app not working,1
3633-SARKO,2025-07-19,No,87,requested callback,1
0242-TRXZL,2025-07-20,Yes,75,demaned refund,1
2248-VREDF,2025-07-20,No,0,received refund,1
3608-ZAWWU,2025-07-20,Yes,68,paymnt failed,1
5307-ZUCFB,2025-07-20,No,86,app not working,1
4018-QOAHT,2025-07-20,No,13,guidance to renew,1
1544-CBVWF,2025-07-20,Yes,37,app not working,1
2494-CEUJO,2025-07-20,Yes,14,No comment,1
8346-WUYSK,2025-07-20,Yes,3,paymnt failed,1
1129-GXESV,2025-07-20,No,69,billing complaint,2
8681-XDUVC,2025-07-20,No,21,received refund,1
7207-UBURR,2025-07-20,No,8,No comment,1
2841-AGWBT,2025-07-20,No,29,No comment,1
2430-JDNCL,2025-07-20,No,7,received refund,1
0115-HOWGN,2025-07-20,Yes,38,billing complaint,1
4868-FNCJJ,2025-07-20,No,53,demaned refund,2
1123-XRPCS,2025-07-20,Unknown,98,app not working,1
1930-ORVCN,2025-07-20,Yes,37,guidance to renew,2
8769-BSXQX,2025-07-20,No,47,No comment,1
8468-SDVYL,2025-07-21,Yes,38,received refund,1
4315-UMJGX,2025-07-21,Yes,30,received refund,1
6104-AXUOS,2025-07-21,Yes,46,received refund,1
1665-MHPQP,2025-07-21,Unknown,36,paymnt failed,1
3361-SOPNA,2025-07-21,No,27,guidance to renew,1
1808-RGEOT,2025-07-21,No,61,No comment,2
7397-ETZLR,2025-07-21,Yes,75,demaned refund,1
1807-BJOQR,2025-07-21,No,69,service issue,1
6964-TJHPT,2025-07-21,Yes,85,requested callback,2
5922-NVETI,2025-07-21,Yes,16,requested callback,1
6102-OAVUA,2025-07-21,Yes,23,No comment,2
1353-KWZYK,2025-07-21,No,68,No comment,1
0355-NTDEY,2025-07-21,No,62,app not working,1
8276-PXDAY,2025-07-21,No,42,No comment,1
9254-GJQQF,2025-07-21,Unknown,18,No comment,1
1748-JASLM,2025-07-21,Yes,3,paymnt failed,1
5544-KWBOK,2025-07-21,No,30,demaned refund,1
3765-CMAAC,2025-07-21,No,16,received refund,1
0554-PNJMC,2025-07-22,Unknown,57,demaned refund,2
8971-NFHYK,2025-07-22,No,63,guidance to renew,2
3905-ZPJFI,2025-07-22,No,37,No comment,1
4650-EHWJS,2025-07-22,Yes,40,paymnt failed,1
0180-XHBFI,2025-07-22,Unknown,68,billing complaint,1
6607-VTFCF,2025-07-22,Yes,7,received refund,2
4082-FRNRJ,2025-07-22,Yes,54,No comment,2
9810-IMIDN,2025-07-22,Yes,12,demaned refund,2
5493-TGQNI,2025-07-22,Yes,64,received refund,1
0922-SQQXG,2025-07-22,Yes,15,No comment,1
8666-DWPIO,2025-07-23,No,57,app not working,1
3618-NIJPD,2025-07-23,No,74,requested callback,1
2753-NNRZG,2025-07-23,No,79,billing complaint,1
2926-IGNUC,2025-07-23,No,31,service issue,1
8872-TIWQE,2025-07-23,No,89,No comment,1
9061-HUVHT,2025-07-23,Yes,52,received refund,1
1174-ABPVZ,2025-07-23,No,81,service issue,1
1204-LPQJF,2025-07-23,Yes,55,received refund,1
4916-SGTKW,2025-07-23,Yes,84,demaned refund,1
6187-KPFWH,2025-07-23,No,80,paymnt failed,1
1088-PPGDN,2025-07-23,No,79,received refund,1
4177-PPUNK,2025-07-23,No,37,No comment,1
1964-UZVGW,2025-07-23,No,37,service issue,1
8385-UZCWI,2025-07-23,No,94,No comment,1
8267-OEMGL,2025-07-23,Yes,60,service issue,2
1599-DBOTZ,2025-07-23,Yes,43,service issue,2
4803-WDCSY,2025-07-24,Yes,49,No comment,1
9807-JBJAS,2025-07-24,Unknown,64,service issue,1
6575-COQGJ,2025-07-24,Yes,12,demaned refund,1
5964-WBCRM,2025-07-24,Yes,90,demaned refund,1
0579-EKTFV,2025-07-24,No,49,service issue,1
8616-XUXMW,2025-07-24,No,9,No comment,1
8088-RYDAA,2025-07-24,Yes,38,requested callback,1
5420-IPZYP,2025-07-24,No,80,guidance to renew,2
0684-QAPDO,2025-07-24,No,15,received refund,2
5496-PMKPR,2025-07-24,No,96,No comment,2
1024-ZOIDH,2025-07-24,Yes,37,demaned refund,2
5674-KPPLD,2025-07-24,Yes,60,received refund,1
7306-XSMOJ,2025-07-24,Yes,50,guidance to renew,1
3426-GGDON,2025-07-24,No,49,No comment,1
7132-HCRAZ,2025-07-24,Yes,47,service issue,1
5168-GATEZ,2025-07-25,Yes,87,service issue,2
6687-CXPGI,2025-07-25,Unknown,80,app not working,1
1527-XWTIR,2025-07-25,Yes,39,received refund,1
8952-MGKSN,2025-07-25,No,32,No comment,1
7341-YWLQI,2025-07-25,No,21,service issue,1
1162-LACEH,2025-07-25,No,83,received refund,1
3616-PDZDR,2025-07-25,Yes,35,received refund,1
6900-HOXVL,2025-07-25,No,28,billing complaint,1
1944-HHRVB,2025-07-25,No,84,No comment,1
8506-BVZVP,2025-07-25,No,68,received refund,1
8776-BRMNE,2025-07-25,Yes,47,service issue,1
3990-JZMCS,2025-07-25,No,35,No comment,1
5896-FRMJT,2025-07-25,No,42,demaned refund,1
8092-WECKP,2025-07-25,Yes,72,paymnt failed,2
1743-ELAFF,2025-07-25,No,24,service issue,2
6393-LDZWL,2025-07-25,No,49,happy with service,1
4706-LMCSY,2025-07-25,No,45,requested callback,2
0168-TERJW,2025-07-25,No,99,requested callback,2
5642-HGHHF,2025-07-25,Yes,44,happy with service,1
1070-YSEQK,2025-07-26,No,25,No comment,1
1774-FDCWI,2025-07-26,Yes,6,No comment,1
2905-OENXZ,2025-07-26,Yes,59,No comment,1
4353-FIJSB,2025-07-26,No,27,demaned refund,2
3408-ODELJ,2025-07-26,Unknown,63,app not working,2
9375-WWUYX,2025-07-26,Yes,94,happy with service,1
8728-OIWRR,2025-07-26,Yes,51,guidance to renew,1
3399-NBHJC,2025-07-26,Yes,49,service issue,1
3652-SOXVN,2025-07-26,Yes,75,No comment,1
3299-OJEBN,2025-07-26,Yes,8,happy with service,1
0360-BJZVM,2025-07-26,Yes,80,No comment,2
5662-WYWWG,2025-07-26,No,62,No comment,1
0354-OFZGS,2025-07-26,No,27,requested callback,1
7845-YVNPN,2025-07-26,Yes,41,guidance to renew,1
5149-RDGYY,2025-07-26,No,61,requested callback,1
4637-ZJPWC,2025-07-26,Yes,44,No comment,1
9380-JXQQY,2025-07-26,Yes,47,app not working,2
0124-OQGBG,2025-07-26,No,54,happy with service,1
3760-IHWAM,2025-07-26,Unknown,52,requested callback,2
8955-WOYOV,2025-07-27,Yes,81,happy with service,1
4497-CDLLA,2025-07-27,Unknown,7,service issue,1
7129-LJMOR,2025-07-27,Yes,41,No comment,1
2077-TKXLG,2025-07-27,Yes,45,service issue,1
6224-AIXXP,2025-07-27,No,19,received refund,1
1149-WMVLV,2025-07-27,Yes,59,billing complaint,1
4072-FGCSR,2025-07-27,Yes,92,No comment,1
0676-TZIBH,2025-07-27,No,40,paymnt failed,1
4563-YJQPM,2025-07-27,Yes,87,guidance to renew,1
4793-QQCQO,2025-07-27,Yes,25,No comment,1
2579-UHQKJ,2025-07-27,No,46,guidance to renew,1
7203-IZJVV,2025-07-27,No,0,requested callback,2
8414-BAUMP,2025-07-27,No,79,No comment,1
0599-BYMMD,2025-07-27,Unknown,67,app not working,1
2802-ONUKH,2025-07-27,No,58,paymnt failed,2
5035-ZEUZO,2025-08-01,Yes,34,requested callback,1
0842-GWKJL,2025-08-01,Yes,93,No comment,1
2773-NNLJH,2025-08-01,No,28,received refund,1
8694-XWMJY,2025-08-01,No,74,service issue,1
1037-HGENB,2025-08-01,No,44,app not working,1
0615-POPZH,2025-08-01,Yes,10,No comment,1
3581-RRSWW,2025-08-01,Yes,74,app not working,1
1642-NMMMB,2025-08-01,Yes,59,No comment,1
6372-DASQC,2025-08-01,No,81,No comment,2
4942-EGIRY,2025-08-01,Yes,29,paymnt failed,1
7641-ATAXO,2025-08-01,No,17,billing complaint,1
9687-PNMGK,2025-08-01,Unknown,87,No comment,1
5518-BIMJB,2025-08-02,No,43,guidance to renew,1
7757-NDKWW,2025-08-02,Unknown,38,paymnt failed,1
4386-CFMBM,2025-08-02,No,49,No comment,1
3930-UPNND,2025-08-02,Unknown,10,service issue,2
2118-SRRBD,2025-08-02,Yes,62,happy with service,1
3407-SYZKV,2025-08-02,Yes,32,No comment,1
7067-STDBX,2025-08-02,No,51,happy with service,2
0293-DYNVB,2025-08-02,Yes,83,received refund,1
9164-QAMDR,2025-08-02,Yes,91,No comment,1
0857-LSSTK,2025-08-02,No,15,app not working,1
8879-JECVJ,2025-08-02,Yes,80,app not working,1
2749-NNOXY,2025-08-02,Yes,1,requested callback,3
8583-MRAYF,2025-08-02,Unknown,29,requested callback,1
2446-TLQBY,2025-08-03,No,65,demaned refund,1
7145-EMAIW,2025-08-03,Yes,91,received refund,1
5493-XQCSI,2025-08-03,Yes,1,happy with service,1
0361-ENXFO,2025-08-03,Yes,32,requested callback,1
3275-FODMZ,2025-08-03,No,49,No comment,1
7667-CDKIW,2025-08-03,Yes,14,received refund,1
7683-QTEVF,2025-08-03,No,29,demaned refund,1
2517-DYHKT,2025-08-03,No,22,No comment,2
5021-GMUHA,2025-08-03,No,29,service issue,1
5996-BFJQO,2025-08-03,Yes,95,happy with service,2
1394-XNWRV,2025-08-03,Yes,9,demaned refund,2
5453-SAQBM,2025-08-03,No,94,service issue,1
0716-YRHEM,2025-08-03,No,29,paymnt failed,1
3911-LFSPT,2025-08-03,No,88,service issue,2
7754-NFAOR,2025-08-03,Yes,32,happy with service,1
3174-CDWJA,2025-08-03,No,41,requested callback,2
1297-MGCUR,2025-08-04,No,51,happy with service,1
2667-FEWGR,2025-08-04,Yes,1,paymnt failed,1
1174-RXODP,2025-08-04,No,24,requested callback,1
1399-IHAZX,2025-08-04,No,87,service issue,1
5548-LSPQU,2025-08-04,Yes,25,paymnt failed,2
7171-VBSKP,2025-08-04,Yes,3,paymnt failed,1
7317-LALPW,2025-08-04,Yes,70,No comment,1
5457-OESNV,2025-08-04,No,80,happy with service,1
3149-UOIHV,2025-08-04,No,99,app not working,1
9568-KHCKS,2025-08-04,Yes,98,app not working,2
0442-WPMMW,2025-08-04,No,10,No comment,1
3359-EFASP,2025-08-04,No,34,happy with service,2
4508-KJYYS,2025-08-04,Unknown,22,paymnt failed,1
6888-NEHXQ,2025-08-04,No,2,app not working,2
6019-KGVZV,2025-08-04,Yes,31,paymnt failed,2
9617-RWCFV,2025-08-04,Yes,54,demaned refund,1
3856-WIEMD,2025-08-04,No,11,demaned refund,2
3855-PDQES,2025-08-04,Yes,24,guidance to renew,1
9167-DXWMM,2025-08-05,Yes,29,No comment,1
4229-NIOZO,2025-08-05,Yes,45,No comment,1
1485-ODXGA,2025-08-05,No,96,demaned refund,1
8516-RQCWH,2025-08-05,No,19,app not working,1
6740-YBQUT,2025-08-05,Yes,98,demaned refund,1
3828-HZIMI,2025-08-05,No,35,requested callback,1
6895-AAFIK,2025-08-05,No,21,happy with service,2
0747-CRBNY,2025-08-05,Yes,43,requested callback,1
5794-DTWNW,2025-08-05,Yes,19,billing complaint,1
6097-DZDKF,2025-08-05,No,67,billing complaint,1
9636-PBFOX,2025-08-05,No,2,service issue,1
8440-ERGMI,2025-08-05,No,74,No comment,2
9453-NERPP,2025-08-05,No,66,guidance to renew,2
7669-WVQEJ,2025-08-05,Yes,21,billing complaint,1
2838-GOJID,2025-08-05,Unknown,84,guidance to renew,2
4131-KBSKO,2025-08-05,Unknown,10,service issue,1
8401-XYWSU,2025-08-05,Yes,63,No comment,1
0768-GCRHE,2025-08-05,Unknown,54,No comment,2
6057-UBRHN,2025-08-05,No,3,requested callback,1
3673-SWCJR,2025-08-06,No,33,happy with service,1
1983-BQDGK,2025-08-06,Yes,31,service issue,1
9102-WMZDU,2025-08-06,Yes,20,paymnt failed,1
2339-EBVLK,2025-08-06,Yes,99,guidance to renew,2
5547-ZKFTC,2025-08-06,No,15,requested callback,1
7088-MQDGM,2025-08-06,Yes,9,happy with service,1
4993-IDLEV,2025-08-06,Yes,80,No comment,1
0776-OKIUH,2025-08-06,Yes,44,No comment,1
5818-DSDQR,2025-08-06,No,94,billing complaint,2
0578-PCVTG,2025-08-07,Yes,50,No comment,2
3980-FINEF,2025-08-07,No,79,app not working,1
4486-RHQBA,2025-08-07,Yes,47,received refund,1
3161-TKZDP,2025-08-07,No,41,No comment,1
0703-LAGMH,2025-08-07,Yes,15,guidance to renew,1
3351-VNGZP,2025-08-07,Yes,47,received refund,2
1891-MPCLF,2025-08-07,Yes,58,guidance to renew,1
2075-TTSWR,2025-08-07,No,20,app not working,2
8293-VBXGB,2025-08-07,Yes,92,No comment,1
5473-WZERD,2025-08-07,No,17,billing complaint,2
0395-TUCSF,2025-08-07,Yes,94,happy with service,1
5160-IVIDA,2025-08-08,No,48,requested callback,1
6871-PCYSP,2025-08-08,Yes,43,happy with service,1
7780-CGYBH,2025-08-08,No,38,requested callback,1
0112-DEZIR,2025-08-08,No,24,happy with service,1
6728-GCNZB,2025-08-08,Yes,37,No comment,1
8395-WZFDF,2025-08-08,No,14,app not working,2
9857-TAKQI,2025-08-08,Yes,26,No comment,1
9604-QTJDA,2025-08-08,No,35,No comment,1
2716-OCJOK,2025-08-08,Yes,29,No comment,1
7499-OAHTZ,2025-08-08,Unknown,86,guidance to renew,1
0225-UKIXZ,2025-08-08,No,46,billing complaint,1
7520-JBAMR,2025-08-08,No,33,No comment,1
9727-OKDDQ,2025-08-08,No,69,No comment,1
7589-EXLDY,2025-08-08,Yes,37,happy with service,1
9831-JYZYJ,2025-08-08,Yes,12,guidance to renew,1
8480-JIJQT,2025-08-08,Yes,98,paymnt failed,1
3016-MJCTX,2025-08-09,Yes,62,paymnt failed,1
9696-ZMQCC,2025-08-09,Unknown,53,happy with service,1
8613-YPCOX,2025-08-09,No,47,requested callback,1
6393-GBJLF,2025-08-09,No,88,No comment,1
5344-WDBNI,2025-08-09,Unknown,68,requested callback,1
5589-GIGYV,2025-08-09,Yes,64,paymnt failed,1
1227-FHOHR,2025-08-09,No,28,demaned refund,1
9493-RMIKL,2025-08-09,Unknown,52,demaned refund,1
3289-FTXAG,2025-08-09,Yes,76,requested callback,2
1851-OUDWX,2025-08-09,Yes,59,received refund,1
9477-SSVZB,2025-08-09,No,11,No comment,2
6118-OXHWN,2025-08-09,Unknown,77,happy with service,1
7492-UJXHZ,2025-08-09,No,30,app not working,1
4584-QEUCT,2025-08-09,No,24,No comment,1
3384-WMPVJ,2025-08-09,Yes,97,happy with service,1
3365-IZXIE,2025-08-09,No,14,received refund,2
3883-YBMDT,2025-08-09,No,30,guidance to renew,1
8262-PIEXS,2025-08-09,No,50,No comment,1
2053-HGYAC,2025-08-09,No,39,No comment,2
1231-PGTHM,2025-08-09,Yes,78,paymnt failed,1
5400-QKKKM,2025-08-09,No,65,requested callback,1
4026-RPFJO,2025-08-09,Unknown,21,No comment,1
5911-JBXKZ,2025-08-10,Yes,68,No comment,1
8620-BGVQN,2025-08-10,Yes,64,received refund,1
5942-VPBUV,2025-08-10,Yes,41,No comment,1
2944-MSBGD,2025-08-10,Yes,17,happy with service,2
3202-AXLNC,2025-08-10,No,6,billing complaint,2
7014-MMVEH,2025-08-10,Yes,45,received refund,1
8224-KTOHJ,2025-08-10,No,35,happy with service,2
9683-GCNGT,2025-08-10,Unknown,11,paymnt failed,1
2429-CIYYY,2025-08-10,No,8,No comment,1
8742-SSHYQ,2025-08-10,No,18,requested callback,1
1461-SBQDV,2025-08-10,No,51,No comment,1
8747-QCERA,2025-08-10,No,35,No comment,1
6527-IBHAQ,2025-08-10,No,16,app not working,1
0707-TLUMV,2025-08-10,Yes,38,happy with service,2
8553-ETMFG,2025-08-10,No,33,guidance to renew,1
3906-BLMZY,2025-08-10,Unknown,40,No comment,1
2675-UPXWT,2025-08-11,No,24,No comment,1
7246-YDXLL,2025-08-11,Yes,71,paymnt failed,1
5340-JLRWV,2025-08-11,Yes,39,requested callback,1
5865-FOYPN,2025-08-11,No,93,paymnt failed,2
2315-KMEMK,2025-08-11,No,33,billing complaint,2
7682-LZRDT,2025-08-11,Yes,23,happy with service,2
4511-WGOPZ,2025-08-11,No,54,No comment,1
6619-ORIJN,2025-08-11,No,69,paymnt failed,1
7927-BXKFM,2025-08-11,Yes,60,demaned refund,1
5296-UPRUK,2025-08-11,No,49,requested callback,1
2827-OLEVP,2025-08-11,Yes,59,service issue,1
5316-XBXGS,2025-08-11,No,57,app not working,2
2280-SJEVT,2025-08-11,Unknown,1,requested callback,2
9515-ZLWUS,2025-08-11,Yes,26,billing complaint,1
3669-XRNFB,2025-08-12,Yes,67,guidance to renew,1
5982-PDORJ,2025-08-12,Yes,61,app not working,1
4624-ZSBIW,2025-08-12,Yes,44,app not working,1
8390-TGAKK,2025-08-12,No,92,demaned refund,1
0229-VOBVW,2025-08-12,No,44,No comment,1
4198-WNPXH,2025-08-12,Yes,74,app not working,2
6705-XLVQU,2025-08-12,No,87,requested callback,1
8545-DFWSF,2025-08-12,Yes,57,happy with service,1
7060-TLVDV,2025-08-12,No,11,requested callback,1
0897-VCWUQ,2025-08-12,No,85,No comment,1
2741-LEDSJ,2025-08-12,Yes,52,app not working,1
3953-FUNYN,2025-08-12,No,72,billing complaint,1
6987-WFHUQ,2025-08-12,Yes,13,No comment,2
1765-CYYPW,2025-08-12,No,4,requested callback,1
9331-XCAZT,2025-08-12,No,54,No comment,1
6026-XVLBB,2025-08-13,Yes,14,happy with service,1
0293-PXZQX,2025-08-13,Yes,37,guidance to renew,2
1014-MILCV,2025-08-13,No,85,paymnt failed,1
6137-TVKKK,2025-08-13,Yes,47,No comment,1
4402-ORLAE,2025-08-13,Yes,90,happy with service,2
1438-PZDKU,2025-08-13,Yes,49,app not working,1
0723-AXKTT,2025-08-13,Yes,48,service issue,1
5062-LAOWI,2025-08-13,No,99,paymnt failed,1
5629-REHER,2025-08-13,No,5,guidance to renew,2
0391-HEPZQ,2025-08-13,Unknown,2,guidance to renew,1
7760-JTIAC,2025-08-13,No,65,requested callback,1
8734-IWLFY,2025-08-13,Unknown,76,service issue,2
1449-XKBII,2025-08-13,Yes,50,received refund,1
9301-MQGPJ,2025-08-13,Unknown,87,guidance to renew,2
7923-LPXVV,2025-08-14,No,59,No comment,1
0739-QCFUD,2025-08-14,Yes,40,service issue,1
7488-RPQUM,2025-08-14,No,59,No comment,1
9548-VNKHA,2025-08-14,Yes,12,guidance to renew,1
9363-WDONN,2025-08-14,Yes,88,happy with service,1
9911-BTDXZ,2025-08-14,No,73,guidance to renew,1
5191-DAXBQ,2025-08-14,No,79,service issue,2
3332-DKWMD,2025-08-14,Unknown,43,requested callback,1
1551-BLPZQ,2025-08-14,No,99,requested callback,1
5280-VLREO,2025-08-14,No,65,received refund,1
0344-DRABH,2025-08-14,Yes,53,No comment,1
8167-EOAMI,2025-08-14,No,88,No comment,1
4117-ZBVVO,2025-08-15,No,46,No comment,1
5913-SYOGR,2025-08-15,Yes,36,happy with service,1
6434-SONTZ,2025-08-15,Yes,16,No comment,1
4475-WSYOH,2025-08-15,No,63,demaned refund,1
8845-KDQHS,2025-08-15,Yes,99,paymnt failed,2
3272-XKXKY,2025-08-15,Yes,71,app not working,1
0614-IOGHA,2025-08-15,Yes,3,happy with service,1
1126-ACUEO,2025-08-15,Unknown,49,paymnt failed,1
5850-KENSF,2025-08-15,No,10,happy with service,1
1665-PIZZO,2025-08-15,No,33,No comment,1
9461-JJWEK,2025-08-16,No,89,requested callback,1
9628-FJASI,2025-08-16,No,62,No comment,1
0690-TYJTK,2025-08-16,No,12,happy with service,1
9587-ZQWDB,2025-08-16,Unknown,69,guidance to renew,1
3427-WSNDH,2025-08-16,Yes,3,billing complaint,1
5277-BFYXV,2025-08-16,No,66,guidance to renew,1
1566-LHROL,2025-08-16,Yes,25,app not working,1
1984-WJIBZ,2025-08-16,Yes,22,guidance to renew,1
7768-HPCNB,2025-08-16,Yes,96,service issue,1
9339-EBPKR,2025-08-16,Yes,70,received refund,1
5641-CCWZD,2025-08-16,Unknown,21,guidance to renew,1
6979-SKWAD,2025-08-16,No,46,app not working,1
4105-KATCE,2025-08-17,No,91,demaned refund,1
2893-UHBIW,2025-08-17,Yes,12,No comment,1
7903-EKYGZ,2025-08-17,Yes,16,No comment,1
6174-DEJEP,2025-08-17,No,21,No comment,1
5272-IALWL,2025-08-17,Yes,18,No comment,1
7992-MFZXJ,2025-08-17,Yes,58,received refund,1
0954-JZFGZ,2025-08-17,Yes,60,No comment,1
4876-NMQKZ,2025-08-17,No,80,app not working,1
0625-ADSLW,2025-08-17,Unknown,62,No comment,2
7114-HYQPI,2025-08-17,No,58,billing complaint,1
4931-KZDAK,2025-08-18,No,49,guidance to renew,1
1118-LHEHH,2025-08-18,Yes,97,No comment,1
9038-KDLUK,2025-08-18,Yes,98,demaned refund,2
2512-KDXNV,2025-08-18,No,63,requested callback,1
1887-NIWMC,2025-08-18,Yes,79,No comment,1
2483-JGXUU,2025-08-18,Yes,80,happy with service,1
9212-POBQM,2025-08-18,No,17,No comment,1
3381-CPOYG,2025-08-18,Yes,66,No comment,1
7618-VUCHP,2025-08-18,No,25,service issue,1
3995-RERIE,2025-08-18,No,34,No comment,1
3310-ZBTFB,2025-08-18,Yes,94,requested callback,2
3304-YFXAE,2025-08-18,No,10,demaned refund,2
4037-XTTGG,2025-08-18,No,80,No comment,2
9318-XIASN,2025-08-18,No,65,billing complaint,1
0798-SCGEH,2025-08-18,Yes,72,requested callback,1
3047-XSAAT,2025-08-18,No,79,demaned refund,1
4645-OWDSC,2025-08-18,Yes,46,requested callback,1
9960-QFDBZ,2025-08-18,No,84,No comment,1
0091-AFNXA,2025-08-19,No,85,service issue,1
4066-QTHBN,2025-08-19,No,94,paymnt failed,1
1768-BHLOR,2025-08-19,Yes,79,paymnt failed,1
1156-SMAKU,2025-08-19,Unknown,69,demaned refund,1
0517-GLRJG,2025-08-19,No,7,demaned refund,1
5022-ZNEFV,2025-08-19,Yes,81,received refund,1
1472-WURMB,2025-08-19,No,64,No comment,1
1847-JJRSI,2025-08-19,No,80,requested callback,1
4885-BHGUL,2025-08-19,No,80,guidance to renew,1
0570-AUXDU,2025-08-19,Yes,48,No comment,1
4965-DDMOA,2025-08-19,No,44,guidance to renew,1
6560-GMTSQ,2025-08-19,Yes,59,No comment,1
8345-VBVIU,2025-08-19,Yes,31,No comment,1
6178-PAEXL,2025-08-19,No,31,service issue,1
9321-DIQYY,2025-08-19,Yes,73,guidance to renew,1
5631-DNSRS,2025-08-19,No,41,requested callback,1
6404-TZXQH,2025-08-20,No,96,No comment,1
1117-IJLYW,2025-08-20,No,59,No comment,2
5708-GMZVA,2025-08-20,Yes,53,paymnt failed,2
7470-AXKBT,2025-08-20,No,63,No comment,2
3119-EYNWL,2025-08-20,No,2,guidance to renew,1
6594-FYZVE,2025-08-20,Unknown,8,paymnt failed,2
0736-UMLBG,2025-08-20,Yes,44,guidance to renew,1
3201-YDXOW,2025-08-20,Unknown,8,guidance to renew,1
9382-ZHUIT,2025-08-20,Unknown,43,paymnt failed,1
1650-OKIEV,2025-08-20,Yes,78,service issue,1
0765-QYZMQ,2025-08-20,Yes,13,app not working,2
4737-TZYLU,2025-08-20,Yes,31,happy with service,1
5616-ZGIGV,2025-08-20,Yes,11,paymnt failed,1
6038-BJSAH,2025-08-20,No,16,requested callback,1
4406-RSWVF,2025-08-20,Yes,70,billing complaint,1
3988-NTHOD,2025-08-20,Yes,90,paymnt failed,2
7507-MIPKJ,2025-08-21,Yes,82,demaned refund,1
7608-JKAQT,2025-08-21,No,37,No comment,1
2899-FURCW,2025-08-21,Yes,99,No comment,1
7531-GCLEA,2025-08-21,No,62,demaned refund,1
3133-WWXAF,2025-08-21,Yes,33,happy with service,1
0646-QRUZX,2025-08-21,Yes,69,paymnt failed,1
0207-DDWIV,2025-08-21,No,1,service issue,2
5251-IEHGP,2025-08-21,Yes,56,No comment,1
9654-VBTAE,2025-08-21,No,2,received refund,1
7743-SYHCS,2025-08-21,Yes,64,billing complaint,1
3834-RZSWW,2025-08-21,Yes,13,happy with service,1
6954-OEKNU,2025-08-21,Yes,41,demaned refund,1
6646-NIAOL,2025-08-21,No,30,requested callback,2
6443-IYRHO,2025-08-22,No,29,received refund,1
5219-IBACP,2025-08-22,No,39,demaned refund,1
8588-JHSPL,2025-08-22,No,48,demaned refund,1
2150-VYJNB,2025-08-22,Yes,36,received refund,1
8778-QFRIF,2025-08-22,Yes,4,demaned refund,1
8167-VWGMK,2025-08-22,Yes,7,paymnt failed,1
1643-IIENX,2025-08-22,Yes,9,received refund,1
1422-ZTRMV,2025-08-22,Yes,41,guidance to renew,1
5178-ZIBGX,2025-08-22,No,24,billing complaint,1
1423-ANWLN,2025-08-22,No,39,requested callback,1
9240-ESHRW,2025-08-22,Yes,88,guidance to renew,1
4757-KHXQI,2025-08-22,No,49,requested callback,2
6677-JGPNU,2025-08-22,Yes,25,No comment,2
9165-AYBCW,2025-08-22,Yes,73,guidance to renew,1
9892-IDWYU,2025-08-22,Unknown,72,paymnt failed,1
4202-FTFXZ,2025-08-22,No,96,guidance to renew,1
7688-JRMHW,2025-08-22,Yes,84,No comment,2
6034-LPSYM,2025-08-22,No,36,happy with service,2
1472-MYKCE,2025-08-23,Yes,57,service issue,1
1696-MWVVJ,2025-08-23,Yes,71,paymnt failed,1
4967-PNBRN,2025-08-23,No,54,app not working,1
6147-LBHAC,2025-08-23,Yes,61,requested callback,2
2975-RWGVZ,2025-08-23,No,71,requested callback,1
2369-TREHS,2025-08-23,No,53,requested callback,2
5842-FOGMI,2025-08-23,Yes,14,No comment,2
9045-FTMWT,2025-08-23,Yes,23,demaned refund,1
3049-QRBLL,2025-08-23,Yes,81,guidance to renew,2
5630-TSNGH,2025-08-23,Unknown,34,received refund,1
6969-MDUPS,2025-08-23,No,86,requested callback,2
9839-JTQUT,2025-08-24,Yes,1,No comment,1
5828-DITKG,2025-08-24,Unknown,11,billing complaint,1
1595-TXLLG,2025-08-24,Yes,79,requested callback,1
8844-CHVIU,2025-08-24,Yes,47,No comment,1
1170-UYGYF,2025-08-24,Yes,20,requested callback,1
1344-NVUNG,2025-08-24,Yes,88,No comment,1
3940-ICEAU,2025-08-24,Yes,30,billing complaint,1
9418-MIDZB,2025-08-24,No,91,received refund,1
3732-NKMOS,2025-08-24,Unknown,40,billing complaint,1
1440-IWBAX,2025-08-24,Yes,23,service issue,1
1928-TEDJM,2025-08-24,No,62,No comment,2
1704-TLYTM,2025-08-24,No,94,app not working,2
7536-AAHFX,2025-08-24,Yes,26,billing complaint,1
9141-WKEHS,2025-08-24,No,63,app not working,1
8374-ROHTL,2025-08-24,No,60,guidance to renew,2
6310-SNVKQ,2025-08-24,No,57,demaned refund,1
2546-VKKFZ,2025-08-24,No,68,paymnt failed,1
8669-ZFEEU,2025-08-25,No,94,billing complaint,1
4191-LTPGI,2025-08-25,No,34,No comment,1
4236-YBDPR,2025-08-25,Yes,97,service issue,1
0990-KGVXQ,2025-08-25,No,6,No comment,1
3575-UMDYC,2025-08-25,Yes,37,demaned refund,1
9700-PUXRA,2025-08-25,Yes,93,happy with service,1
3130-CCZUH,2025-08-25,Yes,97,guidance to renew,2
2299-GVWNS,2025-08-25,Yes,27,paymnt failed,1
1953-EWLUK,2025-08-25,Yes,0,happy with service,2
0623-LLCFN,2025-08-25,No,17,guidance to renew,1
5827-NTIAG,2025-08-25,Yes,31,app not working,2
4950-YTDTE,2025-08-26,No,8,billing complaint,1
3424-CEBUW,2025-08-26,No,66,guidance to renew,2
8239-IWUHZ,2025-08-26,No,41,No comment,1
8726-MHDHD,2025-08-26,No,37,app not working,1
6126-YOITB,2025-08-26,No,29,happy with service,2
8747-WHNRC,2025-08-26,Yes,94,guidance to renew,2
0055-GRUVI,2025-08-26,Yes,26,service issue,1
7115-XMHNZ,2025-08-26,No,62,service issue,1
9176-WUFWO,2025-08-26,No,88,service issue,1
3704-XJPQU,2025-08-26,Unknown,80,app not working,2
2417-JYUGV,2025-08-26,No,74,No comment,1
8748-FIMVK,2025-08-27,No,68,No comment,1
0758-PTRYM,2025-08-27,No,87,service issue,1
2161-LMKIF,2025-08-27,No,63,requested callback,1
2206-PQYUE,2025-08-27,No,63,No comment,1
9410-SGDLR,2025-08-27,No,17,happy with service,1
5452-LOLQN,2025-08-27,No,30,paymnt failed,1
6520-PLRQV,2025-08-27,Yes,90,received refund,1
9449-SCCNP,2025-08-27,No,23,No comment,1
3466-WUOZO,2025-08-27,Unknown,2,No comment,2
7095-QTNVO,2025-08-27,Yes,81,No comment,1
6867-UHRFN,2025-08-27,Yes,65,app not working,2
1125-BUHHE,2025-08-27,Yes,5,service issue,1
6778-QERCH,2025-08-27,Yes,62,requested callback,2
0326-TOUSC,2025-08-27,No,4,No comment,1
7770-QBWRW,2025-08-27,Yes,28,service issue,1
1109-CDQWA,2025-08-27,Yes,12,billing complaint,2
4414-NBASU,2025-08-27,Yes,18,No comment,1
3262-HUCLP,2025-08-27,No,7,demaned refund,1
7109-WCVCI,2025-08-27,No,6,received refund,1
9625-AVWYB,2025-08-27,No,0,received refund,2
5445-JQUCI,2025-09-01,Yes,63,paymnt failed,2
9767-NNTMP,2025-09-01,Yes,32,requested callback,1
2384-KNAHQ,2025-09-01,Yes,82,requested callback,1
8619-NNZKG,2025-09-01,No,24,requested callback,2
9532-YMIUC,2025-09-01,Yes,15,app not working,2
5222-UGZUE,2025-09-01,Yes,3,happy with service,1
3984-CNWZR,2025-09-01,Yes,51,No comment,2
8638-SYSXT,2025-09-01,No,80,No comment,2
9882-CUEGH,2025-09-01,Yes,86,No comment,1
4822-UYKYI,2025-09-01,No,74,demaned refund,1
3805-HCBVY,2025-09-02,No,87,received refund,1
5257-JVGBO,2025-09-02,Yes,43,No comment,1
1817-ILWVB,2025-09-02,Yes,13,happy with service,1
1927-XWRSW,2025-09-02,Yes,87,app not working,1
0896-YQSJV,2025-09-02,No,71,paymnt failed,1
2876-GMGUS,2025-09-02,Unknown,19,service issue,1
1026-HPHTC,2025-09-02,Yes,78,No comment,1
1564-PTHNB,2025-09-02,Yes,86,service issue,1
0919-IDYOM,2025-09-02,No,16,received refund,2
5264-XPHTU,2025-09-02,No,90,requested callback,1
4719-HVIVY,2025-09-02,No,43,received refund,1
7948-VUXLU,2025-09-02,Yes,59,No comment,1
2299-CHWAB,2025-09-02,Yes,71,requested callback,1
3100-WEGOH,2025-09-02,No,21,service issue,1
0382-ZPVDF,2025-09-02,No,49,billing complaint,1
6297-ZHWBW,2025-09-02,No,47,No comment,1
3675-ZNFXU,2025-09-02,Yes,52,No comment,1
2329-JFUUZ,2025-09-03,Yes,6,requested callback,1
5930-XWENT,2025-09-03,Yes,60,billing complaint,1
0941-CMWCQ,2025-09-03,No,50,received refund,1
3848-KYVNP,2025-09-03,Yes,89,requested callback,2
4197-XREPX,2025-09-03,Yes,2,received refund,1
8005-XJHHG,2025-09-03,Yes,23,happy with service,1
3438-DYWRQ,2025-09-03,No,4,service issue,1
4604-KYDFF,2025-09-03,Unknown,35,No comment,1
8230-CGJYZ,2025-09-03,No,70,No comment,1
7233-DAPUO,2025-09-03,Yes,1,guidance to renew,2
6000-OAGAU,2025-09-03,No,70,billing complaint,1
5054-XOYIF,2025-09-03,No,52,guidance to renew,1
7281-QNTMK,2025-09-03,Unknown,48,happy with service,1
7504-JAODR,2025-09-03,No,59,No comment,1
2917-ZHLQD,2025-09-03,Yes,35,billing complaint,2
7913-SKNYB,2025-09-03,Yes,76,app not working,1
2148-ZRCWX,2025-09-04,Yes,44,received refund,1
0954-KQEFA,2025-09-04,No,58,billing complaint,2
1790-EKLTO,2025-09-04,Yes,30,received refund,1
9914-HSEOC,2025-09-04,No,9,No comment,1
1077-QDWSU,2025-09-04,No,37,requested callback,1
6100-DDZMK,2025-09-04,Yes,42,No comment,1
2912-XYFGM,2025-09-04,No,15,happy with service,1
5627-SDOBR,2025-09-04,No,92,requested callback,1
2038-FUHFS,2025-09-04,No,41,app not working,1
8632-LSXAH,2025-09-04,Yes,35,guidance to renew,1
4479-NJNEN,2025-09-04,Yes,28,No comment,2
8874-NCERD,2025-09-04,Yes,12,service issue,2
1291-RMWWW,2025-09-04,Yes,76,received refund,1
5239-XPFDE,2025-09-04,Yes,53,No comment,2
3068-NHYWZ,2025-09-04,No,0,No comment,1
5550-ZLOCU,2025-09-04,No,1,demaned refund,1
3426-PRTHD,2025-09-04,Yes,12,app not working,1
4022-CNBGO,2025-09-04,Yes,62,demaned refund,2
2044-OXWMJ,2025-09-04,Unknown,60,billing complaint,1
2993-QTFJA,2025-09-05,Yes,75,No comment,1
6732-QZRIS,2025-09-05,Yes,35,paymnt failed,1
1112-PGZZX,2025-09-05,Yes,33,received refund,1
8252-KDWWM,2025-09-05,Yes,0,service issue,1
5700-RHBGZ,2025-09-05,No,6,requested callback,1
8916-JPVCE,2025-09-05,Unknown,85,service issue,1
0648-SRWTF,2025-09-05,Yes,23,guidance to renew,2
2753-HHIIA,2025-09-05,No,53,No comment,1
7918-NHYBN,2025-09-05,Yes,49,guidance to renew,1
7740-IAXHK,2025-09-05,Yes,71,billing complaint,1
6365-AEJWN,2025-09-05,No,39,No comment,2
6657-GXTEF,2025-09-06,Unknown,1,requested callback,1
3010-EBWJU,2025-09-06,No,83,requested callback,1
1406-VKKGX,2025-09-06,Yes,20,happy with service,1
2159-PQZKU,2025-09-06,Yes,71,No comment,1
3948-FNEML,2025-09-06,Unknown,42,billing complaint,2
5432-HNYCD,2025-09-06,Yes,97,paymnt failed,1
6944-FZKCC,2025-09-06,Unknown,39,No comment,1
7508-WSPNL,2025-09-06,No,44,received refund,2
3502-XAPBY,2025-09-06,Yes,4,demaned refund,1
2733-OTPOL,2025-09-06,Yes,35,happy with service,1
3604-KPPVW,2025-09-07,No,92,guidance to renew,1
3157-YLNNN,2025-09-07,No,72,No comment,1
4481-UTWLR,2025-09-07,Yes,72,billing complaint,2
8004-WAYHD,2025-09-07,Yes,1,No comment,1
3429-DOIQX,2025-09-07,Yes,19,demaned refund,1
4763-GKIAM,2025-09-07,Yes,81,received refund,1
0573-BOTAV,2025-09-07,Unknown,0,happy with service,1
3351-GAWAN,2025-09-07,No,28,No comment,1
1467-DRZWW,2025-09-07,Yes,7,happy with service,2
3159-LZVID,2025-09-07,Yes,58,billing complaint,1
9505-NLNFR,2025-09-07,No,58,requested callback,1
4638-XSBLC,2025-09-07,Yes,11,paymnt failed,1
9068-RPZPU,2025-09-07,Yes,0,No comment,2
2908-NXPEE,2025-09-07,Yes,48,No comment,1
0146-KJZFG,2025-09-07,No,26,service issue,2
8524-EJXQO,2025-09-07,Yes,21,requested callback,1
3515-RNCPQ,2025-09-07,Yes,36,service issue,1
5718-AJRYH,2025-09-08,No,99,No comment,1
3013-RZIUA,2025-09-08,Yes,79,happy with service,1
5749-JOJTP,2025-09-08,No,49,No comment,1
7412-GMNVJ,2025-09-08,No,55,demaned refund,3
7277-SRRMF,2025-09-08,No,38,No comment,1
1447-OYTLL,2025-09-08,Yes,19,No comment,2
3486-IPJLG,2025-09-08,No,71,received refund,1
9974-SGEJS,2025-09-08,No,45,No comment,1
2535-DVJZH,2025-09-08,No,35,happy with service,2
0862-WPXFD,2025-09-08,Yes,27,app not working,1
9096-QNBKG,2025-09-08,No,66,billing complaint,2
9648-NTPMS,2025-09-08,Yes,58,demaned refund,1
6743-IWNQE,2025-09-08,No,99,requested callback,2
4606-GMOOZ,2025-09-08,Yes,25,demaned refund,1
8975-BCMZK,2025-09-09,Unknown,93,demaned refund,1
9199-TACCT,2025-09-09,No,49,No comment,1
4940-GUXSF,2025-09-09,Yes,45,No comment,1
9512-MHBEZ,2025-09-09,Yes,77,demaned refund,1
0347-CODPV,2025-09-09,No,6,No comment,2
3606-FYWCP,2025-09-09,Yes,49,No comment,1
2277-OGKFE,2025-09-09,No,16,No comment,2
7022-ZMDPF,2025-09-09,Yes,67,No comment,2
1000-XXSBB,2025-09-09,Yes,93,billing complaint,1
4774-GSOKD,2025-09-09,No,75,guidance to renew,2
3178-WFQFA,2025-09-09,Unknown,17,requested callback,1
2638-BUTAC,2025-09-09,No,33,received refund,2
3116-EWDPJ,2025-09-09,Yes,41,billing complaint,1
6097-XBGNS,2025-09-10,No,96,No comment,1
9620-YQMVW,2025-09-10,No,36,No comment,1
5923-FKGCB,2025-09-10,Yes,27,received refund,1
5242-AXQHR,2025-09-10,No,6,happy with service,1
2945-TGFYQ,2025-09-11,No,0,service issue,1
6130-YECBO,2025-09-11,No,37,app not working,1
4805-KKLNI,2025-09-11,No,81,requested callback,1
6894-NHIPK,2025-09-11,No,0,app not working,1
7063-JUFWU,2025-09-11,No,22,No comment,1
2481-MTGBC,2025-09-11,No,19,No comment,1
7316-BEUEW,2025-09-11,No,83,service issue,1
4627-WFASJ,2025-09-11,Yes,33,No comment,1
2557-VHZZN,2025-09-11,No,62,requested callback,1
5783-VXIZL,2025-09-11,No,43,No comment,1
1495-RKPGI,2025-09-11,Unknown,20,paymnt failed,1
6772-MRFHQ,2025-09-11,No,34,No comment,1
3137-OIKDM,2025-09-11,Yes,22,paymnt failed,1
1298-HRFCC,2025-09-11,Yes,22,app not working,1
1156-GVCZW,2025-09-11,No,34,app not working,1
1447-SMLRT,2025-09-11,Unknown,49,app not working,1
4602-BDIIW,2025-09-11,Unknown,19,guidance to renew,1
9767-MRXFG,2025-09-11,Yes,17,No comment,2
6168-BJJXA,2025-09-11,Yes,80,No comment,1
2922-JKJTT,2025-09-12,Yes,31,received refund,1
0351-MGDVY,2025-09-12,No,90,paymnt failed,1
6149-WGOIP,2025-09-12,Yes,0,app not working,1
2749-YPWFK,2025-09-12,No,21,billing complaint,1
1508-NPYIM,2025-09-12,No,61,demaned refund,1
5402-PVPVA,2025-09-12,Yes,67,paymnt failed,1
6265-KSHIY,2025-09-12,Yes,44,guidance to renew,1
1472-OAFIH,2025-09-12,No,47,paymnt failed,1
8773-HOLJY,2025-09-12,No,17,No comment,1
8513-UZAHM,2025-09-12,Yes,65,service issue,1
9934-LPTED,2025-09-12,No,93,No comment,2
0105-QKKZF,2025-09-12,Yes,23,app not working,1
5218-FAKBY,2025-09-12,Yes,13,service issue,2
6116-AJUJO,2025-09-12,Yes,26,paymnt failed,1
1281-GFNVI,2025-09-12,Unknown,53,No comment,1
7206-AWTQZ,2025-09-12,Unknown,84,billing complaint,1
0363-XNIGI,2025-09-12,Yes,26,service issue,1
1038-FVIEM,2025-09-12,No,35,No comment,1
3742-QELKT,2025-09-12,No,58,received refund,2
7023-DARUS,2025-09-12,No,35,No comment,3
8110-PSZAT,2025-09-13,Yes,49,received refund,1
1627-WVIRU,2025-09-13,No,78,No comment,1
5916-JBOSU,2025-09-13,Yes,31,service issue,2
3950-SRLZK,2025-09-13,No,64,No comment,1
0429-QJOTO,2025-09-13,Yes,81,received refund,1
9887-QLIJL,2025-09-13,Yes,28,No comment,2
8233-UWMWD,2025-09-13,Yes,24,demaned refund,2
2475-TQQQJ,2025-09-13,Yes,78,requested callback,1
5069-PIUHR,2025-09-13,No,22,paymnt failed,1
3532-ZBZCG,2025-09-13,Yes,20,service issue,1
3556-FGMXM,2025-09-13,Yes,0,happy with service,2
0485-ORGAJ,2025-09-13,Yes,2,received refund,1
4240-JPINF,2025-09-13,Yes,40,No comment,1
6646-VCIQF,2025-09-13,No,28,billing complaint,1
5444-LXCVI,2025-09-13,No,47,billing complaint,2
2220-VDXZN,2025-09-14,No,6,happy with service,1
7096-VHKDH,2025-09-14,No,19,No comment,1
5145-NKOON,2025-09-14,Unknown,4,app not working,1
7337-EVURT,2025-09-14,Yes,45,app not working,2
4046-MOXNY,2025-09-14,No,13,app not working,1
9648-YPJVL,2025-09-14,No,22,No comment,1
6336-BCBTJ,2025-09-14,Yes,22,guidance to renew,1
3763-KOUKS,2025-09-14,No,91,guidance to renew,1
9940-FLTMU,2025-09-14,No,57,demaned refund,1
6544-BEMOD,2025-09-14,Yes,30,app not working,1
3821-FAVIY,2025-09-14,No,97,demaned refund,1
9862-EAZUR,2025-09-14,No,18,requested callback,1
4503-BAMHM,2025-09-14,Yes,49,demaned refund,1
7657-PXGQV,2025-09-14,Yes,49,billing complaint,2
7308-KGGRS,2025-09-14,Yes,19,No comment,1
6824-UCBPV,2025-09-14,Yes,99,guidance to renew,1
6444-WDFIU,2025-09-14,Unknown,22,happy with service,2
8774-HJKZN,2025-09-14,Yes,5,app not working,1
6590-WFVIS,2025-09-14,No,91,No comment,1
0151-HVRUJ,2025-09-14,No,84,received refund,2
3697-KBRRD,2025-09-15,Yes,24,service issue,1
7015-CBCJA,2025-09-15,Unknown,44,happy with service,1
2239-DPGMS,2025-09-15,Yes,94,demaned refund,2
0160-OCJFW,2025-09-15,No,99,requested callback,1
0863-GFSKY,2025-09-15,Yes,22,guidance to renew,1
9508-GRICC,2025-09-15,No,11,No comment,1
8793-NOZUP,2025-09-15,Yes,45,demaned refund,2
8565-SSXXV,2025-09-15,Yes,62,No comment,1
1974-IOKNN,2025-09-15,Yes,91,demaned refund,2
8263-ARSPH,2025-09-15,No,49,guidance to renew,2
8759-DRNFH,2025-09-15,Yes,5,demaned refund,2
1696-AMXNE,2025-09-15,Yes,66,service issue,2
6511-ORMVR,2025-09-15,No,42,billing complaint,2
5356-FYUEF,2025-09-15,No,32,paymnt failed,1
7869-HSSYT,2025-09-15,No,56,app not working,2
6597-ELMOY,2025-09-15,Yes,90,requested callback,1
4241-PIUFL,2025-09-15,Yes,86,service issue,1
3118-RHFTO,2025-09-16,No,22,demaned refund,1
1765-JEFMB,2025-09-16,No,11,received refund,1
0639-IICVT,2025-09-16,Yes,49,demaned refund,2
4051-TWDNN,2025-09-16,Yes,56,paymnt failed,1
4419-ETAXT,2025-09-16,No,54,received refund,2
4888-YFYBZ,2025-09-16,No,17,paymnt failed,1
9985-GDTKC,2025-09-16,Yes,90,billing complaint,1
3881-YWMQI,2025-09-16,No,1,No comment,1
3656-GYDCE,2025-09-16,Yes,57,app not working,1
3948-CZBPJ,2025-09-16,Yes,24,requested callback,1
1899-EOIIJ,2025-09-16,Yes,69,guidance to renew,1
5514-GVHSK,2025-09-17,No,84,paymnt failed,1
6722-WZEPX,2025-09-17,Unknown,11,No comment,1
2490-OZZDZ,2025-09-17,No,59,paymnt failed,1
3662-SDWLJ,2025-09-17,Yes,46,guidance to renew,1
8963-FOGEY,2025-09-17,Yes,59,guidance to renew,1
2340-KKAUD,2025-09-17,No,82,service issue,1
3016-NJTSP,2025-09-17,Yes,26,No comment,2
8349-STJBV,2025-09-17,Yes,20,app not working,1
5599-XJFFH,2025-09-17,Yes,29,No comment,2
8148-CFOXZ,2025-09-17,Unknown,44,No comment,1
7852-FTADK,2025-09-17,Yes,12,requested callback,2
4974-QWFFW,2025-09-17,No,91,received refund,1
9481-IUPLS,2025-09-17,Unknown,49,demaned refund,1
2133-NCYWA,2025-09-17,No,44,happy with service,1
5409-AKAQA,2025-09-17,Yes,68,happy with service,2
2933-HIRWN,2025-09-17,Yes,20,guidance to renew,1
2036-BJMXP,2025-09-18,No,32,guidance to renew,1
5023-PBRWA,2025-09-18,No,26,No comment,1
1064-HHZGL,2025-09-18,Yes,40,No comment,1
1294-BBILY,2025-09-18,No,97,No comment,1
4671-GFRMJ,2025-09-18,Yes,75,No comment,1
0502-XWVXU,2025-09-18,Yes,0,No comment,1
1948-VZAKT,2025-09-18,No,15,No comment,1
9522-CPEMP,2025-09-18,No,4,happy with service,1
3081-YWOYY,2025-09-18,No,69,billing complaint,1
3027-ZWIHA,2025-09-18,No,51,paymnt failed,1
3466-WNWZC,2025-09-18,No,33,requested callback,1
8722-JOKOA,2025-09-18,Unknown,28,No comment,1
1384-KEUDF,2025-09-18,Yes,84,No comment,1
5719-UKNGM,2025-09-18,Yes,6,received refund,1
0822-JSQFR,2025-09-18,Unknown,83,requested callback,2
3730-SXGDM,2025-09-18,No,12,requested callback,1
4305-TSSNU,2025-09-19,Yes,84,billing complaint,1
2659-NFEMC,2025-09-19,Yes,69,demaned refund,3
2149-UUUFG,2025-09-19,No,56,requested callback,1
5674-QCPFA,2025-09-19,Yes,6,paymnt failed,1
3890-OVHCE,2025-09-19,Yes,74,received refund,1
9226-OXVQX,2025-09-19,No,6,paymnt failed,1
0111-NLBHC,2025-09-19,No,63,No comment,1
6146-KKNCH,2025-09-19,Yes,77,No comment,1
0409-SFVCF,2025-09-19,Yes,9,happy with service,1
8375-DTEJN,2025-09-19,No,29,received refund,1
9240-OOGOF,2025-09-19,No,92,happy with service,1
0516-XDTJX,2025-09-19,Yes,82,happy with service,1
2847-YVTRY,2025-09-19,No,11,app not working,1
8322-PUDNX,2025-09-19,Yes,29,received refund,2
3155-ZTXGS,2025-09-19,Unknown,86,paymnt failed,1
0204-LIFER,2025-09-19,Yes,43,No comment,2
0055-ZCGDU,2025-09-19,No,94,happy with service,1
9805-DLLAA,2025-09-19,Yes,99,No comment,1
7535-SYOJP,2025-09-20,Unknown,9,No comment,1
2181-DPQED,2025-09-20,Yes,83,paymnt failed,1
5754-QMLUX,2025-09-20,No,79,demaned refund,2
9148-TKDYN,2025-09-20,No,49,demaned refund,1
5142-OTDEV,2025-09-20,Yes,50,service issue,1
2706-XTCHS,2025-09-20,Unknown,60,No comment,1
7352-NSSDM,2025-09-20,No,42,received refund,1
9207-JVXKP,2025-09-20,Unknown,87,No comment,1
9635-DROYI,2025-09-20,Yes,18,guidance to renew,1
4003-FMJJL,2025-09-20,Yes,77,paymnt failed,1
3764-XKZKS,2025-09-20,No,28,No comment,1
0141-YSMOY,2025-09-20,No,15,happy with service,1
0792-VCYYC,2025-09-20,Yes,51,No comment,1
6278-ZWXIN,2025-09-20,Yes,68,guidance to renew,1
5694-GYDQJ,2025-09-20,Unknown,89,requested callback,1
1312-GCSNG,2025-09-20,Unknown,86,demaned refund,1
0917-VDOMQ,2025-09-20,Yes,58,paymnt failed,2
1633-BUVIR,2025-09-20,Unknown,38,No comment,1
4979-KJOAD,2025-09-21,Yes,53,service issue,1
6746-CXXSN,2025-09-21,No,2,requested callback,1
2596-IHGWN,2025-09-21,Yes,97,received refund,1
9636-LQBPW,2025-09-21,Unknown,10,No comment,1
4145-HDXYZ,2025-09-21,Yes,10,received refund,1
9824-WIHNI,2025-09-21,No,97,service issue,2
4754-DLAOE,2025-09-21,Unknown,64,demaned refund,1
6752-QVSGW,2025-09-21,Yes,49,No comment,1
8417-DZJHU,2025-09-21,Yes,83,No comment,1
5594-JHEUH,2025-09-21,Yes,49,paymnt failed,1
4043-WKQXO,2025-09-21,No,3,paymnt failed,1
7411-XGQGK,2025-09-21,Yes,56,app not working,1
3285-KKBKA,2025-09-21,No,54,app not working,1
0718-RLNVW,2025-09-21,Yes,32,paymnt failed,1
5694-PJXHD,2025-09-21,Yes,52,service issue,1
0378-BCENK,2025-09-21,Yes,2,requested callback,1
6350-SOTOO,2025-09-21,No,61,received refund,1
6045-DSEAY,2025-09-21,Yes,73,service issue,1
2537-DTXJK,2025-09-21,No,68,guidance to renew,2
8250-SKITE,2025-09-21,No,3,demaned refund,2
6354-VGCRL,2025-09-22,Yes,44,received refund,1
0643-MDKVP,2025-09-22,No,11,No comment,1
2223-FDSZH,2025-09-22,Yes,68,No comment,1
7993-CALTK,2025-09-22,No,82,guidance to renew,1
7455-BSWXR,2025-09-22,Yes,60,requested callback,1
4710-HNFHL,2025-09-22,No,24,paymnt failed,1
7287-GLBWK,2025-09-22,No,87,requested callback,1
1905-WAFHE,2025-09-22,No,58,No comment,1
3633-LNGBP,2025-09-22,Unknown,87,happy with service,1
3317-RQCVN,2025-09-22,Yes,34,No comment,1
8202-YNFQK,2025-09-22,Yes,90,service issue,2
0500-FGLNT,2025-09-22,Yes,75,received refund,1
2089-OLWYS,2025-09-22,Yes,61,No comment,2
3744-CHVAU,2025-09-22,Yes,34,paymnt failed,1
5356-GQNFY,2025-09-23,Yes,11,service issue,1
7282-VFWYV,2025-09-23,Yes,84,service issue,1
9753-FNPCB,2025-09-23,Unknown,68,app not working,1
9581-JAJIA,2025-09-23,Unknown,24,service issue,1
3870-RBCYF,2025-09-23,Yes,36,received refund,1
1999-IUFDZ,2025-09-23,No,18,No comment,1
5325-WAFKR,2025-09-23,No,69,No comment,1
8955-YVJKX,2025-09-23,Yes,15,No comment,2
2361-OUKFU,2025-09-23,Yes,80,paymnt failed,1
0497-YYWHZ,2025-09-23,Yes,45,requested callback,1
8777-CENMO,2025-09-23,Yes,78,No comment,2
1390-USOJW,2025-09-23,Yes,75,billing complaint,2
3345-MCVTH,2025-09-23,Yes,63,No comment,1
9186-UMBQZ,2025-09-23,No,38,guidance to renew,1
8346-KOAMA,2025-09-24,Yes,35,No comment,1
0859-UBRHF,2025-09-24,Yes,6,billing complaint,1
7493-OWPAX,2025-09-24,No,57,billing complaint,1
9291-JAIRU,2025-09-24,No,68,No comment,1
9330-XJSTJ,2025-09-24,Yes,85,received refund,1
9728-EPFDD,2025-09-24,Yes,73,No comment,1
2049-ZPNFX,2025-09-24,Unknown,57,requested callback,1
4659-ABBFV,2025-09-24,No,15,requested callback,1
0375-LDHOC,2025-09-24,Yes,62,demaned refund,1
5292-NQCIY,2025-09-24,No,86,No comment,2
2915-EFKJW,2025-09-24,No,42,requested callback,1
7781-DKNUZ,2025-09-24,No,66,paymnt failed,1
8649-EWLKM,2025-09-24,No,50,happy with service,1
1277-BCREU,2025-09-24,No,32,happy with service,2
2292-CNPGQ,2025-09-24,Yes,11,No comment,1
6793-GPQPF,2025-09-25,No,42,received refund,1
5375-TOCUH,2025-09-25,No,41,app not working,1
7756-BFWWT,2025-09-25,Unknown,83,No comment,1
1430-HBEWY,2025-09-25,Yes,80,requested callback,1
5245-FOCPA,2025-09-25,Yes,41,No comment,2
6198-GEOPM,2025-09-25,Yes,42,No comment,1
5790-CLASB,2025-09-25,No,82,requested callback,2
2578-MSNAU,2025-09-25,No,52,paymnt failed,1
2026-JYBOE,2025-09-25,Yes,85,No comment,1
7461-DVZQF,2025-09-25,Unknown,82,billing complaint,2
5828-FWJDD,2025-09-25,Yes,5,No comment,1
7279-RULTP,2025-09-25,Yes,91,service issue,1
2675-JQFXC,2025-09-25,Yes,41,No comment,1
1805-ONGPD,2025-09-25,Yes,49,paymnt failed,1
6364-EUYXS,2025-09-26,Yes,50,app not working,1
3013-HNULI,2025-09-26,No,62,requested callback,1
4852-LADEY,2025-09-26,No,97,requested callback,1
7493-JVFBM,2025-09-26,No,52,demaned refund,1
7320-OWIVE,2025-09-26,No,7,happy with service,1
6866-ABGFV,2025-09-26,Yes,91,app not working,1
2067-NCMBU,2025-09-26,No,99,happy with service,1
3220-FJARX,2025-09-26,Yes,38,No comment,1
5489-TLCWF,2025-09-26,No,9,guidance to renew,1
1068-VZYLD,2025-09-26,No,85,happy with service,2
4108-TSLBY,2025-09-26,Yes,44,billing complaint,1
4494-FJMUR,2025-09-26,Unknown,64,received refund,1
9028-UQDKL,2025-09-26,No,42,billing complaint,1
0585-SVFBT,2025-09-26,Yes,48,service issue,1
4938-FWQKZ,2025-09-26,Yes,87,No comment,1
7921-NOOCD,2025-09-26,Yes,43,No comment,1
2254-ZJYDB,2025-09-26,Yes,72,service issue,1
8036-NVMCX,2025-09-26,Yes,31,No comment,2
9390-FCGNR,2025-09-26,No,32,No comment,1
7128-WFHDV,2025-09-26,No,15,demaned refund,2
2989-DEHJP,2025-09-26,No,18,No comment,1
4367-ASNPZ,2025-09-26,Yes,60,billing complaint,1
1344-RJYBN,2025-09-27,No,86,paymnt failed,1
6818-AAEGD,2025-09-27,Unknown,1,No comment,1
9386-LDUNK,2025-09-27,Yes,97,app not working,1
0708-CHNVZ,2025-09-27,No,17,billing complaint,1
5923-TCISC,2025-09-27,Yes,79,guidance to renew,1
7752-ETYNN,2025-09-27,No,81,happy with service,1
1661-TOAPQ,2025-09-27,Yes,35,No comment,1
6823-GJCGH,2025-09-27,No,61,No comment,1
0547-ANZBY,2025-09-27,No,89,received refund,1
0731-FEKDK,2025-09-27,Yes,9,guidance to renew,2
2762-NFTGJ,2025-09-27,Yes,21,No comment,1
7169-MNIQD,2025-09-27,No,66,billing complaint,1
6089-VWJUP,2025-09-27,Yes,27,No comment,1
3349-QDDIR,2025-09-27,No,73,demaned refund,1
4711-QTATP,2025-09-27,Unknown,36,happy with service,1
7657-YYIWW,2025-10-01,No,79,guidance to renew,1
8408-TRWLG,2025-10-01,Yes,87,guidance to renew,1
0141-LSTWL,2025-10-01,No,90,happy with service,1
7208-TXWPY,2025-10-01,No,87,requested callback,1
9463-LAWXC,2025-10-01,No,63,app not working,1
0644-SUEXP,2025-10-01,Unknown,13,received refund,1
7028-CYYWG,2025-10-01,Yes,21,happy with service,2
0639-CQTUF,2025-10-01,Yes,10,service issue,1
3674-CWCVO,2025-10-01,No,94,app not working,1
4060-MEDCS,2025-10-01,Yes,77,requested callback,2
7158-DYUWO,2025-10-01,No,10,happy with service,1
7080-FZLHE,2025-10-01,Yes,29,app not working,1
5462-BPQIH,2025-10-01,Unknown,61,paymnt failed,1
1627-ROWRM,2025-10-02,No,90,No comment,1
7608-TTGTO,2025-10-02,No,98,No comment,1
7015-ETQCZ,2025-10-02,Yes,57,app not working,1
9493-NDOOF,2025-10-02,No,8,received refund,1
9483-OIFAY,2025-10-02,Yes,93,guidance to renew,2
9990-ERCXY,2025-10-02,Yes,30,happy with service,1
5628-WPZOD,2025-10-02,Yes,2,No comment,1
6825-ZQTIZ,2025-10-02,Unknown,50,happy with service,2
1659-AYJXQ,2025-10-03,Yes,88,happy with service,1
9099-WKYDF,2025-10-03,Unknown,92,app not working,1
7112-WTWXJ,2025-10-03,No,50,app not working,1
5520-FHOFH,2025-10-03,Unknown,12,No comment,1
3023-KLNCJ,2025-10-03,Unknown,67,guidance to renew,1
8890-UJQHC,2025-10-03,Unknown,77,happy with service,1
8773-TLEMD,2025-10-03,No,27,service issue,1
2723-GASQA,2025-10-03,Yes,49,billing complaint,1
3337-MOPBP,2025-10-03,No,80,happy with service,1
7542-UTDZF,2025-10-03,Yes,36,happy with service,1
4678-LNWVN,2025-10-03,No,36,requested callback,2
3465-LPBMC,2025-10-03,No,61,app not working,2
0769-CSEAN,2025-10-03,No,57,No comment,1
3123-BWHJG,2025-10-03,No,30,No comment,1
5390-RKXOI,2025-10-03,Unknown,36,service issue,1
4013-BZYMA,2025-10-03,Yes,1,paymnt failed,1
8270-YLXNU,2025-10-04,Yes,77,guidance to renew,1
1265-TSAMZ,2025-10-04,Yes,96,service issue,1
7427-WOONO,2025-10-04,Unknown,13,No comment,1
3967-PBLNW,2025-10-04,No,8,happy with service,1
0737-WKCQW,2025-10-04,No,46,requested callback,1
8628-LLPCC,2025-10-04,Yes,51,happy with service,1
6002-PIPDQ,2025-10-04,No,55,app not working,1
3620-VDJEC,2025-10-04,No,61,received refund,1
1514-PCCKV,2025-10-04,Yes,57,demaned refund,1
3137-YLOHC,2025-10-04,No,76,demaned refund,1
4677-XMEMN,2025-10-04,No,35,demaned refund,1
8999-RUKNT,2025-10-04,No,77,received refund,1
8579-WQORT,2025-10-04,No,16,demaned refund,1
1779-REZNL,2025-10-04,Yes,17,demaned refund,2
1475-IFFFV,2025-10-05,Yes,33,received refund,1
5374-UAYTZ,2025-10-05,No,6,demaned refund,2
2750-WYXQI,2025-10-05,No,22,requested callback,1
4707-JZQBD,2025-10-05,No,59,No comment,1
9367-KDPRH,2025-10-05,Yes,24,demaned refund,1
1283-CARUQ,2025-10-05,No,1,demaned refund,1
5235-PADJI,2025-10-05,Yes,85,No comment,1
9713-FAAUB,2025-10-05,No,37,requested callback,1
5730-OXVFO,2025-10-05,Yes,34,requested callback,1
9642-JLXNC,2025-10-05,Yes,97,No comment,2
8460-HFTYK,2025-10-05,Yes,95,No comment,1
1121-HVDOI,2025-10-05,Yes,73,happy with service,1
7029-XXSJB,2025-10-05,Unknown,97,demaned refund,1
0452-OWYIU,2025-10-05,Yes,51,demaned refund,1
4489-BNRWX,2025-10-05,No,91,No comment,1
0889-NGQBW,2025-10-05,Unknown,49,requested callback,1
1182-OMMXJ,2025-10-06,No,49,billing complaint,1
4264-WOKIZ,2025-10-06,Yes,31,app not working,1
2605-OOUPZ,2025-10-06,No,81,received refund,1
5856-MDGUP,2025-10-06,No,19,demaned refund,1
1363-MNRJM,2025-10-06,No,86,app not working,1
2303-SHVFU,2025-10-06,Yes,64,billing complaint,2
5963-KQFNF,2025-10-06,No,60,guidance to renew,1
8446-WFLUQ,2025-10-06,Yes,45,paymnt failed,1
2606-QFTDT,2025-10-06,No,19,service issue,2
6921-WGDFP,2025-10-06,Yes,50,guidance to renew,1
6803-HKYWK,2025-10-06,Yes,32,happy with service,1
3799-OGHGG,2025-10-06,No,39,No comment,1
3608-TTTDX,2025-10-06,No,95,received refund,1
9119-BKCYN,2025-10-07,Yes,80,demaned refund,2
3076-WSUBF,2025-10-07,No,14,No comment,1
5202-IMGDU,2025-10-07,Yes,54,demaned refund,1
3533-MMNIM,2025-10-07,Yes,97,received refund,2
2389-LTKGN,2025-10-07,Yes,43,paymnt failed,1
3422-PXINM,2025-10-07,No,55,guidance to renew,1
1209-ZBMOF,2025-10-07,Yes,43,No comment,1
4252-JINDQ,2025-10-07,Yes,28,requested callback,1
6581-NUQVW,2025-10-07,Yes,8,guidance to renew,1
9616-RNPCV,2025-10-07,No,64,No comment,1
0494-ECVYD,2025-10-07,Yes,8,app not working,1
4510-PRBTQ,2025-10-07,Yes,80,No comment,1
9853-SAIGZ,2025-10-07,No,63,service issue,2
9058-CQKZN,2025-10-07,No,23,happy with service,1
1191-IEUWQ,2025-10-07,Yes,17,paymnt failed,1
4822-LATVX,2025-10-07,Yes,6,received refund,2
1247-ODSRP,2025-10-07,Yes,76,demaned refund,1
1953-IGCGC,2025-10-07,Yes,15,No comment,2
2162-VMZXU,2025-10-07,Yes,55,paymnt failed,1
9287-YIUVX,2025-10-07,No,23,guidance to renew,1
9821-MHTOM,2025-10-08,No,49,guidance to renew,1
2832-ZFPOZ,2025-10-08,Yes,12,No comment,1
2709-HINXV,2025-10-08,No,76,No comment,1
6477-JWQDM,2025-10-08,Yes,1,app not working,2
7501-HLAMB,2025-10-08,No,77,No comment,1
0841-DNQMR,2025-10-08,Yes,64,guidance to renew,2
6063-TTLSV,2025-10-08,No,51,No comment,1
0754-PJIWG,2025-10-08,Yes,60,app not working,1
6060-YMNTZ,2025-10-08,Yes,6,demaned refund,1
6049-PCVVS,2025-10-08,No,92,demaned refund,1
5303-VQFSU,2025-10-08,Unknown,85,happy with service,1
3044-EKQVF,2025-10-08,No,9,demaned refund,1
6471-JICZQ,2025-10-08,No,20,guidance to renew,1
7900-OVOWH,2025-10-09,No,41,requested callback,1
4901-RNQDI,2025-10-09,No,24,received refund,1
6780-RUFSX,2025-10-09,Yes,98,billing complaint,1
9953-SWAMY,2025-10-09,No,5,demaned refund,2
5475-VJWHG,2025-10-09,Yes,72,guidance to renew,1
3597-SXGES,2025-10-09,No,11,service issue,2
4742-KIZVQ,2025-10-09,No,26,paymnt failed,1
8801-PYIYK,2025-10-09,Yes,92,service issue,1
5319-NUCDF,2025-10-09,Yes,74,paymnt failed,1
2993-REDYB,2025-10-09,Yes,99,No comment,1
8408-SWFIS,2025-10-09,No,28,received refund,1
6626-ROHRP,2025-10-09,Yes,83,demaned refund,2
3555-HOULH,2025-10-09,Unknown,22,No comment,1
3693-KTHGH,2025-10-09,No,44,app not working,1
3876-WVJHY,2025-10-09,No,28,No comment,1
5562-DIIGY,2025-10-09,No,51,paymnt failed,1
6620-NUNGX,2025-10-09,No,8,billing complaint,2
5074-WWKYN,2025-10-09,No,75,No comment,1
7095-PGRRU,2025-10-09,No,66,No comment,2
1463-BDZTF,2025-10-09,Unknown,87,requested callback,2
5352-IBZCJ,2025-10-09,No,97,No comment,1
4990-RZCES,2025-10-10,Yes,27,demaned refund,1
0556-TWUYL,2025-10-10,Unknown,45,requested callback,1
1586-TIOYI,2025-10-10,Yes,49,billing complaint,1
6530-UZNDZ,2025-10-10,Yes,18,service issue,1
8829-QLFPS,2025-10-10,Unknown,54,app not working,1
3452-CFYHD,2025-10-10,No,44,requested callback,1
1795-NASOU,2025-10-10,No,56,app not working,2
5715-YWSRW,2025-10-10,No,23,requested callback,2
5985-IDOUT,2025-10-10,Yes,93,paymnt failed,2
4857-FRBHJ,2025-10-10,Yes,23,guidance to renew,1
9468-MHLWV,2025-10-10,Yes,81,No comment,1
3835-JKHMW,2025-10-10,No,84,received refund,1
4032-SOVKL,2025-10-10,No,9,No comment,1
0333-ZTBVC,2025-10-11,Unknown,91,demaned refund,1
3564-WFSKE,2025-10-11,Yes,81,requested callback,1
5958-LHJHO,2025-10-11,No,49,No comment,1
2101-REBIM,2025-10-11,Yes,89,No comment,1
9530-BAHSF,2025-10-11,No,24,No comment,2
0433-BKOAV,2025-10-11,Yes,38,app not working,2
8444-SPCOE,2025-10-11,Yes,26,app not working,1
0524-NCNQM,2025-10-11,No,35,happy with service,1
1315-ESAMR,2025-10-11,No,79,No comment,1
9695-TQIOX,2025-10-11,No,0,No comment,1
5158-QGISI,2025-10-11,No,8,paymnt failed,1
0874-GTSEI,2025-10-11,No,47,service issue,1
8366-WAGGA,2025-10-11,Yes,70,guidance to renew,1
2349-GDSFG,2025-10-11,Yes,18,No comment,1
6857-NSDOV,2025-10-11,Unknown,46,requested callback,1
0343-QCHLD,2025-10-11,Yes,59,No comment,1
9611-LZDIH,2025-10-11,Unknown,56,demaned refund,2
1850-QGGUZ,2025-10-11,Yes,76,guidance to renew,1
3796-GJJSB,2025-10-12,No,70,No comment,1
8532-FMXEA,2025-10-12,Yes,76,app not working,1
2181-QOMFX,2025-10-12,Yes,37,app not working,1
4230-YREZR,2025-10-12,Yes,24,service issue,1
8913-BLVQT,2025-10-12,No,0,demaned refund,1
8203-HCOUK,2025-10-12,No,36,No comment,1
5449-LCFQZ,2025-10-12,No,13,No comment,2
8999-JVTWC,2025-10-12,No,85,received refund,1
2174-POESA,2025-10-12,Yes,31,guidance to renew,1
0548-HUIKB,2025-10-13,Yes,12,demaned refund,1
1976-QLQLF,2025-10-13,Yes,64,demaned refund,1
9610-LLEVI,2025-10-13,No,47,received refund,1
1665-PJPEA,2025-10-13,Yes,93,guidance to renew,1
8537-QCPUS,2025-10-13,No,81,No comment,1
7833-IUZYS,2025-10-13,Yes,90,guidance to renew,1
5505-RQFFZ,2025-10-13,No,57,No comment,1
6167-YRLCG,2025-10-13,No,48,app not working,2
9340-JXEMF,2025-10-13,No,78,No comment,1
5601-OKOBC,2025-10-13,Yes,90,demaned refund,1
7904-KFJSR,2025-10-13,Unknown,12,No comment,1
0668-ZGLIT,2025-10-13,No,57,happy with service,2
1170-YRAZA,2025-10-13,Unknown,17,happy with service,1
6293-MPJID,2025-10-13,Yes,95,service issue,1
9204-BBARN,2025-10-13,No,74,demaned refund,1
4694-ZRUTA,2025-10-13,Yes,58,billing complaint,2
8134-TBULH,2025-10-14,Unknown,97,requested callback,1
6774-UZWOW,2025-10-14,No,91,No comment,1
1019-LHVUJ,2025-10-14,No,91,service issue,1
7449-LUKFR,2025-10-14,Yes,19,service issue,1
9306-QAOLR,2025-10-14,Yes,78,No comment,1
4128-DULYP,2025-10-14,Unknown,0,guidance to renew,2
1327-UVZAT,2025-10-14,Yes,97,billing complaint,1
9058-LAPVF,2025-10-14,Unknown,56,app not working,1
1515-UMRHY,2025-10-14,No,17,happy with service,2
1209-OFULD,2025-10-14,No,59,service issue,1
3621-AJXPL,2025-10-14,Yes,8,received refund,1
0924-UMBCX,2025-10-14,Unknown,45,paymnt failed,2
2599-VYGDD,2025-10-14,No,0,No comment,2
8122-INCYU,2025-10-15,Yes,17,No comment,1
4157-GQNUV,2025-10-15,No,73,No comment,1
7811-BLOYR,2025-10-15,No,49,No comment,1
4551-RGVZT,2025-10-15,No,68,service issue,1
3054-UYUJC,2025-10-15,Yes,37,guidance to renew,1
2410-DTCXW,2025-10-15,Yes,29,billing complaint,2
0206-FYVZN,2025-10-15,No,43,No comment,1
5729-QFYPU,2025-10-15,Yes,73,paymnt failed,2
6106-RMFAX,2025-10-15,Yes,41,received refund,1
5017-OTOVV,2025-10-15,No,51,No comment,1
7052-WWRFX,2025-10-15,No,54,No comment,2
7770-CPVHV,2025-10-15,Yes,61,paymnt failed,1
9337-XPUBB,2025-10-15,No,41,guidance to renew,1
1525-QSKYG,2025-10-15,No,27,demaned refund,1
2878-PKLGF,2025-10-15,Yes,49,No comment,1
6494-ISUWN,2025-10-15,No,89,No comment,1
3848-NRKCT,2025-10-15,Yes,67,app not working,1
2492-IFISA,2025-10-15,Yes,97,No comment,1
0204-LYLLR,2025-10-16,Yes,15,requested callback,1
9554-PYJPI,2025-10-16,Yes,99,No comment,2
7666-URTTW,2025-10-16,No,80,app not working,1
4971-FJWDO,2025-10-16,Yes,14,requested callback,1
6284-GWGPU,2025-10-16,No,57,No comment,1
7289-PFYUN,2025-10-16,Yes,84,demaned refund,2
6413-AXJKZ,2025-10-16,No,49,requested callback,1
6824-UBSAK,2025-10-16,Yes,29,app not working,1
3358-KLUCA,2025-10-16,No,52,app not working,1
6586-XDUYN,2025-10-17,No,41,requested callback,1
4787-RGDYC,2025-10-17,Yes,60,requested callback,1
1002-WYTSO,2025-10-17,Yes,96,happy with service,1
3207-EFEMI,2025-10-17,No,57,demaned refund,2
1077-RFVER,2025-10-17,Yes,96,service issue,1
5882-RDOAF,2025-10-17,No,22,paymnt failed,2
4260-FPZER,2025-10-17,No,59,requested callback,1
5293-UKEKT,2025-10-17,No,49,No comment,1
6345-NBGEE,2025-10-17,Yes,70,requested callback,1
2350-DFPIV,2025-10-17,Yes,13,billing complaint,1
4771-IMQCO,2025-10-17,Yes,32,requested callback,1
0846-QSVRL,2025-10-18,Yes,96,happy with service,1
0920-PRGBH,2025-10-18,No,25,No comment,1
1197-YLXQG,2025-10-18,No,41,happy with service,1
2278-VVMSY,2025-10-18,Yes,79,paymnt failed,1
1160-XACRC,2025-10-18,Yes,43,demaned refund,1
2491-RCRGI,2025-10-18,No,75,No comment,1
6344-QPJJY,2025-10-18,No,92,guidance to renew,1
6597-SUSMM,2025-10-18,No,50,No comment,1
1370-JECZA,2025-10-18,No,49,happy with service,1
5957-DMUCZ,2025-10-18,Yes,71,app not working,1
6490-MPUSZ,2025-10-18,Unknown,82,No comment,1
2340-VMITT,2025-10-19,Yes,13,happy with service,1
6814-ITHDZ,2025-10-19,Unknown,22,requested callback,1
4868-CPCVQ,2025-10-19,Yes,61,guidance to renew,1
2210-MNLAL,2025-10-19,No,83,happy with service,1
1518-EBTSL,2025-10-19,No,28,No comment,1
9264-YESXV,2025-10-19,No,7,app not working,1
9070-TUBDN,2025-10-19,No,44,No comment,1
8310-WCRRB,2025-10-19,No,52,No comment,1
1934-ZOISW,2025-10-19,Yes,13,billing complaint,1
9822-HGNRS,2025-10-19,Yes,73,paymnt failed,1
2550-JBMOG,2025-10-19,Yes,88,app not working,1
4149-IGOHZ,2025-10-19,No,52,received refund,1
3189-JBDKL,2025-10-19,Yes,82,No comment,2
3226-ECXYL,2025-10-20,No,9,received refund,1
4460-ZQNHZ,2025-10-20,No,96,demaned refund,1
5780-GAKMX,2025-10-20,Yes,49,paymnt failed,1
3558-YFUXI,2025-10-20,No,3,billing complaint,1
7101-TLHCF,2025-10-20,No,84,paymnt failed,2
7776-YQYCY,2025-10-20,No,80,demaned refund,2
3041-IVZCO,2025-10-20,No,53,received refund,1
7166-KAKOC,2025-10-20,No,31,received refund,1
2148-AYNGK,2025-10-20,Yes,62,requested callback,2
7491-PNQZK,2025-10-20,No,43,billing complaint,2
7473-IJVGD,2025-10-20,Yes,73,service issue,1
3474-WTQDC,2025-10-20,Yes,13,billing complaint,1
5271-MBWRD,2025-10-20,Yes,61,service issue,1
8575-LAMKA,2025-10-20,Yes,52,No comment,2
3073-TLLDX,2025-10-21,Unknown,60,No comment,1
1862-DMKPJ,2025-10-21,No,85,paymnt failed,1
9846-QOBIQ,2025-10-21,Yes,17,happy with service,1
7139-WSJNK,2025-10-21,No,1,demaned refund,1
9934-ECUED,2025-10-21,No,5,No comment,1
0430-TNSVF,2025-10-21,No,8,demaned refund,1
8641-VIRCQ,2025-10-21,Yes,88,guidance to renew,1
6829-VWVSU,2025-10-21,Yes,31,demaned refund,1
9907-JLXKR,2025-10-21,Yes,57,No comment,1
1247-YCLXQ,2025-10-21,No,70,happy with service,2
4680-QFNAD,2025-10-21,Yes,89,No comment,1
4043-WTESA,2025-10-22,No,20,requested callback,1
1634-FXRHP,2025-10-22,No,91,No comment,1
3568-BPGDF,2025-10-22,No,14,happy with service,1
7896-LHIUY,2025-10-22,Yes,97,paymnt failed,1
3933-BQFPM,2025-10-22,Yes,79,No comment,1
5580-OZHBA,2025-10-22,No,26,app not working,2
6874-AIPXI,2025-10-22,Yes,64,received refund,1
2369-XJUAG,2025-10-22,Yes,0,billing complaint,1
2103-MJUXL,2025-10-22,Unknown,67,billing complaint,1
8127-FXCCA,2025-10-22,No,0,No comment,2
1410-CLOTL,2025-10-22,Yes,55,demaned refund,1
0083-VYFHU,2025-10-22,No,93,No comment,2
9915-LTAVL,2025-10-22,Yes,26,requested callback,1
6468-HJESS,2025-10-23,No,12,No comment,1
2830-VVGSS,2025-10-23,No,15,No comment,1
4244-RGPRF,2025-10-23,Unknown,94,service issue,1
3046-KQBAR,2025-10-23,Yes,16,requested callback,1
1711-ZEBWX,2025-10-23,Yes,65,demaned refund,1
4090-ZCCLD,2025-10-23,Yes,49,guidance to renew,1
0693-CUZZP,2025-10-23,No,46,No comment,2
9688-NIEKX,2025-10-23,No,26,happy with service,1
6236-JSYOJ,2025-10-23,Yes,56,app not working,2
3543-GKCCR,2025-10-23,No,81,guidance to renew,1
1273-CZGRF,2025-10-23,No,49,billing complaint,1
4331-IAAAF,2025-10-24,Yes,29,No comment,1
0030-IBZJN,2025-10-24,Yes,87,requested callback,1
8740-AHYZK,2025-10-24,Yes,26,guidance to renew,1
8885-SRKEH,2025-10-24,No,17,billing complaint,1
6737-QJLMD,2025-10-24,No,48,demaned refund,1
5365-UYURF,2025-10-24,No,71,No comment,1
9038-XVXDK,2025-10-24,No,50,app not working,1
4169-AOBRZ,2025-10-24,Unknown,52,No comment,1
7612-WYKRJ,2025-10-24,No,70,app not working,1
6364-WZSOI,2025-10-24,Yes,68,No comment,1
0185-PYEQB,2025-10-24,Yes,68,happy with service,2
2602-IEJAQ,2025-10-24,Yes,1,billing complaint,1
5440-CSGXW,2025-10-24,Yes,57,billing complaint,2
2561-VHWII,2025-10-25,Yes,49,paymnt failed,1
0397-YOAUW,2025-10-25,No,49,received refund,1
4088-JDEZR,2025-10-25,Yes,15,guidance to renew,1
1320-IATQJ,2025-10-25,Yes,78,paymnt failed,1
0215-PXKIA,2025-10-25,No,72,service issue,1
0672-JCHAH,2025-10-25,No,83,service issue,1
1077-AFVTC,2025-10-25,No,71,No comment,1
5524-NCRFU,2025-10-25,No,99,received refund,1
0860-YVEGU,2025-10-25,Yes,30,No comment,1
2737-TVCLW,2025-10-25,Yes,27,demaned refund,2
5096-HWRWA,2025-10-25,Yes,17,service issue,1
2157-NKLHE,2025-10-25,Yes,19,billing complaint,1
2430-HXAAT,2025-10-25,Yes,73,guidance to renew,1
0026-XQCPQ,2025-10-25,No,62,app not working,1
4645-PLNDW,2025-10-25,Yes,58,received refund,1
5939-ALISX,2025-10-25,Yes,88,app not working,2
9722-NZCMA,2025-10-25,Yes,25,billing complaint,1
9463-LZWMO,2025-10-25,Yes,39,requested callback,2
0842-QHKVE,2025-10-25,No,76,requested callback,2
1231-BUREE,2025-10-25,Yes,43,requested callback,1
2548-UVSPQ,2025-10-26,No,9,No comment,1
6608-FCTFX,2025-10-26,No,34,received refund,1
7253-GYBSD,2025-10-26,No,21,demaned refund,1
7875-XSRQJ,2025-10-26,Yes,14,happy with service,1
7652-QUGVI,2025-10-26,Yes,56,No comment,1
2411-TDIQL,2025-10-26,No,50,happy with service,1
2909-IDJUF,2025-10-26,No,43,received refund,1
7528-RMKFE,2025-10-26,Yes,73,happy with service,1
8540-HEMEW,2025-10-26,Yes,52,app not working,2
9948-PEOHF,2025-10-26,No,11,No comment,1
5796-MECLE,2025-10-26,No,52,guidance to renew,2
4097-KPMUR,2025-10-26,Yes,93,app not working,2
1436-AONJI,2025-10-26,No,47,paymnt failed,2
9168-ZLTAG,2025-10-26,Yes,47,paymnt failed,1
6616-TUVFC,2025-10-26,No,49,No comment,2
5151-SNIAN,2025-10-26,Yes,17,No comment,1
8893-CZWMK,2025-10-26,Yes,30,service issue,2
4683-HOEPG,2025-10-27,Unknown,2,No comment,1
4262-EXMWV,2025-10-27,Unknown,90,guidance to renew,1
5337-RPFEB,2025-10-27,No,89,requested callback,1
7400-RHPHH,2025-10-27,No,3,No comment,1
5895-HBLVI,2025-10-27,No,51,happy with service,1
9181-VMUYT,2025-10-27,Yes,89,guidance to renew,1
3049-EGQIG,2025-10-27,Unknown,73,app not working,1
2996-DZTNB,2025-10-27,No,13,happy with service,1
5879-NGJAR,2025-10-27,Yes,62,billing complaint,1
4214-AJVJE,2025-10-27,No,73,paymnt failed,1
9905-DSLKI,2025-10-27,No,81,requested callback,2
2733-HKOVF,2025-10-27,No,94,requested callback,1
4183-AHYBR,2025-10-27,No,10,No comment,2
0178-GRKVZ,2025-10-27,No,6,requested callback,1
1113-KQIVO,2025-10-27,No,34,No comment,1
2181-WDZZL,2025-10-27,Yes,80,received refund,2
9984-ANKQO,2025-10-27,No,69,service issue,1
8105-OLODL,2025-10-27,Unknown,93,No comment,2
3402-DJBBY,2025-11-01,Yes,15,app not working,1
7881-WGBZK,2025-11-01,No,78,guidance to renew,1
7784-QKGHA,2025-11-01,No,49,No comment,1
5560-EDWVF,2025-11-01,Yes,45,requested callback,1
1576-SPLVJ,2025-11-01,Yes,90,requested callback,1
3897-DYRXB,2025-11-01,Unknown,52,No comment,1
5116-IWHMR,2025-11-01,No,64,received refund,1
8159-QJOQN,2025-11-01,Yes,30,happy with service,1
3754-FYRSC,2025-11-01,No,37,No comment,1
1405-JLHYC,2025-11-01,No,7,paymnt failed,1
9384-ACQPZ,2025-11-01,Yes,14,requested callback,1
7531-DLIAG,2025-11-01,Unknown,81,No comment,1
1286-BWMVD,2025-11-01,No,49,No comment,1
0316-ZKOZL,2025-11-01,Yes,41,billing complaint,1
1554-QDOTJ,2025-11-01,No,94,paymnt failed,1
1820-GLMLM,2025-11-01,Yes,93,service issue,1
3143-IJOKX,2025-11-01,Yes,75,paymnt failed,1
3585-WFIPT,2025-11-01,Yes,33,received refund,1
1961-UJTVQ,2025-11-01,Unknown,3,service issue,1
2784-RHJVC,2025-11-01,Unknown,75,received refund,1
1692-CUYVR,2025-11-01,No,91,billing complaint,1
8414-DANBL,2025-11-01,Yes,88,requested callback,3
2253-SYRTH,2025-11-01,Yes,7,guidance to renew,1
5090-YPFCY,2025-11-02,Yes,54,demaned refund,1
5336-PBCRZ,2025-11-02,Yes,50,demaned refund,1
0093-LTLOI,2025-11-02,Yes,54,paymnt failed,1
5925-QETFY,2025-11-02,Yes,23,app not working,1
3646-NJWGL,2025-11-02,Yes,87,requested callback,1
7871-JWPHF,2025-11-02,Unknown,93,received refund,1
0259-VCUZX,2025-11-02,No,39,paymnt failed,1
9705-HNGPR,2025-11-02,No,23,demaned refund,1
5153-MTZWG,2025-11-02,No,36,guidance to renew,1
0285-BDDNZ,2025-11-02,Yes,17,billing complaint,1
1007-JMHRB,2025-11-02,Yes,0,paymnt failed,1
3367-IXVKK,2025-11-02,No,6,No comment,1
5207-EEGGS,2025-11-02,Yes,20,service issue,2
2811-CXWHL,2025-11-02,No,73,billing complaint,1
4458-FHMWH,2025-11-03,No,76,received refund,1
8129-AQBMZ,2025-11-03,Yes,5,service issue,1
6024-FGKMZ,2025-11-03,Yes,79,app not working,1
5498-NCKCI,2025-11-03,Unknown,17,received refund,1
0736-TAGXO,2025-11-03,Yes,91,requested callback,1
6847-YFQDA,2025-11-03,No,84,paymnt failed,1
1671-QSQQA,2025-11-03,Unknown,78,happy with service,1
7986-XOPQL,2025-11-03,No,72,paymnt failed,1
6219-FCPDL,2025-11-03,No,49,app not working,1
8670-KDLFF,2025-11-03,Yes,20,app not working,1
5899-YCAEN,2025-11-03,Unknown,26,guidance to renew,1
1634-SVMGF,2025-11-03,No,34,demaned refund,1
0464-URHGZ,2025-11-03,No,19,No comment,1
6135-BNXNY,2025-11-03,No,3,billing complaint,1
8311-MEHUW,2025-11-03,No,96,No comment,2
4225-SITVD,2025-11-03,No,20,demaned refund,1
4449-FHBBV,2025-11-04,No,97,No comment,1
9740-VWWOX,2025-11-04,Yes,23,guidance to renew,1
1995-OZKUZ,2025-11-04,No,48,paymnt failed,1
0431-MVFDL,2025-11-04,No,91,received refund,2
2927-PZAMX,2025-11-04,Yes,89,happy with service,2
1581-NODHV,2025-11-04,No,65,happy with service,1
3334-USWNE,2025-11-04,Unknown,72,No comment,1
1069-VXSYO,2025-11-04,No,95,app not working,2
9185-VCXWM,2025-11-04,No,0,happy with service,1
2487-CVUTA,2025-11-04,No,91,paymnt failed,1
2508-MDVNM,2025-11-04,No,91,billing complaint,1
1134-FNPHP,2025-11-04,Yes,70,No comment,1
6282-MWZML,2025-11-04,No,3,paymnt failed,1
8026-PLPSO,2025-11-04,Yes,63,No comment,1
2890-WLKJU,2025-11-05,No,42,app not working,1
9788-HQIUE,2025-11-05,Yes,68,app not working,1
1685-XHVIP,2025-11-05,Unknown,57,demaned refund,1
6270-SIMYK,2025-11-05,Yes,74,billing complaint,1
2117-SVGQO,2025-11-05,Unknown,0,No comment,1
5070-TAVST,2025-11-05,Yes,7,requested callback,1
6145-SNIXS,2025-11-05,Yes,4,billing complaint,1
2787-UAYKV,2025-11-05,No,67,app not working,1
2535-DMYHG,2025-11-05,Unknown,48,demaned refund,2
2141-GMMPF,2025-11-05,No,91,No comment,1
1666-JFZNO,2025-11-05,Yes,12,service issue,2
3526-ALKCG,2025-11-05,No,26,service issue,1
5245-VIMMI,2025-11-06,Yes,93,received refund,2
3007-KKOII,2025-11-06,No,67,paymnt failed,1
2452-RINDO,2025-11-06,Yes,50,billing complaint,1
3741-IBSTC,2025-11-06,Yes,81,billing complaint,1
8997-KWKYI,2025-11-06,Unknown,57,No comment,1
2861-WPZDV,2025-11-06,No,12,billing complaint,1
8800-ADLWH,2025-11-06,Yes,54,No comment,1
9343-CYVMF,2025-11-06,No,48,demaned refund,1
4069-CNUZU,2025-11-06,No,49,No comment,1
4225-DUVFN,2025-11-06,Yes,37,app not working,1
3608-ROHDQ,2025-11-06,No,92,received refund,2
3083-YFMFI,2025-11-06,Unknown,23,billing complaint,1
7195-DUINT,2025-11-07,Yes,15,service issue,1
4997-GPNWE,2025-11-07,No,63,requested callback,1
5909-NYOQN,2025-11-07,Yes,61,billing complaint,1
5976-XDYZW,2025-11-07,Unknown,37,No comment,1
2474-ZZUWR,2025-11-07,Unknown,1,No comment,1
4633-TFEHS,2025-11-07,No,97,service issue,1
4618-HNYHK,2025-11-07,No,49,service issue,1
3511-QFPNP,2025-11-07,Unknown,11,No comment,2
4523-OEUGP,2025-11-07,Yes,65,billing complaint,1
2070-ZCHXA,2025-11-07,Yes,59,happy with service,1
1200-TECNK,2025-11-07,No,40,service issue,1
8027-BIRKM,2025-11-07,Unknown,73,demaned refund,1
4283-ZNOLJ,2025-11-07,Yes,76,happy with service,1
4576-QVZBP,2025-11-07,No,32,happy with service,2
8404-DKXLI,2025-11-07,Yes,77,paymnt failed,2
0839-DZAPI,2025-11-07,Unknown,95,No comment,1
1723-GHJIX,2025-11-08,No,69,No comment,1
3613-KUCVY,2025-11-08,Yes,66,No comment,1
4030-LUTBR,2025-11-08,Yes,29,requested callback,1
1878-LLMMN,2025-11-08,No,23,demaned refund,2
4258-BMTUH,2025-11-08,No,49,No comment,1
9907-GTSKK,2025-11-08,Yes,59,app not working,1
8344-WUGIG,2025-11-08,Yes,75,No comment,1
6208-IMCYY,2025-11-08,No,70,demaned refund,1
1839-KHKDW,2025-11-08,No,37,guidance to renew,1
3529-HXVBB,2025-11-08,No,53,demaned refund,1
8600-JOTFQ,2025-11-08,No,60,No comment,1
7446-RZWCK,2025-11-08,Yes,78,guidance to renew,2
9588-OYCES,2025-11-08,Yes,98,paymnt failed,1
8282-ZOSNA,2025-11-08,Unknown,36,guidance to renew,1
1604-STHJJ,2025-11-08,No,92,service issue,2
4316-GKTTL,2025-11-08,Unknown,55,service issue,1
8858-AEHHO,2025-11-09,No,79,paymnt failed,1
0040-XKRFC,2025-11-09,Yes,20,No comment,1
8305-UOKKI,2025-11-09,Yes,31,billing complaint,1
3745-IITKU,2025-11-09,Yes,9,No comment,1
1761-WOMBJ,2025-11-09,No,3,app not working,1
1289-WFEIW,2025-11-09,Unknown,62,requested callback,1
9375-LJHQC,2025-11-09,No,95,No comment,2
1150-LJBYS,2025-11-09,Yes,49,billing complaint,1
7602-IIDTQ,2025-11-09,No,44,received refund,1
8096-KZIYD,2025-11-09,No,83,demaned refund,1
9195-QNYKX,2025-11-09,No,66,requested callback,1
9382-OPGFS,2025-11-10,No,79,app not working,1
6149-YYNCQ,2025-11-10,No,42,received refund,1
7710-GTMXN,2025-11-10,No,16,requested callback,1
1937-SBAUP,2025-11-10,No,24,paymnt failed,1
3751-WCASY,2025-11-10,Unknown,98,happy with service,1
8179-VXRFH,2025-11-10,Yes,42,No comment,2
1906-ZFQPA,2025-11-10,No,8,billing complaint,1
5506-NPLHM,2025-11-10,No,4,No comment,2
6544-IGSSC,2025-11-10,No,44,requested callback,1
0702-EIVOI,2025-11-10,Yes,24,service issue,2
7241-HOPNC,2025-11-10,Yes,67,app not working,2
4559-RHWYY,2025-11-10,Yes,69,No comment,1
5767-LBIRL,2025-11-10,Yes,49,No comment,1
9288-KWNEF,2025-11-10,No,14,No comment,2
3306-SREQL,2025-11-10,Unknown,42,billing complaint,2
5248-CLPON,2025-11-10,Yes,67,guidance to renew,2
4834-UBZQO,2025-11-11,No,86,No comment,1
7048-LPSRR,2025-11-11,Yes,68,billing complaint,1
1129-OACTA,2025-11-11,No,5,received refund,1
7115-ZCADD,2025-11-11,Yes,57,No comment,1
1274-WTRMX,2025-11-11,Yes,42,happy with service,1
7169-IJNJM,2025-11-11,No,95,received refund,1
8935-UFYKK,2025-11-11,No,5,received refund,1
9805-XDFXL,2025-11-11,Unknown,67,billing complaint,1
1929-TMNDA,2025-11-11,Yes,5,No comment,1
4742-ZMLJU,2025-11-11,No,18,received refund,1
4809-TQPBV,2025-11-11,Yes,96,No comment,1
8106-TNYWO,2025-11-11,Unknown,26,service issue,1
9301-GOWEW,2025-11-11,No,35,No comment,2
4663-PJPAK,2025-11-11,No,17,No comment,1
2680-XJYFB,2025-11-11,Yes,58,guidance to renew,2
7865-GINIP,2025-11-12,Yes,15,received refund,1
7717-QNHJJ,2025-11-12,Yes,11,No comment,1
6048-RWDEC,2025-11-12,No,40,service issue,1
0596-MNPSB,2025-11-12,No,16,demaned refund,1
8857-YDMRF,2025-11-12,Yes,62,No comment,1
1029-CGWOD,2025-11-12,Yes,49,billing complaint,2
9988-VTSQS,2025-11-12,No,81,demaned refund,1
3332-LXYSY,2025-11-12,Yes,11,service issue,1
7532-PWQDR,2025-11-12,No,11,received refund,1
6259-ZJVFF,2025-11-12,No,70,No comment,1
6996-ILUVA,2025-11-12,Unknown,55,requested callback,1
1020-NFLBJ,2025-11-12,No,82,paymnt failed,1
0219-IKCZR,2025-11-12,Yes,10,app not working,2
8505-LMATX,2025-11-12,Yes,50,billing complaint,2
1430-HIYKT,2025-11-12,Yes,0,billing complaint,1
3702-XAZYJ,2025-11-12,No,43,service issue,1
6259-RTVCP,2025-11-12,No,2,paymnt failed,1
8822-HONZD,2025-11-13,No,4,paymnt failed,1
4880-VCFZK,2025-11-13,No,66,app not working,2
2308-DQBUK,2025-11-13,No,77,paymnt failed,1
5827-GUCCF,2025-11-13,No,38,happy with service,1
4421-MSHVR,2025-11-13,Yes,30,received refund,1
7646-FTQJI,2025-11-13,No,65,No comment,1
7540-HZEXC,2025-11-13,Yes,75,No comment,1
7900-BTDKA,2025-11-13,Yes,63,No comment,1
7539-YIETY,2025-11-13,Yes,89,happy with service,1
1096-MLSVX,2025-11-13,Yes,28,service issue,2
6069-PKLQD,2025-11-13,Unknown,90,No comment,2
8522-DYBSW,2025-11-13,Unknown,70,No comment,1
7239-MJOZN,2025-11-14,Unknown,85,No comment,1
2110-IXJHZ,2025-11-14,No,87,demaned refund,1
2830-HKUIL,2025-11-14,Yes,3,guidance to renew,1
8235-AYEWP,2025-11-14,Yes,64,No comment,1
6628-DIGHK,2025-11-14,Yes,61,billing complaint,1
2690-JKBDR,2025-11-14,Unknown,91,No comment,1
1918-KWVVS,2025-11-14,Yes,14,app not working,1
1567-SJJKU,2025-11-14,No,96,demaned refund,1
0505-NYFJJ,2025-11-14,No,38,guidance to renew,2
3010-VNEVE,2025-11-14,Unknown,40,received refund,1
0421-FSDFU,2025-11-14,Yes,31,billing complaint,2
9092-IJIIM,2025-11-14,Unknown,26,No comment,1
2093-ICLRU,2025-11-14,Yes,53,received refund,2
4376-GZXRW,2025-11-14,Yes,28,guidance to renew,2
7063-ZDTAY,2025-11-14,No,23,guidance to renew,2
6280-ZKFIP,2025-11-14,Yes,6,service issue,1
6186-QQSHV,2025-11-14,Unknown,63,service issue,1
5102-ABPEG,2025-11-14,No,49,requested callback,1
5340-DQVQQ,2025-11-15,No,37,happy with service,1
9654-FOISW,2025-11-15,No,18,billing complaint,1
6662-EBBDR,2025-11-15,Yes,92,requested callback,1
5501-UKKZJ,2025-11-15,No,13,app not working,3
2370-FTTTP,2025-11-15,Yes,5,No comment,1
3490-NTWWH,2025-11-15,No,87,No comment,1
3067-AXIYI,2025-11-15,Yes,70,No comment,1
4295-BTOVU,2025-11-15,No,18,requested callback,1
9603-FAFXT,2025-11-15,Yes,45,service issue,1
7888-ZNRGS,2025-11-15,No,12,No comment,1
1970-MCXQN,2025-11-15,Yes,28,guidance to renew,2
3030-QYIMR,2025-11-15,No,64,billing complaint,1
7399-UZKJZ,2025-11-15,Yes,86,No comment,1
5026-BORMY,2025-11-16,No,46,service issue,1
3749-PYJIY,2025-11-16,Yes,19,service issue,1
2689-ZSUZE,2025-11-16,Unknown,29,service issue,1
7175-SSARC,2025-11-16,No,10,No comment,1
9402-ZUSTK,2025-11-16,Yes,97,No comment,2
7398-TETMQ,2025-11-16,Yes,43,received refund,1
5308-GQLHT,2025-11-16,Yes,8,guidance to renew,1
0387-ENVNM,2025-11-16,No,57,app not working,1
2701-FTNQO,2025-11-16,No,83,No comment,1
5376-APOST,2025-11-16,Yes,53,guidance to renew,1
7811-FDEBS,2025-11-16,No,46,happy with service,1
6207-KOQYR,2025-11-16,Yes,63,No comment,2
7830-XCTEW,2025-11-16,Yes,40,No comment,2
2281-AWVSF,2025-11-16,No,24,No comment,1
7191-EYALO,2025-11-16,No,89,demaned refund,1
4551-IPLXN,2025-11-16,No,26,service issue,1
1320-SEFHC,2025-11-16,No,49,No comment,1
8582-MNWTX,2025-11-16,Yes,38,No comment,2
6658-JEYUF,2025-11-17,No,66,received refund,2
0335-FIYSV,2025-11-17,No,3,paymnt failed,1
6346-PUYVY,2025-11-17,Yes,63,No comment,1
0144-FNSZU,2025-11-17,Yes,23,No comment,2
1874-WSSJM,2025-11-17,No,68,service issue,1
3604-RQHZY,2025-11-17,Yes,66,No comment,1
8239-NMNWO,2025-11-17,Yes,83,requested callback,1
9874-GCSGT,2025-11-17,Yes,0,demaned refund,2
9846-IOLLG,2025-11-17,No,11,happy with service,1
4414-RYYBU,2025-11-17,Unknown,46,guidance to renew,1
1183-JSZZK,2025-11-17,Unknown,19,received refund,1
8681-RFAYK,2025-11-17,No,47,app not working,2
3074-GDMTR,2025-11-17,Yes,85,paymnt failed,1
3913-ZAULO,2025-11-17,Yes,15,service issue,1
1162-DOTNB,2025-11-17,Yes,70,demaned refund,1
3975-OUELK,2025-11-17,No,38,received refund,1
1658-VOJUW,2025-11-18,Yes,25,No comment,1
1962-IZBFQ,2025-11-18,Unknown,27,app not working,1
8281-CNCHW,2025-11-18,Unknown,85,received refund,1
4446-ESFYZ,2025-11-18,No,4,No comment,2
1076-QJPDC,2025-11-18,Yes,61,service issue,1
8269-OAGKN,2025-11-18,Yes,36,No comment,1
3674-EBUCJ,2025-11-18,No,47,requested callback,1
2357-QDHPV,2025-11-18,No,29,guidance to renew,1
1584-HTMOJ,2025-11-18,Unknown,16,No comment,2
3076-SQVNO,2025-11-18,Yes,84,billing complaint,1
3175-XWYXJ,2025-11-18,Yes,40,No comment,1
6127-FNJZF,2025-11-19,Yes,2,received refund,1
7578-PPPET,2025-11-19,Unknown,75,service issue,1
8450-VJKOU,2025-11-19,Yes,71,No comment,1
8278-UPFZA,2025-11-19,No,94,guidance to renew,1
7545-RKHJJ,2025-11-19,No,87,guidance to renew,2
5674-JHNYM,2025-11-19,Yes,4,requested callback,1
4829-YIFBJ,2025-11-19,Yes,41,received refund,1
7456-DJQZC,2025-11-19,Yes,46,received refund,1
9546-ZJEGG,2025-11-19,No,40,No comment,1
7101-MUHRW,2025-11-19,Unknown,49,demaned refund,2
0773-SANUD,2025-11-19,No,48,demaned refund,1
0768-BWTQG,2025-11-19,No,17,happy with service,2
8841-EMZQQ,2025-11-19,No,39,requested callback,2
4854-XTLTS,2025-11-20,Yes,95,billing complaint,1
6875-NIJXQ,2025-11-20,No,46,No comment,1
5158-ZIYWF,2025-11-20,No,46,No comment,1
0036-HPVSY,2025-11-20,Yes,44,paymnt failed,1
3878-UOVKX,2025-11-20,Unknown,42,billing complaint,1
5543-CYTNF,2025-11-20,Yes,85,No comment,1
3027-UOGKF,2025-11-20,No,6,No comment,1
4247-RECGU,2025-11-20,Yes,39,No comment,2
2196-LSGCO,2025-11-20,No,86,received refund,2
1301-TJVFA,2025-11-20,No,49,billing complaint,1
4899-VUZDF,2025-11-20,No,81,happy with service,1
6300-PMAZE,2025-11-21,No,43,No comment,1
5508-IADBN,2025-11-21,No,61,paymnt failed,1
8206-LEGYX,2025-11-21,Yes,51,app not working,1
6170-POHNX,2025-11-21,No,81,billing complaint,1
4684-JSESM,2025-11-21,Yes,94,received refund,1
6927-BRLBY,2025-11-21,Yes,29,No comment,1
7914-SYSAW,2025-11-21,Yes,75,guidance to renew,1
8020-CEXTT,2025-11-21,No,31,billing complaint,2
9744-JTNAS,2025-11-21,Yes,23,happy with service,1
1107-JVJLT,2025-11-21,No,35,demaned refund,1
6854-VUOFE,2025-11-21,Unknown,37,No comment,1
4864-AIMGH,2025-11-21,No,9,billing complaint,1
1898-ULSXW,2025-11-21,Yes,8,demaned refund,1
1239-QAGND,2025-11-21,Yes,29,No comment,2
3030-SCQUE,2025-11-21,Yes,75,app not working,2
0325-PIBQY,2025-11-21,Yes,56,guidance to renew,1
2713-KSDBW,2025-11-21,No,44,billing complaint,2
3295-NAXXV,2025-11-22,Unknown,40,No comment,1
4763-PZDCC,2025-11-22,No,72,app not working,1
3914-HAGRR,2025-11-22,Unknown,33,app not working,1
7229-CZBRH,2025-11-22,Yes,19,service issue,1
1547-ZXQSQ,2025-11-22,Yes,75,app not working,1
4870-IMLFU,2025-11-23,No,83,app not working,1
2589-LDEWM,2025-11-23,Yes,17,paymnt failed,1
2701-DZJDD,2025-11-23,No,58,paymnt failed,1
8895-THFGH,2025-11-23,Unknown,22,No comment,1
6136-QPOTV,2025-11-23,Yes,52,No comment,1
1445-YWURJ,2025-11-23,Yes,51,demaned refund,1
5147-OQKBK,2025-11-23,Yes,49,service issue,1
0064-XUVFX,2025-11-23,No,89,app not working,1
4777-CHTNX,2025-11-23,Yes,11,billing complaint,1
5495-LZFFO,2025-11-23,Yes,9,paymnt failed,1
7578-KCGRH,2025-11-23,Yes,68,No comment,2
6312-AFDYM,2025-11-23,No,75,demaned refund,1
1228-WECRD,2025-11-23,No,67,received refund,1
5438-YCTMB,2025-11-24,Unknown,1,requested callback,1
6068-GRQWF,2025-11-24,Yes,43,demaned refund,1
3643-NYBCO,2025-11-24,No,98,No comment,1
4909-COOFG,2025-11-24,No,58,guidance to renew,1
5839-MJAKZ,2025-11-24,No,21,paymnt failed,1
4691-FGZKA,2025-11-24,Yes,18,requested callback,1
9106-MRUPU,2025-11-24,No,88,guidance to renew,1
9502-BAUUN,2025-11-24,Yes,23,guidance to renew,2
2479-OMPUS,2025-11-24,Unknown,86,guidance to renew,1
8820-NXELU,2025-11-24,No,13,No comment,1
7953-UMCZI,2025-11-24,No,37,service issue,1
5870-EEHXQ,2025-11-24,No,26,requested callback,1
1736-LRPUA,2025-11-25,Yes,51,service issue,1
2886-XXENK,2025-11-25,Yes,93,No comment,1
5357-RCRNR,2025-11-25,No,54,No comment,1
7474-SNMDP,2025-11-25,No,29,received refund,1
0476-CGBNG,2025-11-25,No,52,demaned refund,1
6140-XYBYY,2025-11-25,Yes,76,guidance to renew,1
9273-IRRDA,2025-11-25,Yes,38,No comment,1
4208-JIGNK,2025-11-25,No,95,guidance to renew,1
1594-SXEIQ,2025-11-25,No,28,guidance to renew,1
6455-LXGQF,2025-11-25,No,79,No comment,1
2848-LZTZG,2025-11-25,No,73,app not working,1
1677-XNTKG,2025-11-25,No,37,received refund,1
3814-UWDMH,2025-11-25,Yes,15,received refund,1
6224-XIQPT,2025-11-25,Yes,0,No comment,1
5118-OWWNI,2025-11-25,Yes,95,demaned refund,1
5544-FWWKQ,2025-11-25,No,49,No comment,1
9805-OIOVH,2025-11-25,No,90,No comment,1
7953-OCZVA,2025-11-25,No,73,billing complaint,1
0317-ANTPF,2025-11-25,Unknown,34,billing complaint,2
4061-AJMIV,2025-11-25,No,31,service issue,1
1784-OKISK,2025-11-25,No,42,demaned refund,1
1021-DLAYN,2025-11-25,No,86,service issue,2
6644-YOHQJ,2025-11-25,Yes,30,demaned refund,2
0202-IFWQV,2025-11-26,Yes,48,demaned refund,1
9029-WXJWE,2025-11-26,Yes,9,app not working,1
3678-XREWG,2025-11-26,No,86,No comment,1
4821-LVRRI,2025-11-26,No,70,app not working,1
5024-PMHBS,2025-11-26,No,3,app not working,1
2742-GUXRS,2025-11-26,Unknown,89,received refund,1
7514-EWSLM,2025-11-26,No,98,No comment,1
5587-TUBBN,2025-11-26,No,97,billing complaint,2
8828-MBVBV,2025-11-26,No,59,No comment,1
5184-ZBCCQ,2025-11-26,Unknown,22,No comment,1
3877-CRXZL,2025-11-26,Yes,81,billing complaint,2
7442-GFBYK,2025-11-26,No,35,demaned refund,2
4040-QBIYY,2025-11-26,No,42,guidance to renew,2
7587-XZWSU,2025-11-26,Yes,51,No comment,1
7310-PJTXV,2025-11-27,No,65,billing complaint,1
9751-IINQO,2025-11-27,Yes,22,demaned refund,1
7560-YUKUS,2025-11-27,No,55,No comment,1
5066-HBKSD,2025-11-27,No,93,No comment,1
7664-IJJSP,2025-11-27,Yes,43,service issue,1
6522-WDNCG,2025-11-27,No,66,billing complaint,1
1663-YTJQT,2025-11-27,No,32,guidance to renew,1
8434-SQQFF,2025-11-27,Yes,79,service issue,1
1681-EYCJR,2025-11-27,Yes,20,guidance to renew,1
4795-OPARK,2025-11-27,Yes,80,No comment,1
4732-ATSKF,2025-11-27,No,57,No comment,1
3217-LCUMZ,2025-11-27,No,9,No comment,1
6845-QTMWG,2025-11-27,Yes,63,demaned refund,1
2204-BJGNU,2025-11-27,No,77,No comment,1
1933-WNOUO,2025-11-27,Yes,44,No comment,2
3896-QMXVL,2025-11-27,No,92,app not working,1
1314-OZYLX,2025-11-27,No,20,app not working,1
5718-QPKDH,2025-11-27,Yes,38,No comment,2
9916-REMYJ,2025-11-27,No,67,demaned refund,2
1959-OCUPD,2025-12-01,No,46,No comment,1
4052-QJTFG,2025-12-01,No,0,No comment,1
1988-MERPM,2025-12-01,Yes,98,service issue,1
2565-ISNAV,2025-12-01,No,18,No comment,1
4738-VBYQB,2025-12-01,No,33,demaned refund,1
6332-DAKZW,2025-12-01,No,97,No comment,1
0523-CSQDI,2025-12-01,No,69,requested callback,2
0841-QYDTL,2025-12-01,Yes,48,requested callback,2
9139-RHNOU,2025-12-01,No,22,received refund,1
1334-WZAAH,2025-12-01,Yes,18,demaned refund,1
0859-MKVAQ,2025-12-02,No,69,No comment,1
7015-TAQML,2025-12-02,Yes,74,received refund,1
3766-KGCFQ,2025-12-02,Unknown,79,guidance to renew,1
4010-MQDPY,2025-12-02,No,27,app not working,1
6003-NSSGI,2025-12-02,Yes,31,requested callback,1
1065-UGATP,2025-12-02,Unknown,49,guidance to renew,1
5302-VZHTB,2025-12-02,Yes,77,No comment,1
4047-BRFTE,2025-12-02,Yes,46,demaned refund,1
4449-PBAEM,2025-12-02,No,54,paymnt failed,1
0695-OQTOS,2025-12-02,No,49,app not working,1
5341-UOAPJ,2025-12-02,No,70,No comment,1
7751-UZPON,2025-12-02,Yes,56,received refund,2
2626-TSUTS,2025-12-02,Yes,45,service issue,1
8009-UZOXW,2025-12-02,Yes,81,No comment,2
3547-UXVWD,2025-12-02,No,38,service issue,1
8963-PPSGZ,2025-12-03,Yes,8,No comment,1
3795-TWGMB,2025-12-03,Yes,32,No comment,1
8201-HPBCH,2025-12-03,No,18,billing complaint,1
6521-GDHSY,2025-12-03,Yes,93,guidance to renew,1
6069-MXYBN,2025-12-03,No,11,service issue,1
3053-HPLTP,2025-12-03,Yes,94,requested callback,1
4067-XMREG,2025-12-03,No,8,received refund,1
5156-KJUYM,2025-12-03,Yes,1,demaned refund,1
7526-FLRBE,2025-12-03,No,38,app not working,1
5787-BDSCF,2025-12-03,Yes,69,requested callback,1
0387-AUZFH,2025-12-03,No,49,service issue,1
6135-OSMPW,2025-12-03,No,22,received refund,1
8085-LULEA,2025-12-03,No,50,service issue,1
1901-IPEJX,2025-12-03,Yes,73,service issue,1
0679-HHULN,2025-12-03,No,53,happy with service,2
1424-FRHSN,2025-12-03,Yes,60,No comment,1
7337-KYQJU,2025-12-03,Yes,70,happy with service,1
0297-ZOPTQ,2025-12-03,No,54,received refund,1
0637-EYTUW,2025-12-03,Yes,97,guidance to renew,1
6647-MIIRK,2025-12-03,No,63,billing complaint,1
8415-ZDHPY,2025-12-03,No,76,received refund,2
3483-IVJFA,2025-12-03,Yes,94,app not working,1
3319-MBOSE,2025-12-04,Unknown,25,received refund,1
8181-EUDGN,2025-12-04,Yes,76,guidance to renew,1
6704-IFTKX,2025-12-04,Yes,90,received refund,1
8788-WBFDG,2025-12-04,Yes,49,guidance to renew,1
5962-HOUHK,2025-12-04,No,81,requested callback,1
6501-ZMIBW,2025-12-04,Yes,21,happy with service,2
3129-SKWJT,2025-12-04,Unknown,54,happy with service,2
3561-WKZEE,2025-12-05,Yes,25,app not working,1
5391-JMHMB,2025-12-05,Yes,27,paymnt failed,1
3652-EDIHN,2025-12-05,No,88,app not working,2
7073-NKCLJ,2025-12-05,No,22,app not working,1
1111-IYBOK,2025-12-05,Yes,94,received refund,1
1500-SOJYA,2025-12-05,Yes,45,demaned refund,1
6692-WTFTV,2025-12-05,Yes,58,received refund,1
1453-HXMDI,2025-12-05,Unknown,44,happy with service,1
6020-ZPXAD,2025-12-05,No,69,billing complaint,1
7130-DMOEA,2025-12-05,No,55,guidance to renew,1
5348-IAKDH,2025-12-05,Yes,56,happy with service,2
4565-TBEJV,2025-12-05,No,86,paymnt failed,1
3121-ALIDT,2025-12-05,Yes,15,billing complaint,1
0106-KGARW,2025-12-05,Yes,88,service issue,2
7073-WFTRZ,2025-12-05,Yes,30,No comment,1
2472-KUTDA,2025-12-05,Yes,27,No comment,2
0703-PNXOC,2025-12-05,Yes,37,service issue,1
3571-LUPTY,2025-12-05,No,71,guidance to renew,1
3158-NJOKW,2025-12-05,Unknown,77,service issue,1
8698-KCODU,2025-12-05,No,36,service issue,1
6666-DPDHP,2025-12-05,No,23,service issue,2
0222-GKNAI,2025-12-05,Yes,30,paymnt failed,1
8420-NTYHU,2025-12-06,No,56,happy with service,1
9553-CBPHL,2025-12-06,Yes,26,No comment,1
0998-ZLXRT,2025-12-06,No,58,No comment,2
2349-LYGCV,2025-12-06,No,43,app not working,1
2638-HMEYL,2025-12-06,Yes,55,No comment,1
6807-CQZJD,2025-12-06,Yes,5,No comment,1
4119-FBDWS,2025-12-06,Unknown,25,service issue,1
3818-RLQLE,2025-12-06,No,38,No comment,1
5159-NIOVT,2025-12-06,No,46,guidance to renew,2
9956-EGYFQ,2025-12-06,Yes,98,service issue,1
1601-RDQYM,2025-12-06,Unknown,1,service issue,2
5539-NVCIK,2025-12-06,Yes,54,paymnt failed,1
0083-VZHWS,2025-12-06,Yes,19,No comment,1
3945-OVZZM,2025-12-06,No,86,demaned refund,1
8093-OJRXB,2025-12-06,Yes,79,No comment,1
0693-UCEPF,2025-12-06,No,82,No comment,1
8485-YXIZL,2025-12-06,Yes,50,requested callback,3
4567-DRLHZ,2025-12-06,No,51,requested callback,1
8460-EEEKI,2025-12-07,No,82,guidance to renew,1
6006-WZUNF,2025-12-07,Yes,76,received refund,1
6650-KIMAD,2025-12-07,No,23,happy with service,1
5213-YYBJN,2025-12-07,Yes,13,service issue,1
6742-FRJBV,2025-12-07,Unknown,45,app not working,1
5933-JNBFJ,2025-12-07,Yes,56,No comment,1
0530-RJUSD,2025-12-07,Yes,30,received refund,2
4482-SAUVE,2025-12-07,No,28,demaned refund,1
4414-BUFBN,2025-12-07,Yes,22,billing complaint,1
1924-MMRIE,2025-12-07,Yes,75,requested callback,1
8883-QUJHN,2025-12-07,No,71,No comment,3
0079-DKBPA,2025-12-07,Yes,12,happy with service,1
0771-PRWQO,2025-12-07,Yes,32,happy with service,1
0638-SUWBS,2025-12-07,Yes,43,No comment,2
9427-OAEWV,2025-12-08,No,20,service issue,1
0111-KGOHY,2025-12-08,Yes,82,requested callback,1
1568-HYMJX,2025-12-08,No,71,demaned refund,2
7282-XMEDQ,2025-12-08,Yes,57,No comment,1
9679-CNUCP,2025-12-08,Yes,55,requested callback,1
9470-LRYKQ,2025-12-08,No,79,No comment,1
7804-ADVDT,2025-12-08,Yes,10,No comment,1
1300-BBIDE,2025-12-08,Yes,9,No comment,1
2994-LEQIX,2025-12-08,No,20,requested callback,1
2486-MFEDN,2025-12-08,Yes,5,billing complaint,1
7328-HXPRO,2025-12-08,No,27,app not working,2
5180-TGVGC,2025-12-08,No,42,No comment,1
1778-ADSLZ,2025-12-08,Yes,75,paymnt failed,1
7802-VPUVT,2025-12-08,Unknown,3,guidance to renew,1
5990-YRRWW,2025-12-08,No,53,received refund,2
1783-KPOIV,2025-12-09,Yes,82,billing complaint,1
6156-YZGSZ,2025-12-09,Yes,44,paymnt failed,1
6521-FZCTI,2025-12-09,Unknown,35,No comment,1
2510-ANFMU,2025-12-09,Yes,41,paymnt failed,1
3199-PEEYY,2025-12-09,Yes,60,No comment,1
0889-UYVQE,2025-12-09,Unknown,49,No comment,1
9854-ECRFD,2025-12-09,No,94,billing complaint,1
0786-VYBHL,2025-12-09,No,34,guidance to renew,1
7898-LCLFP,2025-12-09,Unknown,51,paymnt failed,2
4876-FBNHT,2025-12-09,No,60,No comment,1
5005-CLMLY,2025-12-09,No,98,No comment,1
3709-EQLGA,2025-12-10,No,24,No comment,1
5147-EJRKO,2025-12-10,Yes,85,requested callback,1
4790-VCZKP,2025-12-10,Yes,52,service issue,1
8932-UFMOL,2025-12-10,Yes,7,No comment,2
3102-FWTYY,2025-12-10,No,26,received refund,2
7900-CKEGX,2025-12-10,Yes,43,billing complaint,1
6818-QVGVR,2025-12-10,No,8,received refund,1
9914-ILYRJ,2025-12-10,Unknown,2,app not working,2
2912-MENIQ,2025-12-10,Yes,57,billing complaint,1
4866-PXWCD,2025-12-10,Yes,16,app not working,1
8626-OONBP,2025-12-10,Yes,98,No comment,1
1980-MOGDL,2025-12-11,Yes,42,paymnt failed,1
6596-YDGET,2025-12-11,Yes,67,No comment,1
0590-HPIFR,2025-12-11,Yes,42,service issue,1
5598-BHUMB,2025-12-11,Yes,19,No comment,1
1064-OZYXU,2025-12-11,No,75,received refund,1
3235-ZYAAJ,2025-12-11,Yes,70,received refund,1
2302-NXBLJ,2025-12-11,Yes,77,paymnt failed,1
6386-RQPUP,2025-12-11,Yes,76,No comment,1
0636-CKXHN,2025-12-11,Yes,40,guidance to renew,2
9393-KVFOI,2025-12-11,Yes,51,billing complaint,1
2769-FVFJE,2025-12-11,Unknown,86,guidance to renew,2
8523-RKJIR,2025-12-11,Yes,86,No comment,1
7875-UZHML,2025-12-11,Yes,55,No comment,1
4902-SRYAP,2025-12-11,Yes,67,app not working,1
2143-BQEQP,2025-12-11,Yes,66,No comment,2
1890-EZUBJ,2025-12-11,Yes,1,happy with service,2
6259-REGWC,2025-12-11,No,11,guidance to renew,1
0235-ZFFWS,2025-12-12,Yes,32,app not working,1
1392-TYWTA,2025-12-12,Yes,75,received refund,1
8828-QMCIF,2025-12-12,Yes,38,happy with service,1
9407-PREVG,2025-12-12,Yes,54,demaned refund,1
5720-YTBZB,2025-12-12,Yes,3,service issue,3
2033-JZAHK,2025-12-12,No,16,app not working,1
3785-VRKPK,2025-12-12,No,9,received refund,1
9088-CJWMD,2025-12-12,No,16,demaned refund,1
2876-ABYXO,2025-12-12,Yes,71,No comment,1
6272-DSTUT,2025-12-12,No,83,guidance to renew,2
0556-ZEEHB,2025-12-12,No,35,service issue,1
6590-JQQVP,2025-12-12,No,27,happy with service,1
2556-ETSJJ,2025-12-12,No,81,No comment,1
2896-ADYKH,2025-12-12,Yes,18,received refund,1
1042-PLCHE,2025-12-12,No,59,No comment,1
9567-WKWYX,2025-12-12,Yes,70,received refund,1
6963-RKKOZ,2025-12-12,Yes,18,requested callback,1
7373-EPGKG,2025-12-12,Yes,51,No comment,1
1624-AUEFV,2025-12-12,Yes,47,No comment,1
6951-PFKIE,2025-12-13,Unknown,48,received refund,1
0142-WDECU,2025-12-13,Yes,49,No comment,1
9060-RSCOM,2025-12-13,Yes,37,app not working,1
6203-VTRUF,2025-12-13,Yes,46,No comment,1
0036-PGBFJ,2025-12-13,No,53,service issue,1
6053-KXNYZ,2025-12-13,No,1,demaned refund,1
2644-NYEHZ,2025-12-13,Unknown,86,No comment,2
1747-EWAAH,2025-12-13,No,23,No comment,1
3446-LCZOV,2025-12-13,Yes,97,app not working,1
0564-VRYUA,2025-12-13,Unknown,38,requested callback,1
0875-AAOGU,2025-12-13,Yes,67,demaned refund,2
3035-HNLBH,2025-12-13,Unknown,70,guidance to renew,2
2929-MKQNO,2025-12-13,No,57,guidance to renew,1
1974-HBAXF,2025-12-13,No,20,billing complaint,2
1950-XSHEK,2025-12-14,Unknown,54,requested callback,1
0650-UPZWO,2025-12-14,No,29,guidance to renew,1
3896-CRYAC,2025-12-14,No,68,billing complaint,1
9923-UNGMO,2025-12-14,Yes,13,app not working,1
8008-MVCSE,2025-12-14,No,70,app not working,1
6933-NDDQO,2025-12-14,Yes,59,app not working,1
2693-VWRHG,2025-12-14,Yes,3,received refund,2
7306-SBTUN,2025-12-15,Yes,30,received refund,1
9693-THDIV,2025-12-15,No,27,demaned refund,1
9351-SAMXJ,2025-12-15,Yes,33,received refund,1
5692-UUXLL,2025-12-15,No,39,requested callback,1
5842-FUBJO,2025-12-15,Yes,16,happy with service,2
0087-ZNUFL,2025-12-15,No,48,service issue,1
9364-JMFRG,2025-12-15,No,53,demaned refund,1
6864-BZAZZ,2025-12-15,Yes,21,paymnt failed,1
2055-LXDTN,2025-12-15,Yes,57,demaned refund,1
9884-GSXMN,2025-12-16,No,78,No comment,1
3635-MRLQS,2025-12-16,No,76,app not working,1
0451-YGJPN,2025-12-16,No,35,paymnt failed,1
4716-MVYDF,2025-12-16,No,28,billing complaint,1
7067-YJDFP,2025-12-16,No,22,happy with service,1
5577-DTHWH,2025-12-16,Yes,47,received refund,1
9632-WJUIX,2025-12-16,Yes,15,requested callback,2
3919-GLYUY,2025-12-16,Yes,32,app not working,1
2444-PULGR,2025-12-16,Yes,31,service issue,1
3419-FXHZP,2025-12-16,Yes,60,No comment,2
2045-QSYYH,2025-12-16,Yes,85,No comment,1
3983-XMFJN,2025-12-16,No,58,No comment,2
9456-WEUTY,2025-12-16,No,4,No comment,1
8203-SEACF,2025-12-16,Yes,47,guidance to renew,1
7588-AUACM,2025-12-16,Yes,82,billing complaint,1
5346-EQZIC,2025-12-17,Yes,91,app not working,1
7905-CMDBB,2025-12-17,Yes,29,app not working,1
7669-QJZMF,2025-12-17,Yes,58,paymnt failed,1
1179-RLCNY,2025-12-17,Yes,82,No comment,2
5216-XRJYJ,2025-12-17,No,84,received refund,2
1806-MVOIE,2025-12-17,Yes,44,received refund,1
7176-VJTET,2025-12-17,No,70,service issue,1
1809-GPYII,2025-12-17,Yes,29,happy with service,1
7953-MZVBV,2025-12-17,Yes,0,No comment,1
4505-LQWLK,2025-12-17,Yes,35,happy with service,1
3737-SLFJD,2025-12-17,No,88,No comment,1
2446-UPOMG,2025-12-17,No,42,received refund,2
0459-CLCVJ,2025-12-17,Yes,10,demaned refund,2
6896-CLGQQ,2025-12-17,No,32,happy with service,1
8551-DCWDM,2025-12-17,No,71,app not working,2
3997-NZGBH,2025-12-17,No,74,guidance to renew,1
5735-QEPGG,2025-12-17,No,93,app not working,1
4453-LGPCS,2025-12-17,Yes,60,No comment,2
3526-HXIOF,2025-12-18,No,72,No comment,1
4614-GSWOX,2025-12-18,Yes,89,paymnt failed,1
8313-DHTGV,2025-12-18,Yes,2,paymnt failed,2
0820-DUIEK,2025-12-18,No,43,requested callback,1
2725-HUXYJ,2025-12-18,No,40,happy with service,1
6787-YCQKC,2025-12-18,No,14,billing complaint,1
0639-JGQPP,2025-12-18,Unknown,45,No comment,1
6063-WTCCF,2025-12-18,No,77,No comment,1
7936-IUPCD,2025-12-18,Unknown,53,app not working,2
1578-QSKYH,2025-12-19,No,74,service issue,1
0426-THETK,2025-12-19,No,29,happy with service,1
7083-FBOYE,2025-12-19,No,65,app not working,1
7728-GXDBT,2025-12-19,Yes,87,app not working,1
6665-JQOML,2025-12-19,Yes,50,No comment,1
3183-BLMXR,2025-12-19,Yes,68,requested callback,1
9112-PHOUX,2025-12-19,Yes,55,received refund,2
2722-ZDMNI,2025-12-19,No,27,guidance to renew,1
4188-JCUTU,2025-12-19,No,35,app not working,1
6305-WKKIQ,2025-12-19,Yes,28,No comment,2
3608-BACMR,2025-12-19,Yes,32,No comment,1
7660-LLQUH,2025-12-19,Yes,58,No comment,1
7701-HPGZD,2025-12-19,No,63,demaned refund,1
7369-QIPYH,2025-12-19,No,33,No comment,2
6883-XTHVS,2025-12-19,No,69,happy with service,1
8519-ZVAIQ,2025-12-19,No,92,demaned refund,1
1472-VKPKI,2025-12-19,No,23,demaned refund,1
1141-VNBMA,2025-12-19,No,95,app not working,2
2325-ETPKQ,2025-12-19,No,29,happy with service,1
0790-MOGOP,2025-12-19,No,52,happy with service,1
7543-DIQKE,2025-12-19,No,15,happy with service,1
0340-KEGKX,2025-12-20,No,67,service issue,1
4339-AVNGH,2025-12-20,No,8,No comment,1
7042-XMMKS,2025-12-20,No,41,demaned refund,1
4006-INIQH,2025-12-20,No,67,No comment,1
0348-DYTYZ,2025-12-20,Yes,34,app not working,1
3411-VRWBB,2025-12-20,Unknown,78,service issue,1
7454-TUPLW,2025-12-20,Yes,83,demaned refund,1
0232-ZSOAU,2025-12-20,No,4,app not working,2
1834-XIIOT,2025-12-20,No,32,guidance to renew,1
5764-YFNPA,2025-12-20,No,44,service issue,1
0652-BGMCT,2025-12-20,No,76,No comment,1
7228-HROCS,2025-12-20,No,8,paymnt failed,1
1156-XSPFP,2025-12-20,Yes,41,No comment,1
4782-FUJBF,2025-12-20,No,50,paymnt failed,1
1768-TWOQN,2025-12-20,Yes,27,No comment,1
5158-OXNDJ,2025-12-20,No,15,No comment,1
7754-RORIW,2025-12-20,No,49,happy with service,1
8835-MJKPN,2025-12-20,No,80,No comment,2
0546-KZLFN,2025-12-21,Yes,41,service issue,1
9511-CLWFM,2025-12-21,Yes,83,paymnt failed,1
2682-NLLDO,2025-12-21,No,80,No comment,2
2996-ZGOUP,2025-12-21,Unknown,15,No comment,1
5965-WLLCT,2025-12-21,Unknown,70,happy with service,1
7455-FWSMW,2025-12-21,No,52,No comment,1
1293-YFMKZ,2025-12-21,Yes,16,service issue,2
9633-MCUAC,2025-12-21,No,69,No comment,2
0444-EEDKB,2025-12-21,No,33,requested callback,2
2831-ILEEJ,2025-12-21,Yes,94,billing complaint,2
1789-CZPMG,2025-12-21,Yes,49,No comment,2
3765-SCBXK,2025-12-21,Yes,63,paymnt failed,1
9448-NYDTB,2025-12-21,No,17,No comment,1
4607-BHLJU,2025-12-21,No,24,guidance to renew,2
8864-USOZU,2025-12-21,No,81,requested callback,2
5530-VKLTQ,2025-12-21,Unknown,82,No comment,1
2598-RIKMU,2025-12-21,Yes,41,demaned refund,1
4551-QFVFZ,2025-12-21,Yes,44,requested callback,2
0934-RSRKH,2025-12-21,Unknown,68,requested callback,1
9689-ACUAO,2025-12-22,Yes,68,demaned refund,1
2783-BRUIY,2025-12-22,No,83,No comment,1
8366-CXYJR,2025-12-22,Yes,0,No comment,1
0529-RYHFV,2025-12-22,No,37,demaned refund,1
4052-GBXTC,2025-12-22,No,48,paymnt failed,4
0250-XQYRJ,2025-12-22,Yes,99,happy with service,1
3197-TPULL,2025-12-22,No,96,requested callback,1
9229-DAMED,2025-12-22,No,31,service issue,1
9453-WCOGQ,2025-12-22,No,12,No comment,1
3792-NOUXH,2025-12-22,No,59,No comment,1
6142-OURGS,2025-12-22,Unknown,97,happy with service,1
8936-RZJAU,2025-12-22,No,27,No comment,1
9262-UTFGU,2025-12-22,No,95,No comment,1
9430-UUUFV,2025-12-22,No,61,demaned refund,1
8340-JZPRT,2025-12-23,Yes,49,app not working,1
8540-LPCQK,2025-12-23,Unknown,30,requested callback,1
9651-RYLPK,2025-12-23,Yes,46,billing complaint,1
3046-GAKJO,2025-12-23,Yes,49,demaned refund,1
8594-EALDK,2025-12-23,Unknown,10,demaned refund,1
7486-WHPYC,2025-12-23,Yes,54,No comment,2
8279-KSWUK,2025-12-23,Yes,95,No comment,1
1463-TBQML,2025-12-23,No,37,app not working,1
2569-RQCXQ,2025-12-23,Yes,30,service issue,1
2856-KNJLQ,2025-12-23,Yes,31,received refund,1
5135-SMYHQ,2025-12-23,Yes,85,app not working,1
7782-PPQAR,2025-12-23,Unknown,8,No comment,2
3805-MJKGY,2025-12-23,Yes,13,received refund,1
8582-EVAHN,2025-12-23,Yes,21,paymnt failed,2
0560-EXKLI,2025-12-23,No,47,requested callback,1
8357-FVPCO,2025-12-23,Yes,34,paymnt failed,2
1700-ZXWBG,2025-12-23,No,83,billing complaint,1
4909-KHQLR,2025-12-24,Yes,50,requested callback,1
2657-UJRWR,2025-12-24,No,11,requested callback,1
1825-FZWDY,2025-12-24,Yes,60,requested callback,1
7985-ONVJZ,2025-12-24,No,91,happy with service,1
3432-XPJKC,2025-12-24,No,44,No comment,1
2817-QBCML,2025-12-24,Yes,13,requested callback,1
4371-SPKYG,2025-12-24,No,49,app not working,1
1405-VNCXA,2025-12-24,No,34,billing complaint,1
7246-DUQQP,2025-12-24,No,27,happy with service,3
7976-ZFMNP,2025-12-24,Yes,79,app not working,2
1690-VUPHI,2025-12-24,Yes,49,No comment,1
7311-TORYW,2025-12-24,Yes,94,guidance to renew,1
8576-UKWFN,2025-12-24,Yes,51,app not working,2
7739-QBAMP,2025-12-24,No,95,demaned refund,2
2527-HNMIF,2025-12-24,No,28,happy with service,1
8605-IKNYV,2025-12-24,Yes,91,app not working,1
4901-THNEJ,2025-12-24,Yes,97,paymnt failed,2
6040-GFZZK,2025-12-25,Yes,23,requested callback,1
5582-ATYUC,2025-12-25,Yes,63,happy with service,1
1053-JRYAP,2025-12-25,Yes,35,No comment,1
8720-PMZRB,2025-12-25,Yes,42,app not working,1
5842-KPWXS,2025-12-25,No,16,No comment,1
4608-TEHUP,2025-12-25,No,8,billing complaint,1
9787-BOIGL,2025-12-25,Yes,81,app not working,1
5966-EBVKW,2025-12-25,No,50,No comment,1
8073-ELXRG,2025-12-25,No,3,No comment,1
2729-HAFET,2025-12-25,No,73,requested callback,1
4024-FOVXL,2025-12-25,Yes,51,received refund,1
6506-IOLTC,2025-12-25,No,55,requested callback,1
7704-CUGSR,2025-12-25,Yes,26,paymnt failed,1
6693-RQDES,2025-12-25,No,62,demaned refund,2
8732-UTUFX,2025-12-26,No,15,happy with service,1
7178-BSMFR,2025-12-26,Unknown,43,requested callback,1
0637-TBXKU,2025-12-26,Yes,25,billing complaint,1
0540-YBVBR,2025-12-26,No,3,paymnt failed,2
3854-ZATDH,2025-12-26,No,96,billing complaint,2
8816-PQQFK,2025-12-26,No,78,No comment,1
9572-QNNYZ,2025-12-26,No,23,No comment,1
4307-GZSUI,2025-12-26,No,78,No comment,1
7751-NZUCO,2025-12-26,Yes,56,app not working,1
8820-MFDUH,2025-12-26,No,35,billing complaint,1
2539-ODQXQ,2025-12-26,Yes,93,app not working,1
9364-OMGNR,2025-12-26,No,70,No comment,1
7422-RGXXP,2025-12-26,Unknown,60,demaned refund,1
0737-KMTKB,2025-12-26,Yes,69,service issue,1
7020-GTWBL,2025-12-26,Unknown,49,service issue,1
1540-XHBBY,2025-12-26,No,60,received refund,1
9333-WYQPN,2025-12-26,Yes,92,service issue,1
1142-WHWHD,2025-12-27,No,86,demaned refund,1
8206-LNZVM,2025-12-27,No,95,No comment,1
3000-FZLLC,2025-12-27,No,26,received refund,1
1109-KZSOX,2025-12-27,Yes,24,No comment,1
2784-HRFHJ,2025-12-27,Unknown,51,requested callback,1
9694-MLSOI,2025-12-27,No,20,happy with service,1
9158-MPKZC,2025-12-27,Yes,19,No comment,1
9033-OOAFS,2025-12-27,Yes,87,No comment,1
6107-BREUD,2025-12-27,Yes,94,demaned refund,1
3542-MJUQF,2025-12-27,Yes,50,happy with service,1
0436-NEAYS,2025-12-27,Unknown,18,app not working,2
0104-JYFUW,2025-12-27,No,34,requested callback,1
4868-FWVEG,2025-12-27,No,87,paymnt failed,1
8049-GFJKF,2025-12-27,Yes,96,demaned refund,1
8676-OLMCI,2025-12-27,No,34,demaned refund,1
4952-ULTPO,2025-12-27,No,58,happy with service,1
7596-CVNBE,2025-12-27,Yes,33,happy with service,1
8812-EGNJD,2025-12-27,Yes,69,No comment,1
3585-NGOTV,2025-12-27,Yes,55,demaned refund,1
7409-SIRKT,2024-01-21,Yes,70,No comment,1
8422-PXRBT,2024-01-21,Yes,53,received refund,2
6214-HONUB,2023-02-21,Yes,70,received refund,1
0487-FZIJS,2023-02-21,No,61,No comment,1
4489-HJVZH,2025-02-21,Yes,16,No comment,2
9114-JPFBA,2024-03-21,Yes,51,received refund,1
4957-UCYDM,2024-04-21,No,52,requested callback,1
5692-FNNTZ,2023-05-21,Unknown,95,service issue,2
7903-KCEYS,2024-05-21,Unknown,91,received refund,1
1492-EHYVD,2025-05-21,Yes,72,paymnt failed,2
0350-VQGTD,2023-07-21,Yes,30,service issue,2
2909-EVPZV,2025-08-21,No,59,guidance to renew,2
1823-OEUAR,2025-09-21,Yes,40,paymnt failed,1
0436-PNWLR,2023-10-21,Yes,27,billing complaint,1
2191-PAQCM,2025-10-21,Yes,71,No comment,2
2840-HNRYY,2025-11-21,Unknown,69,paymnt failed,2
3503-MGUAS,2023-12-21,No,86,demaned refund,2
1571-SQQYA,2023-12-21,No,71,requested callback,1
6529-HYKOB,2024-12-21,No,61,No comment,2
7898-HVRLI,2025-12-21,Yes,20,requested callback,1
2576-OEVCZ,2025-12-21,Unknown,72,paymnt failed,1
8974-JMCWR,2023-01-22,Yes,18,app not working,1
6325-JZFTN,2024-01-22,No,50,requested callback,1
6736-HXUFG,2025-02-22,Yes,56,guidance to renew,2
4013-GVFUK,2024-03-22,No,70,happy with service,1
5591-LSACB,2023-04-22,Yes,71,demaned refund,1
2215-EUXVX,2025-04-22,No,59,No comment,1
4387-KZMEP,2025-04-22,No,87,app not working,1
8175-ZDEOQ,2023-06-22,No,24,app not working,1
9737-UNBJX,2025-06-22,Yes,41,paymnt failed,1
9741-YMGCO,2025-08-22,Yes,16,service issue,1
6546-ZNIEE,2025-09-22,Yes,35,guidance to renew,2
9762-TWMLH,2023-10-22,No,80,requested callback,2
6159-YSAQM,2023-11-22,No,80,requested callback,1
1265-OMPJS,2024-11-22,Yes,26,demaned refund,1
4297-XDVAD,2023-12-22,No,65,paymnt failed,1
0779-CGCFI,2024-12-22,Yes,38,service issue,1
8988-UTYRJ,2023-02-23,Yes,56,requested callback,1
9076-PMNFC,2024-02-23,Yes,23,No comment,1
3130-RRKKI,2025-02-23,No,49,No comment,1
8466-RWKCE,2024-03-23,No,75,guidance to renew,1
5834-BEKWB,2023-04-23,Yes,4,No comment,2
9517-ANSHB,2025-04-23,Unknown,69,app not working,2
8055-DUUCR,2024-05-23,Yes,76,billing complaint,2
9088-YUOHB,2023-06-23,Yes,53,demaned refund,1
7446-QPHIR,2023-06-23,No,12,requested callback,1
9818-PBGOS,2024-06-23,Unknown,37,No comment,1
0814-JMSQH,2025-06-23,Yes,11,service issue,2
9829-ACUHN,2025-06-23,Yes,14,paymnt failed,1
3614-VTJXO,2023-07-23,No,79,requested callback,1
8032-FVRCY,2024-07-23,Yes,21,billing complaint,1
3984-ZHGBG,2025-07-23,No,14,received refund,2
8559-RJNPC,2025-07-23,No,95,billing complaint,2
5912-SSNXE,2024-08-23,Yes,78,happy with service,1
3413-XKWHO,2025-08-23,Unknown,25,billing complaint,2
7029-XKAXT,2025-09-23,No,58,received refund,1
7012-GUYEM,2023-11-23,No,57,guidance to renew,1
0060-NKKUG,2024-11-23,Yes,39,service issue,1
7872-NEYTR,2024-01-24,Yes,30,paymnt failed,1
6701-JRGQC,2024-03-24,No,35,guidance to renew,1
0750-IYIEL,2024-03-24,Yes,49,happy with service,1
7223-ANQYB,2025-03-24,Yes,6,service issue,2
0481-AYITR,2025-04-24,Yes,48,received refund,1
7149-IAAOB,2023-05-24,No,72,service issue,2
4904-FXIAI,2025-06-24,No,9,service issue,2
3869-ADGSU,2024-07-24,No,74,No comment,1
9460-UUCDP,2025-08-24,No,10,demaned refund,1
4264-UEDWK,2024-09-24,Yes,83,requested callback,1
6541-FXQBQ,2024-11-24,No,82,received refund,1
0358-ACKXC,2025-11-24,Yes,36,app not working,1
0341-HQGOB,2024-01-25,Yes,68,guidance to renew,1
3381-LBMAZ,2024-01-25,Yes,47,No comment,1
5112-UDVWH,2025-01-25,Yes,83,No comment,3
4627-KQCPZ,2025-01-25,Yes,99,demaned refund,1
0419-EYOBE,2023-02-25,Unknown,2,happy with service,1
0595-IFSQL,2025-02-25,Yes,43,requested callback,2
8407-TNOSY,2023-03-25,Yes,11,happy with service,1
8014-XBDVB,2025-03-25,No,2,requested callback,1
4256-YKOAJ,2025-04-25,Unknown,46,billing complaint,1
9336-GSPXZ,2025-04-25,No,62,app not working,2
2832-SBFCY,2023-05-25,Yes,84,demaned refund,2
1054-EVHWL,2023-05-25,Yes,84,billing complaint,2
7002-ASMGC,2023-06-25,No,53,billing complaint,2
9166-SWQKD,2024-06-25,No,11,paymnt failed,1
8712-GMJJT,2025-06-25,No,29,guidance to renew,1
6292-BUKZR,2025-07-25,Yes,55,demaned refund,1
3162-FSCKO,2025-07-25,Yes,49,paymnt failed,2
1878-RNCBW,2025-08-25,Unknown,34,service issue,2
0515-HFIXQ,2025-10-25,No,94,guidance to renew,2
2220-GMNVM,2024-11-25,Yes,49,requested callback,2
6651-DTGPR,2024-11-25,Yes,14,requested callback,1
2052-MCYEU,2025-11-25,Yes,4,No comment,1
8366-HTZOU,2023-01-26,Yes,9,app not working,1
6219-AETPR,2025-01-26,No,97,No comment,1
9806-GNULR,2023-02-26,No,4,No comment,1
9513-MNRZF,2024-03-26,Yes,5,guidance to renew,2
1875-ROMAB,2025-03-26,Yes,89,app not working,1
7352-LYFUZ,2025-06-26,Yes,16,requested callback,2
5659-NVAPM,2023-07-26,No,51,demaned refund,1
4818-LJIGR,2023-07-26,No,48,paymnt failed,1
8558-UWPIR,2025-08-26,Yes,91,demaned refund,2
7567-OXNGQ,2025-09-26,No,27,received refund,1
9702-HBDNR,2023-10-26,No,76,paymnt failed,2
5748-FEQNU,2024-10-26,Unknown,73,demaned refund,2
8467-WAIGK,2024-10-26,Yes,85,received refund,1
2261-KRCTS,2025-10-26,No,41,app not working,1
9152-SDAEN,2024-11-26,Yes,84,No comment,1
7715-ENYWQ,2024-12-26,No,68,app not working,1
0210-PTNSD,2023-01-27,No,16,service issue,1
6006-KVFWC,2023-01-27,No,82,paymnt failed,2
4510-AKKUV,2024-01-27,Yes,13,requested callback,1
9545-KPWDY,2024-01-27,No,88,received refund,1
8603-AOIAF,2023-02-27,No,86,No comment,1
6152-BDGQQ,2023-03-27,Yes,86,No comment,1
4087-ZCIHW,2024-03-27,Yes,96,service issue,1
6266-UMKZB,2025-03-27,Yes,99,No comment,1
2561-WDUEU,2025-04-27,No,88,No comment,1
5127-VJWIE,2024-05-27,Unknown,92,demaned refund,1
4328-GKBOW,2025-05-27,Yes,99,paymnt failed,2
7715-JIZZB,2023-06-27,Yes,49,received refund,1
5485-XJMDV,2023-06-27,Yes,97,happy with service,1
7583-JRCFF,2023-07-27,Yes,19,paymnt failed,2
5644-VKLEY,2024-07-27,No,29,app not working,1
2736-IZLCE,2025-08-27,Yes,89,service issue,1
3336-FHMTL,2025-09-27,No,21,billing complaint,1
4486-AVXIZ,2023-10-27,No,6,received refund,2
4155-HASQR,2023-12-27,No,9,No comment,2
2008-ALUWG,,Yes,78,service issue,1
7867-OYABU,,No,0,guidance to renew,2
6671-KOPBY,,Yes,21,app not working,2
3230-JVSTP,,Yes,81,No comment,1
5984-EOIQE,,No,5,guidance to renew,2
1772-NNPRO,,Yes,40,demaned refund,1
9838-VHAVM,,Yes,81,requested callback,1
9040-HYQGS,,Unknown,68,received refund,1
1294-PFYJG,,No,22,service issue,1
6289-MOLZP,,Yes,4,happy with service,2
9290-AFBVR,,Yes,35,service issue,2
0065-VQUGW,,Yes,52,app not working,1
9279-JXYLI,,Yes,29,paymnt failed,1
7968-QFADI,,No,30,paymnt failed,2
9703-EISFZ,,No,49,guidance to renew,1
3280-PMCWR,,No,35,No comment,1
3753-MTOZV,,Unknown,28,paymnt failed,2
8692-MPXZV,,Yes,14,No comment,2
4092-JNFIF,,No,62,service issue,1
3302-KGOPT,,Yes,91,demaned refund,1
9605-EMEOK,,Unknown,83,billing complaint,2
7325-PJXHV,,No,1,guidance to renew,2
9622-MTKSI,,No,34,service issue,1
5431-LFUGY,,No,42,service issue,2
1358-JMPSK,,Unknown,25,received refund,1
8586-UPARB,,No,55,No comment,1
0899-RIBFW,,No,38,demaned refund,2
2211-GNLNV,,Yes,33,guidance to renew,1
9460-ZHPKA,,Yes,49,app not working,2
6580-AZKIY,,Yes,31,demaned refund,2
0896-KAGET,,Yes,30,service issue,1
4290-KIBSD,,Yes,47,paymnt failed,2
5916-GQIUX,,Unknown,10,demaned refund,2
1152-NYMQU,,Yes,56,happy with service,1
2974-NMCPT,,Yes,83,No comment,1
9969-RNBVU,,Yes,47,No comment,1
6669-ZEMDV,,Yes,49,No comment,1
9153-WPKIE,,Yes,69,service issue,1
2496-ADTWM,,No,88,received refund,1
1863-KIMTX,,Unknown,34,requested callback,1
0943-WWLBY,,No,20,No comment,1
1313-ESTQN,,Yes,27,demaned refund,2
8175-BRBNE,,Yes,70,No comment,1
3641-UXJLA,,Yes,67,requested callback,1
9341-VPQPW,,Yes,49,happy with service,1
7802-GALOC,,Yes,73,requested callback,1
4898-UHIHW,,Yes,67,requested callback,1
0648-VWLBD,,No,69,requested callback,1
7376-CYJEQ,,No,86,received refund,1
4717-GTFFM,,Yes,9,service issue,1
6118-DUWHG,,No,36,service issue,1
4438-XXURX,,Yes,36,service issue,1
3944-NVOEP,,Yes,24,No comment,2
2678-UHWBN,,No,58,billing complaint,1
6871-GDBRX,,Yes,98,billing complaint,1
6522-GWRFI,,No,2,paymnt failed,1
9927-ADQNA,,No,55,service issue,2
6113-TOYPP,,Yes,81,requested callback,2
3081-FCDFM,,Unknown,64,paymnt failed,2
4194-ABKUC,,Yes,22,guidance to renew,1
7954-CAYEP,,No,39,No comment,2
3376-DKFWN,,Unknown,69,happy with service,2
0959-UNHAW,,No,81,paymnt failed,2
9397-LLRGT,,Yes,50,service issue,1
3003-HLUWA,,Yes,3,demaned refund,1
6427-LORWN,,No,32,received refund,2
9006-DLEQF,,Yes,95,billing complaint,1
8146-DXGZD,,Yes,76,paymnt failed,1
4483-KMXQO,,Unknown,53,No comment,1
6033-GXZYI,,No,75,received refund,1
0633-SZERU,,Yes,42,happy with service,1
8383-QQNNC,,No,96,demaned refund,2
9899-PJYFM,,No,67,service issue,1
8441-LGKUT,,Yes,62,No comment,2
2368-JJCDY,,Yes,86,app not working,2
3550-MNEME,,Unknown,94,billing complaint,1
3621-DQPSD,,Unknown,45,received refund,2
7357-WBNEQ,,No,29,requested callback,2
9566-NCRNH,,Yes,39,guidance to renew,1
3145-XCRMR,,No,89,received refund,1
3534-JBHDM,,No,91,paymnt failed,1
0968-YJBTS,,Unknown,96,No comment,1
2160-TGRGM,,No,42,requested callback,2
0709-OGQTU,,No,45,happy with service,1
8390-GSLXP,,Yes,29,demaned refund,1
4392-HVNCU,,No,92,billing complaint,1
6758-EEBYO,,Unknown,68,No comment,1
0903-YSCXM,,No,53,paymnt failed,2
1009-SHMIQ,,Yes,8,No comment,1
5258-AFEFW,,No,39,received refund,1
0895-NDLMD,,Yes,26,guidance to renew,2
8497-VQCOV,,Yes,17,guidance to renew,2
4712-AORNQ,,No,25,guidance to renew,2
5963-AYWQA,,Yes,22,service issue,2
9189-CSNUV,,Yes,40,service issue,1
4961-KHAGG,,No,45,No comment,1
3402-XOUMR,,No,75,happy with service,1
4104-PLFBA,,Yes,7,received refund,1
8570-BOHHH,,No,88,requested callback,1
6738-VRKAH,,Yes,66,paymnt failed,1
0463-DNCZK,,No,28,app not working,1
8714-ZLSDP,,No,90,billing complaint,1
2740-CVCFZ,,Yes,13,demaned refund,2
9093-VXRIM,,No,30,No comment,2
4644-GTUWJ,,No,48,service issue,2
7345-ITBTL,,Yes,54,No comment,1
8911-GOMYH,,Yes,95,service issue,1
6213-RUNDX,,Unknown,33,billing complaint,2
4435-YIKTI,,Yes,49,No comment,1
6189-NIIGT,,No,39,demaned refund,1
3425-RCYJU,,Unknown,74,No comment,1
2002-KFBKG,,Unknown,85,requested callback,2
7590-QMUJX,,No,45,billing complaint,1
4558-RZNAF,,Yes,37,No comment,1
1578-GZFES,,Yes,0,happy with service,1
6486-PMVLG,,Yes,12,No comment,1
1232-YACPC,,No,86,requested callback,1
6114-QHGMS,,No,65,billing complaint,1
7656-ZLQCH,,Yes,91,paymnt failed,2
3638-PBIFK,,Unknown,5,service issue,1
7151-GHHEG,,Unknown,7,No comment,2
6515-KENFS,,Yes,38,demaned refund,1
1841-HUIMO,,No,27,received refund,1
5678-QKPPX,,Yes,69,received refund,1
2094-UPHBH,,No,18,received refund,2
6503-FSFRF,,No,49,No comment,1
5969-LZCAW,,No,51,billing complaint,2
7438-SHBJI,,Unknown,79,No comment,1
2402-FPJCH,,Yes,77,received refund,3
6417-PCPCW,,Yes,31,paymnt failed,2
5370-ORPRW,,No,62,No comment,2
4293-DFASY,,Yes,54,demaned refund,1
6882-THWSK,,Yes,22,happy with service,2
0425-BZGPB,,Unknown,92,requested callback,2
1439-UWKDO,,Yes,59,guidance to renew,2
0117-CWSPJ,,No,12,guidance to renew,1
2045-AETWG,,No,39,billing complaint,1
6190-ODJNM,,Yes,54,No comment,2
8953-VGRXD,,Unknown,82,guidance to renew,1
3330-LFEBT,,Yes,51,app not working,1
7681-AXFDH,,Yes,79,service issue,1
1632-HVNOO,,No,66,No comment,2
3455-IHIOK,,No,17,No comment,1
7385-VKFWE,,Yes,88,app not working,1
3467-MLRBI,,Yes,77,No comment,1
8897-DZEAD,,No,14,billing complaint,2
1964-YMRLD,,No,49,app not working,1
6195-EDUVZ,,No,78,requested callback,2
2621-ESENW,,No,33,service issue,2
8984-HITEM,,Yes,96,paymnt failed,1
2708-KLJQL,,Yes,75,No comment,1
1511-UWBAP,,Yes,13,No comment,1
4665-DBQMR,,Yes,93,requested callback,2
0744-IHUNT,,Yes,26,billing complaint,2
7460-JVPKF,,No,91,requested callback,1
9578-LQJEE,,No,45,service issue,1
6633-EBRDI,,Yes,15,happy with service,1
6847-FJRJP,,Yes,51,No comment,2
7769-VSNPN,,Yes,52,No comment,2
0459-RWYNY,,Yes,20,service issue,2
3696-RYIOU,,Yes,33,service issue,2
1842-YXHJQ,,No,79,app not working,2
1079-LRVDY,,No,11,happy with service,1
7538-NUPTI,,No,49,happy with service,1
6788-KYLUU,,No,91,guidance to renew,2
2027-KDFMA,,No,62,happy with service,1
1320-RDQKU,,Yes,10,guidance to renew,2
6749-TGQUL,,Yes,84,app not working,1
6011-KSCVB,,Yes,27,No comment,2
1733-OIFPU,,No,55,No comment,2
9062-AEXED,,No,23,guidance to renew,2
7932-CXQBE,,Yes,34,No comment,1
7174-OBBNX,,Unknown,6,happy with service,1
4750-KRAIQ,,No,89,demaned refund,1
8452-JDPLR,,Yes,54,service issue,2
2185-MFWTX,,Yes,99,app not working,2
8046-YNIHZ,,Yes,78,No comment,1
2221-GMRUA,,No,47,app not working,1
2361-MZXFM,,Unknown,29,paymnt failed,1
3147-ZEQNY,,Yes,96,happy with service,1
3283-NMNIC,,Unknown,47,app not working,1
9940-FCMET,,No,80,guidance to renew,1
4505-PYXFN,,No,41,paymnt failed,2
9211-JOARX,,No,12,service issue,1
9552-FFGTS,,Yes,37,billing complaint,1
8355-HGIRM,,Yes,54,app not working,1
5233-WZZQI,,Yes,8,No comment,1
8839-AUZQA,,Yes,49,demaned refund,1
3460-FSTGQ,,Yes,49,guidance to renew,2
9792-VHRPF,,Yes,54,No comment,1
6965-LBHZU,,Yes,39,No comment,1
4184-DHAXW,,No,86,billing complaint,3
5401-URMPN,,No,68,service issue,1
9144-ZQACP,,Yes,5,No comment,1
2916-AKTWB,,No,13,paymnt failed,1
1580-BQTKK,,No,33,requested callback,1
3129-DMEQR,,Yes,7,requested callback,1
5010-ZYTWY,,Yes,65,app not working,1
1525-ZRLJO,,Unknown,49,received refund,2
7907-NWZFJ,,No,82,No comment,2
9012-QEVGD,,Yes,68,billing complaint,1
4323-WKDHF,,Yes,7,No comment,1
6011-LBGZC,,No,37,No comment,1
4189-QSUVF,,Unknown,85,demaned refund,2
7836-VWUXJ,,Yes,15,guidance to renew,1
9224-CWCQT,,Yes,19,No comment,1
1403-CONQV,,Yes,98,No comment,1
8113-KMZCG,,Yes,24,requested callback,2
3127-AVMXY,,Yes,55,app not working,2
3453-FJVJN,,Yes,50,No comment,1
5970-LGKBV,,Yes,49,billing complaint,1
7821-YKTEX,,No,86,guidance to renew,2
6867-ZOKVW,,Yes,88,service issue,1
5783-MVBQZ,,No,94,No comment,1
3655-JBFMM,,Yes,85,guidance to renew,1
2926-WFPFE,,Yes,21,No comment,1
5222-BOYUC,,Yes,24,billing complaint,2
4931-SLTPK,,No,10,billing complaint,1
7124-ZAOTC,,No,96,No comment,2
7484-ETRTY,,No,55,happy with service,2
7551-TPHRU,,No,59,guidance to renew,1
9008-QMHAI,,Yes,55,service issue,2
0462-VSMCS,,Yes,1,app not working,1
0877-VRPOF,,No,76,No comment,1
2422-VYKDT,,Yes,70,billing complaint,1
8761-BTXKE,,No,44,service issue,1
9513-TDCTT,,No,87,requested callback,1
8793-QLJBL,,No,1,received refund,2
5088-VFJQC,,No,21,requested callback,1
3474-OSFKE,,Yes,20,billing complaint,2
9381-OLEOZ,,No,65,received refund,1
0487-QSSFK,,Yes,3,app not working,1
3679-NOIEV,,No,37,service issue,2
7707-HTBZP,,No,8,app not working,1
2527-OFKEV,,Yes,49,No comment,1
6642-DBWZL,,No,46,happy with service,1
2912-GMOND,,Unknown,53,No comment,1
4867-HIROS,,Yes,44,No comment,1
6133-REREV,,Yes,81,No comment,2
4385-HHZFB,,Unknown,42,service issue,2
3231-EFNJK,,No,51,No comment,2
7384-YVNGX,,Yes,90,billing complaint,1
0193-LYWPQ,,No,78,No comment,1
1373-RQHXE,,No,97,No comment,1
4318-CZMVK,,No,66,happy with service,1
9340-KMFDZ,,No,9,received refund,2
9988-EVZCD,,Unknown,52,No comment,1
2116-VGFLL,,No,38,app not working,2
4489-EHMPV,,Yes,39,demaned refund,2
9381-SSQFV,,Unknown,85,No comment,2
2677-IMUSO,,No,42,demaned refund,1
2084-MSFGP,,Yes,61,paymnt failed,2
5400-YNKLH,,Yes,96,guidance to renew,1
7869-OYDSK,,No,25,service issue,1
4027-HZADT,,Yes,7,billing complaint,2
1989-PQZQG,,No,55,app not working,1
9083-CJBRU,,No,29,No comment,1
0716-HDJKS,,No,63,requested callback,2
5370-VDSYN,,Yes,95,app not working,1
8667-FGOSN,,Unknown,35,No comment,2
7823-SGKZZ,,Yes,99,service issue,1
6527-DVMLX,,Yes,87,No comment,1
8619-UFVSN,,No,11,service issue,1
5015-SACVK,,No,97,happy with service,2
4165-LQMRS,,No,64,No comment,2
0628-FZAMW,,No,27,billing complaint,1
2774-DKVUF,,No,43,No comment,1
9058-ESATU,,Yes,92,app not working,1
2330-FRMRR,,No,99,paymnt failed,2
7522-NNWUE,,Yes,50,service issue,3
4928-AOWBM,,Yes,27,No comment,2
7213-SBETQ,,Yes,92,No comment,1
8584-UKOWI,,Yes,52,No comment,2
6468-DLORA,,No,54,billing complaint,1
4672-QPHRR,,Unknown,89,app not working,2
6658-MYORP,,Yes,49,No comment,1
6862-DNPYG,,No,92,received refund,2
9855-UZSPG,,Unknown,71,received refund,1
3245-HBGDV,,No,98,guidance to renew,1
4753-FKSNU,,No,12,paymnt failed,2
0563-JHXEV,,No,18,No comment,2
1258-EVVTO,,No,86,happy with service,1
0145-AUANO,,Yes,2,billing complaint,2
6665-VIICA,,Yes,25,app not working,1
8327-AVFAH,,Yes,95,billing complaint,1
1354-BKEZC,,No,49,demaned refund,1
5424-XDNXB,,No,88,requested callback,1
1610-UVQIF,,No,53,demaned refund,1
4036-PJACI,,Unknown,39,demaned refund,2
1869-QJXHA,,No,53,demaned refund,1
4985-UMVDC,,Yes,67,received refund,1
6733-FRCKZ,,Unknown,80,requested callback,2
7733-IKXGV,,Yes,43,demaned refund,1
9282-THPGX,,No,85,billing complaint,1
3273-OTFTB,,No,8,paymnt failed,1
9562-LCNOE,,No,86,happy with service,1
2322-ONVBL,,No,62,received refund,1
2814-FKZMI,,Yes,14,No comment,1
4268-FGWNG,,No,41,No comment,1
3358-KPCUF,,Yes,87,guidance to renew,1
9704-RJXNL,,Yes,71,No comment,1
3771-VWOHW,,Yes,63,received refund,1
9432-WDQCN,,No,53,requested callback,1
7431-FWAGJ,,Yes,32,requested callback,1
0482-BLGXI,,Yes,79,service issue,1
2446-WHTXJ,,Unknown,3,app not working,2
7426-ITTVV,,Yes,8,guidance to renew,2
3811-WGAMW,,No,38,guidance to renew,1
1469-XOBVG,,Unknown,10,demaned refund,1
6406-EGGYQ,,Yes,72,demaned refund,2
0177-TRGRO,,Yes,57,billing complaint,1
4204-NAKAC,,No,16,app not working,2
9903-LISZT,,No,39,paymnt failed,1
4070-JTPZH,,Unknown,58,guidance to renew,2
5648-UIUMQ,,Unknown,25,app not working,1
8840-RJCKW,,Yes,45,No comment,2
1822-XNBIY,,Unknown,1,No comment,1
4115-HLKUG,,Yes,70,app not working,1
9092-ZQNMK,,Unknown,60,No comment,1
5674-PEOGE,,Yes,18,No comment,1
2116-YPKHS,,No,25,paymnt failed,1
2865-MOIKN,,Unknown,17,paymnt failed,1
9524-ESSSH,,Yes,85,app not working,1
0150-LCLNU,,Yes,21,received refund,1
0798-OUTEN,,No,40,service issue,2
1082-PWFBO,,No,49,service issue,1
9786-QCPBZ,,Yes,6,demaned refund,2
7512-LZPQN,,Yes,21,No comment,1
5431-MPSYU,,Yes,59,No comment,1
0243-UBMAU,,No,31,No comment,1
3255-GTMKW,,No,44,received refund,1
2706-NMZXM,,No,34,requested callback,1
5988-RARTT,,Yes,24,happy with service,1
8527-WSVDR,,Yes,29,service issue,1
2481-HCEGE,,Yes,32,demaned refund,2
1937-LGTZR,,Unknown,40,paymnt failed,1
3228-DRLBH,,Yes,34,billing complaint,2
0286-WSRCZ,,Yes,45,paymnt failed,1
9149-MIPLI,,Unknown,73,No comment,1
9305-TJPWD,,No,76,No comment,1
5168-EPFRM,,No,85,app not working,2
4180-VPEVS,,No,91,happy with service,1
1437-XOOGW,,Yes,34,paymnt failed,1
9836-VLXYC,,Yes,21,No comment,1
4390-VGYSS,,No,7,No comment,2
9432-HCXXJ,,Yes,70,service issue,2
3503-ELQYU,,Yes,2,No comment,1
8814-LZPDM,,No,78,received refund,2
8798-RXQSR,,Yes,37,requested callback,2
6888-VDYFA,,Unknown,9,No comment,2
7318-EUSAJ,,No,37,billing complaint,1
4508-OQJVS,,No,65,happy with service,1
5602-ZBBIQ,,No,31,happy with service,2
6663-IFAVT,,No,34,app not working,1
2149-KNEBQ,,No,52,service issue,2
2127-PSHRD,,Unknown,87,No comment,1
7988-RQPHI,,No,38,service issue,2
2633-VQIPU,,No,2,No comment,1
6281-WTTKD,,No,89,service issue,2
8700-QHOCA,,No,63,app not working,1
8785-GVEZH,,Yes,79,billing complaint,2
3849-PWDPO,,Yes,56,paymnt failed,2
4453-NHUNP,,Yes,88,demaned refund,1
1644-YWFPE,,No,43,service issue,1
1857-OBNFE,,Yes,22,No comment,1
3876-CENNX,,No,61,guidance to renew,1
2286-ASMXM,,No,17,No comment,1
2368-RLPIX,,No,65,No comment,2
7425-UKBYV,,No,83,No comment,2
4968-ARQCJ,,Unknown,78,requested callback,2
1973-NHNZQ,,Yes,33,No comment,2
7013-WAXDE,,No,42,demaned refund,2
2081-MURHP,,No,15,billing complaint,1
7006-ANJGI,,No,95,received refund,1
3007-YFUMR,,Yes,34,No comment,1
